"Document Title",Authors,"Author Affiliations","Publication Title",Date Added To Xplore,"Publication Year","Volume","Issue","Start Page","End Page","Abstract","ISSN",ISBNs,"DOI",Funding Information,PDF Link,"Author Keywords","IEEE Terms","Mesh_Terms",Article Citation Count,Patent Citation Count,"Reference Count","License",Online Date,Issue Date,"Meeting Date","Publisher",Document Identifier
"Convoy_DTN: A Security Interaction Engine Design For Digital Twin Network","M. Chen; J. Shao; S. Guo; L. Su; H. Du","China Mobile Research Institute, Beijing, China; China Mobile Research Institute, Beijing, China; China Mobile Research Institute, Beijing, China; China Mobile Research Institute, Beijing, China; China Mobile Research Institute, Beijing, China",2021 IEEE Globecom Workshops (GC Wkshps),"24 Jan 2022","2021","","","1","5","A digital twin is a real-time representation of physical assets in a digital world. In future 6G networks, digital twin as the key technology will be widely used in intelligent manufacturing, smart city and scientific research etc., forwarding the whole society towards a ""digital twin"" world combining virtualization and reality. Just like the real network, the Digital Twin Network (DTN) will also face security risks and various attacks. In the DTN, the wrong instruction distribution from the twin network to physical network will directly affect the real world and cause chaos, so it is necessary to ensure the security of interaction interface. In this paper, we propose a security interaction engine named Digital Twin Protection Function (DTPF) to guarantee the confidentiality, integrity, stability and non-reputation of messages during DTN policy distribution, which can provide a reference for securing the development of DTN.","","978-1-6654-2390-8","10.1109/GCWkshps52748.2021.9682031","","https://ieeexplore.ieee.org/stamp/stamp.jsp?arnumber=9682031","Digital Twin Network;6G;Security risks;Security requirements;DTPF","Industries;6G mobile communication;Privacy;Smart cities;Digital twin;Stability analysis;Real-time systems","","8","","17","IEEE","24 Jan 2022","7-11 Dec. 2021","7-11 Dec. 2021","IEEE","IEEE Conferences"
"Efficient Data Encryption Scheme Based CP-ABE for Digital Twin Network in 6G","R. Yan; L. Su; H. Du; K. Wang","China Mobile Research Institute, Beijing, China; China Mobile Research Institute, Beijing, China; China Mobile Research Institute, Beijing, China; China Mobile Research Institute, Beijing, China",2025 8th World Symposium on Communication Engineering (WSCE),"29 Dec 2025","2025","","","113","118","The digital twin comprehensively utilizes technologies such as perception, computing, modeling, simulation, and communication to achieve real-time interaction between physical entities and virtual replicas, and is becoming an enabling technology for building next-generation mobile communication networks. In the 6G network, digital twin will be widely applied in fields such as automation, industry 5.0, utility management, healthcare, leading the entire society towards a “digital twin” world that combines virtual and reality. The 6G network will provide massive device connection services, and massive data will be collected and used in digital twin networks. It is necessary to design more efficient methods for secure interaction between physical entities and virtual replicas. In the paper, data encryption scheme based on attribute-based encryption in digital twin network was studied, which improves the efficiency of data collection and usage by reducing the number of data encryption and decryption, and provides fine-grained data access control capabilities. Finally, the performance of the proposed scheme was evaluated through experiments. As the data transmission volume increases, the efficiency improvement of the proposed scheme becomes more significant.","2835-3404","979-8-3315-6843-6","10.1109/WSCE68305.2025.11300674","","https://ieeexplore.ieee.org/stamp/stamp.jsp?arnumber=11300674","Digital twin;6G;Security;Attribute encryption","6G mobile communication;Performance evaluation;Medical services;Network security;Real-time systems;Digital twins;Encryption;Data communication;Protection;Next generation networking","","","","15","IEEE","29 Dec 2025","7-9 Nov. 2025","7-9 Nov. 2025","IEEE","IEEE Conferences"
"Native Design for 6G Digital Twin Network: Use Cases, Architecture, Functions, and Key Technologies","G. Liu; Y. Zhu; M. Kang; L. Yue; Q. Zheng; N. Li; Q. Wang; Y. Huang; X. Wang","China Mobile Research Institute, Beijing, China; China Mobile Research Institute, Beijing, China; China Mobile Research Institute, Beijing, China; China Mobile Research Institute, Beijing, China; China Mobile Research Institute, Beijing, China; China Mobile Research Institute, Beijing, China; China Mobile Research Institute, Beijing, China; China Mobile Research Institute, Beijing, China; China Mobile Research Institute, Beijing, China",IEEE Internet of Things Journal,"24 Jul 2025","2025","12","15","29135","29151","The massive scale of deployment, hundreds of parameters, differentiated scenarios and interworking with existing mobile networks leads to high complexity and high cost of optimization, operation and maintenance of the 5th generation mobile network (5G), which inspires that 6th generation mobile network (6G) should support high level autonomy at the beginning of deployment. Digital twin network (DTN) technology, with its advantages of intelligent decision making, low-cost experimentation, and preverification, has emerged as a key enabling technology for autonomous network. To address the need for flexibility to fulfill more diverse scenarios and high-level autonomy toward 2030, this article discusses the typical usage cases of DTN, and proposes an innovative and native design for 6G DTN, encompassing logical framework, architecture, functions, and deployment modes. Furthermore, the efficient DTN Model Construction and Intelligent Orchestration and Management are introduced to enable fully automated and high-performance DTN tasks. Finally, the future direction for DTN research is presented.","2327-4662","","10.1109/JIOT.2025.3553500","National Key Research and Development Program of China(grant numbers:2022YFB2902100); ","https://ieeexplore.ieee.org/stamp/stamp.jsp?arnumber=10937141","6G;autonomous network;digital twin network (DTN);intelligent orchestration;model construction;native DTN","6G mobile communication;Optimization;Maintenance;Digital twins;Costs;Computational modeling;5G mobile communication;Quality of service;Performance evaluation;Artificial intelligence","","9","","33","IEEE","24 Mar 2025","1 Aug.1, 2025","","IEEE","IEEE Journals"
"5G-Advanced Redcap and Digital Twin Technologies for Emerging Iiot Applications","G. Gardašević; D. Milovanovic","Department of Telecommunications, Faculty of Electrical Engineering, University of Banja Luka, Bosnia and Herzegovina; University of Belgrade, Belgrade, Serbia",2025 31st International Conference on Telecommunications (ICT),"26 Jun 2025","2025","","","1","5","The evolution of 5G Advanced is accelerating future innovations and research efforts toward achieving 6G connectivity. The 5G-Advanced RedCap technology aims to bridge the gaps caused by the limited throughput and latency of LTE-M and NB-IoT while simplifying operations when the full capabilities of a 5G eMBB network are not necessary. 3GPP Release 18 introduces a series of enhancements designed to address the diverse requirements of advanced IoT devices and services. Recently, Network Digital Twin (NDT) technology has been recognized as a key enabler of advanced Smart Manufacturing and Smart City initiatives, creating opportunities for symbiotic operations with RedCap. This paper provides a detailed overview of the latest developments in the 5G-Advanced RedCap specifications. Furthermore, we propose integrating 5G-Advanced RedCap and NDT for planning, construction, operation, maintenance, and optimization of 5G verticals.","2993-1916","979-8-3315-1447-1","10.1109/ICT65093.2025.11046242","","https://ieeexplore.ieee.org/stamp/stamp.jsp?arnumber=11046242","5G-Advanced;RedCap;Digital Twin;Network Digital Twin;Industrial IoT","Training;Solid modeling;5G mobile communication;Smart cities;Virtual reality;Throughput;Digital twins;Wearable devices;Smart manufacturing;Industrial Internet of Things","","","","29","IEEE","26 Jun 2025","28-29 April 2025","28-29 April 2025","IEEE","IEEE Conferences"
"Multi-source Heterogeneous Data Processing Technology for Digital Twin Network","H. Yang; P. Lü; T. Sun; L. Lu; C. Zhou","Department of Basic Network Technology, China Mobile Research Institute, Beijing, China; Department of Basic Network Technology, China Mobile Research Institute, Beijing, China; Department of Basic Network Technology, China Mobile Research Institute, Beijing, China; Department of Basic Network Technology, China Mobile Research Institute, Beijing, China; Department of Basic Network Technology, China Mobile Research Institute, Beijing, China",2022 IEEE 22nd International Conference on Communication Technology (ICCT),"27 Mar 2023","2022","","","1829","1834","Digital Twin Network (DTN) is a fusion technology of digital twin and information communication, and the processing of multi-source heterogeneous physical network data is the key to building a DTN system. This paper firstly proposes the classification of physical network data and the collection requirements for different types of data; secondly, the physical network data processing process is divided into three steps: ©Data collection and transmission, propose “3 criteria” for selecting data collection protocol, and data transmission method to meet the “3 consistent” requirements of twin traffic and physical traffic; ©Data storage and cleaning, clarify the basis for selecting databases for different physical network data, and propose a data cleaning process; ©Data open service, propose, a set of complete data open service architecture is proposed. Finally, this paper is summarized and the future research directions are prospected.","2576-7828","978-1-6654-7067-4","10.1109/ICCT56141.2022.10073059","","https://ieeexplore.ieee.org/stamp/stamp.jsp?arnumber=10073059","digital twin network;multi-source heterogeneous data;data processing;6G network","Protocols;Costs;Databases;Architecture;Buildings;Memory;Data collection","","8","","23","IEEE","27 Mar 2023","11-14 Nov. 2022","11-14 Nov. 2022","IEEE","IEEE Conferences"
"Digital Twin Network based Network Slice Security Provision","K. Wang; H. Du; L. Su","China Mobile Research Institute, Beijing, China; China Mobile Research Institute, Beijing, China; China Mobile Research Institute, Beijing, China",2022 IEEE 2nd International Conference on Digital Twins and Parallel Intelligence (DTPI),"3 Jan 2023","2022","","","1","6","Network slice security is the prerequisite for introducing network slicing to vertical industries. There is gap between slice security requirements and different security capabilities that need to be provisioned during the slice lifecycle. An intelligent 5G slice security capabilities provisioning method is urgently needed to help provision the most suitable security capabilities of one slice dynamically according to the network status and the security target. This paper proposes digital-twin-based basic security functions and an autonomous 5G slice security capabilities provisioning solution in order to achieve KPI-driven dynamic slice security provision.","","978-1-6654-9227-0","10.1109/DTPI55838.2022.9998964","","https://ieeexplore.ieee.org/stamp/stamp.jsp?arnumber=9998964","5G;slicing;digital twin;security;provision","Industries;5G mobile communication;Network slicing;Digital twins;Security","","8","","17","IEEE","3 Jan 2023","24-28 Oct. 2022","24-28 Oct. 2022","IEEE","IEEE Conferences"
"A Multi-Dimensional Resource Cooperative Allocation Scheme Based on Wireless Digital Twin Network","Q. Zheng; G. Li; Y. Liu; Y. Gao; K. Cui; J. Liu","China Mobile Research Institute, ZGC Institute of Ubiquitous-X Innovation and Applications, Beijing, China; China Mobile Research Institute, Beijing, China; Beijing University of Posts and Telecommunications, Beijing, China; Beijing University of Posts and Telecommunications, Beijing, China; Beijing University of Posts and Telecommunications, Beijing, China; Beijing University of Posts and Telecommunications, Beijing, China",2023 IEEE Globecom Workshops (GC Wkshps),"21 Mar 2024","2023","","","2018","2024","In the future, 6G will have the characteristics of “network can reach everything, computing power is everywhere, and intelligence is everywhere”. Computing network convergence is the development trend of future mobile communication networks. Communication and computing will achieve deeper integration at the 6G network architecture and protocol level, and will bring potential problems of energy conservation. 6G wireless networks need communication and computing collaborative allocation scheme. At the same time, 6G has the characteristics of “high system, high complexity, high dynamic and high reliability and quality assurance”. The communication and computing collaborative allocation scheme needs to adapt to the dynamics and complexity of the 6G network, reduce the impact of allocation decisions on the network and improve the system performance while reducing the system energy consumption. In this paper, we propose a collaborative allocation scheme of computing resources based on the digital twin network, design the short-term and long-term prediction mechanism, the pre-verification and optimization mechanism of resource allocation scheme, and carry out simulation verification. This scheme can improve business performance, reduce system energy consumption, adapt to network changes faster, and reduce decision-making risk.","","979-8-3503-7021-8","10.1109/GCWkshps58843.2023.10464941","","https://ieeexplore.ieee.org/stamp/stamp.jsp?arnumber=10464941","digital twin network (DTN);integration of computing resources and network;6G;prediction","6G mobile communication;Energy consumption;Wireless networks;System performance;Collaboration;Digital twins;Complexity theory","","3","","11","IEEE","21 Mar 2024","4-8 Dec. 2023","4-8 Dec. 2023","IEEE","IEEE Conferences"
"Empowering 6G Communication Systems With Digital Twin Technology: A Comprehensive Survey","N. P. Kuruvatti; M. A. Habibi; S. Partani; B. Han; A. Fellan; H. D. Schotten","Department of Electrical and Computer Engineering, Division of Wireless Communications and Radio Navigation, Technische Universität Kaiserslautern, Kaiserslautern, Germany; Department of Electrical and Computer Engineering, Division of Wireless Communications and Radio Navigation, Technische Universität Kaiserslautern, Kaiserslautern, Germany; Department of Electrical and Computer Engineering, Division of Wireless Communications and Radio Navigation, Technische Universität Kaiserslautern, Kaiserslautern, Germany; Department of Electrical and Computer Engineering, Division of Wireless Communications and Radio Navigation, Technische Universität Kaiserslautern, Kaiserslautern, Germany; Department of Electrical and Computer Engineering, Division of Wireless Communications and Radio Navigation, Technische Universität Kaiserslautern, Kaiserslautern, Germany; Department of Electrical and Computer Engineering, Division of Wireless Communications and Radio Navigation, Technische Universität Kaiserslautern, Kaiserslautern, Germany",IEEE Access,"28 Oct 2022","2022","10","","112158","112186","The global roll-out phase of the fifth-generation of mobile communication systems is currently underway. The industry and academia have already begun research on potential sixth-generation (6G) communication systems. The 6G communication system is anticipated to provide network connectivity for an extensive range of use cases in a variety of emerging vertical industries. Consequently, a new set of challenging requirements and more stringent key performance indicators have to be considered, a novel architecture has to be designed, and unique enabling technologies shall be developed in order to fulfill the technical, regulatory, and business demands of the communication service customers. These requirements place enormous pressure on the players in the telecommunications industry, including network operators, service providers, hardware suppliers, standards development organizations (SDOs), and regulatory authorities aimed at developing, standardizing, and regulating an energy-efficient, cost-effective, performing, and sustainable 6G communication ecosystem. One area of focus for 6G communication systems is the digital twin (DT) technology, which is a well-defined set of tools designed to create virtual representations of physical objects that serve as their digital counterparts. This article explores the applicability of the DT technology in the context of 6G communication systems by viewing it as a promising tool to make research, development, operation, and optimization of the next-generation communication systems highly efficient. The major contribution of this article is fivefold. Firstly, we provide critical analysis of the state-of-the-art literature in the field of DT technology in order to capture its essence in several application areas since its inception. Secondly, we conduct a comprehensive survey of the research concerning the deployment of DT technology in 6G communication systems. Thirdly, we discuss potential use cases and key areas of applications (along with detailed examples) of 6G communication systems that can benefit from DT technology. Fourthly, we present an overview of the activities of several SDOs that are active in the field of DT technology. Finally, we identify several open research challenges and future directions that need to be addressed before the end-to-end deployment of DT technology in 6G communication systems.","2169-3536","","10.1109/ACCESS.2022.3215493","European Union’s Horizon 2020 Research and Innovation Program through the Project Hexa-X(grant numbers:101015956); ","https://ieeexplore.ieee.org/stamp/stamp.jsp?arnumber=9923927","5G;beyond 5G;6G;automation;communication systems;digital twinning;digital twin network;digital twin technology;intelligence;physical twin","6G mobile communication;Communication systems;Industries;5G mobile communication;Digital twins;Mobile communication;Communication networks","","156","","130","CCBY","19 Oct 2022","2022","","IEEE","IEEE Journals"
"A Digital Twin Network for Security Training in 5G Industrial Environments","S. Vakaruk; A. Mozo; A. Pastor; D. R. López","Universidad Politécnica de Madrid, Madrid, Spain; Universidad Politécnica de Madrid, Madrid, Spain; Universidad Politécnica de Madrid, Madrid, Spain; Telefónica I+d, Madrid, Spain",2021 IEEE 1st International Conference on Digital Twins and Parallel Intelligence (DTPI),"22 Sep 2021","2021","","","395","398","The evolution of next-generation mobile networks (5G, 6G…) is highly related to the latest virtualisation technology, which exposes it to new cyber-attack vectors. Therefore, there is an increasing need to train cybersecurity experts in the use of appropriate tools to prevent network attacks, especially those applied in mission-critical industrial environments. To meet this need, there are systems called cyber ranges that can be seen as an exemplification of a digital network twin. SPIDER is a cyber range specially oriented to train experts in next-generation network cybersecurity. In this paper we present how SPIDER is augmenting cyber range environments with ML tools, how it works and the way in which it can be used to train new experts.","","978-1-6654-3337-2","10.1109/DTPI52967.2021.9540146","","https://ieeexplore.ieee.org/stamp/stamp.jsp?arnumber=9540146","DTN;mobile network;machine learning;range;security;5G","Training;6G mobile communication;5G mobile communication;Digital twin;Conferences;Mission critical systems;Tools","","22","","12","IEEE","22 Sep 2021","15 July-15 Aug. 2021","15 July-15 Aug. 2021","IEEE","IEEE Conferences"
"Demo: At-Scale Deployment of Network Digital Twin on the Cloud for Network Configuration Validation","A. Abishek; L. G. Renom; R. Muñoz; A. R. Qureshi; A. Asensio; X. Masip-Bruin; R. Vilalta","Centre Tecnològic de Telecomunicacions de Catalunya - CERCA (CTTC-CERCA), Castelldefels, Spain; Centre Tecnològic de Telecomunicacions de Catalunya - CERCA (CTTC-CERCA), Castelldefels, Spain; Centre Tecnològic de Telecomunicacions de Catalunya - CERCA (CTTC-CERCA), Castelldefels, Spain; Advanced Network Architectures Lab (CRAAX), Universitat Polytecnica de Catalunya (UPC); Advanced Network Architectures Lab (CRAAX), Universitat Polytecnica de Catalunya (UPC); Advanced Network Architectures Lab (CRAAX), Universitat Polytecnica de Catalunya (UPC); Centre Tecnològic de Telecomunicacions de Catalunya - CERCA (CTTC-CERCA), Castelldefels, Spain",2025 4th International Conference on 6G Networking (6GNet),"1 Jan 2026","2025","","","36","38","This paper introduces a scalable Network Digital Twin (NDT) framework designed to mitigate the extensive compute demands typically associated with large-scale twinning of network topologies. The proposed approach enables efficient deployment of NDT instances without relying on High Performance Computing (HPC) infrastructure, thereby facilitating the modeling and analysis of complex network topologies using standard, cost-effective cloud resources.","","979-8-3315-5141-4","10.1109/6GNet68413.2025.11314126","","https://ieeexplore.ieee.org/stamp/stamp.jsp?arnumber=11314126","Network Digital Twin;Scalable;Distributed;Resilient","6G mobile communication;Cloud computing;Costs;High performance computing;Computational modeling;Computer architecture;Digital twins;Topology;Standards;Optimization","","","","5","IEEE","1 Jan 2026","17-19 Dec. 2025","17-19 Dec. 2025","IEEE","IEEE Conferences"
"Exploiting a Network Digital Twin to optimize B5G networks management. The OPTIMAIX approach","L. Diez; R. Agüero; J. Pérez-Romero; J. L. Gorricho; O. Sallent; J. Serrat; E. Fernández; J. Moreno; P. Pavon; I. González; A. Santiago; M. Richart; J. Baliosian; A. Muñiz; L. M. Contreras","Universidad de Cantabria, Santander, Spain; Universidad de Cantabria, Santander, Spain; Universitat Politècnica de Catalunya, Barcelona, Spain; Universitat Politècnica de Catalunya, Barcelona, Spain; Universitat Politècnica de Catalunya, Barcelona, Spain; Universitat Politècnica de Catalunya, Barcelona, Spain; E-lighthouse Network Solutions, Cartagena, Spain; E-lighthouse Network Solutions, Cartagena, Spain; E-lighthouse Network Solutions, Cartagena, Spain; Nemergent solutions, Bilbao, Spain; Nemergent solutions, Bilbao, Spain; Universitat Politècnica de Catalunya, Barcelona, Spain; Universidad de la República, Uruguay; Telefónica, Madrid, Spain; Telefónica, Madrid, Spain",2024 IEEE International Mediterranean Conference on Communications and Networking (MeditCom),"12 Aug 2024","2024","","","79","84","The rapid advancements in 5G and 6G networks call for novel solutions tackling network operation and management processes, which can effectively deal with the growing stringent requirements, as well as the remarkable service heterogeneity. In this context, Network Digital Twin (NDT) platforms are seen as a promising enabler for advanced network management solutions. In this work we introduce the NDT architecture that has been defined and developed within the OP-TIMAIX project, as an element of the broader Optimize-as-a-Service framework. In addition, the work describes how this NDT approach can be exploited to address a particular problem of the Radio Access Network, such as the joint decision of RAN centralization and resource management in multi-slice scenarios.","","979-8-3503-0948-5","10.1109/MeditCom61057.2024.10621391","Ministry of Economic Affairs; Universidad de Cantabria; ","https://ieeexplore.ieee.org/stamp/stamp.jsp?arnumber=10621391","NDT;5G;6G;centralization;slice;RRM","6G mobile communication;5G mobile communication;Digital twins;Resource management;Radio access networks","","","","26","IEEE","12 Aug 2024","8-11 July 2024","8-11 July 2024","IEEE","IEEE Conferences"
"A Digital Twin Network Approach for 6G Wireless Network Autonomy","J. Deng; L. Yue; H. Yang; G. Liu","China Mobile Research Institute, ZGC Institute of Ubiquitous-X Innovation and Applications, Beijng, China; China Mobile Research Institute, Beijng, China; School of Information and Communication Engineering Beijing, University of Posts and Telecommunications, Beijng, China; China Mobile Research Institute, ZGC Institute of Ubiquitous-X Innovation and Applications, Beijng, China",2023 IEEE International Conference on Communications Workshops (ICC Workshops),"23 Oct 2023","2023","","","415","420","The challenges of high energy consumption, high cost and low efficiency of mobile wireless communication network have not been effectively solved for years, and the future network will face the challenges of more diversified communication modes, service types, users and devices. Operators need a more comprehensive, intelligent, scalable and affordable network management system with a high level of autonomy. In this article, we propose a digital twin network approach to solve the above challenges and to realize a high level of autonomy for 6G wireless network. We introduce the basic concepts and components of digital twin network, clarify its technical characteristics and propose an end-to-end logical architecture, functionalities and the enabling technologies for the digital twin network. We also present two use cases where digital twin network is implemented. Finally, we put forward the key technical problems which need to be further studied.","2694-2941","979-8-3503-3307-7","10.1109/ICCWorkshops57953.2023.10283539","National Key RD Program of China(grant numbers:2022YFB2902100); ","https://ieeexplore.ieee.org/stamp/stamp.jsp?arnumber=10283539","digital twin network;autonomous network;network autonomy;mobile wireless network;6G","6G mobile communication;Energy consumption;Costs;Wireless networks;Conferences;Digital twins;Faces","","9","","12","IEEE","23 Oct 2023","28 May-1 June 2023","28 May-1 June 2023","IEEE","IEEE Conferences"
"Joint Design of Communication and Sensing for Beyond 5G and 6G Systems","T. Wild; V. Braun; H. Viswanathan","Nokia Bell Labs, Stuttgart, Germany; Nokia Cloud and Network Services, Stuttgart, Germany; Nokia Bell Labs, Murray Hill, NJ, USA",IEEE Access,"24 Feb 2021","2021","9","","30845","30857","The 6G vision of creating authentic digital twin representations of the physical world calls for new sensing solutions to compose multi-layered maps of our environments. Radio sensing using the mobile communication network as a sensor has the potential to become an essential component of the solution. With the evolution of cellular systems to mmWave bands in 5G and potentially sub-THz bands in 6G, small cell deployments will begin to dominate. Large bandwidth systems deployed in small cell configurations provide an unprecedented opportunity to employ the mobile network for sensing. In this paper, we focus on the major design aspects of such a cellular joint communication and sensing (JCAS) system. We present an analysis of the choice of the waveform that points towards choosing the one that is best suited for communication also for radar sensing. We discuss several techniques for efficiently integrating the sensing capability into the JCAS system, some of which are applicable with NR air-interface for evolved 5G systems. Specifically, methods for reducing sensing overhead by appropriate sensing signal design or by configuring separate numerologies for communications and sensing are presented. Sophisticated use of the sensing signals is shown to reduce the signaling overhead by a factor of 2.67 for an exemplary road traffic monitoring use case. We then present a vision for future advanced JCAS systems building upon distributed massive MIMO and discuss various other research challenges for JCAS that need to be addressed in order to pave the way towards natively integrated JCAS in 6G.","2169-3536","","10.1109/ACCESS.2021.3059488","","https://ieeexplore.ieee.org/stamp/stamp.jsp?arnumber=9354629","5G;beyond 5G;6G;air interface;artificial intelligence;cellular;communication;Industry 40;JCAS;localization;machine learning;positioning;radar;radcom;sensing;system design;vertical industries;wireless","Sensors;5G mobile communication;Radar;6G mobile communication;Location awareness;Industries;Bandwidth","","494","","48","CCBY","15 Feb 2021","2021","","IEEE","IEEE Journals"
"Designing Data Pipeline for Network Data Management in Digital Twin Network Environment","H. Shin; S. Oh; J. Lee; G. Chung; J. Kim","Department of ICT Convergence System Engineering, Chonnam National University, Gwangju, Korea; Department of ICT Convergence System Engineering, Chonnam National University, Gwangju, Korea; Department of ICT Convergence System Engineering, Chonnam National University, Gwangju, Korea; Department of ICT Convergence System Engineering, Chonnam National University, Gwangju, Korea; Department of ICT Convergence System Engineering, Chonnam National University, Gwangju, Korea",2024 International Conference on Artificial Intelligence in Information and Communication (ICAIIC),"20 Mar 2024","2024","","","750","753","With the advancement of Internet of Things (IoT) and 5G technology, new network services such as Virtual Reality/Augmented Reality (VR/AR) are emerging, leading to the expansion of network scale and increasing network traffic. As a solution to the increasing complexity of network operation and maintenance, Digital Twin Network (DTN) technology has been introduced. In order to provide visibility into various aspects for network management, observation and analysis of network data are necessary. Therefore, this paper presents the types of data available in the digital twin network and the lifecycle process of data pipelines. This work will help to effectively manage data internally when implementing the Digital Twin Network in the future.","2831-6983","979-8-3503-4434-9","10.1109/ICAIIC60209.2024.10463426","","https://ieeexplore.ieee.org/stamp/stamp.jsp?arnumber=10463426","digital twin network;network management;data pipeline","5G mobile communication;Pipelines;Telecommunication traffic;Maintenance engineering;Data models;Digital twins;Complexity theory","","2","","14","IEEE","20 Mar 2024","19-22 Feb. 2024","19-22 Feb. 2024","IEEE","IEEE Conferences"
"Adaptive Edge Association for Wireless Digital Twin Networks in 6G","Y. Lu; S. Maharjan; Y. Zhang","State Key Laboratory of Rail Traffic Control and Safety, Beijing Jiaotong University, Beijing, China; Department of Informatics, University of Oslo, Oslo, Norway; Department of Informatics, University of Oslo, Oslo, Norway",IEEE Internet of Things Journal,"4 Nov 2021","2021","8","22","16219","16230","Sixth-generation (6G) is envisioned to be characterized by ubiquitous connectivity, extremely low latency, and enhanced edge intelligence. However, enriching 6G with these features requires addressing new, unique, and complex challenges specifically at the edge of the network. In this article, we propose a wireless digital twin edge network model by integrating digital twin with edge networks to enable new functionalities, such as hyper-connected experience and low-latency edge computing. To efficiently construct and maintain digital twins in the wireless digital twin network, we formulate the edge association problem with respect to the dynamic network states and varying network topology. Furthermore, according to the different running stages, we decompose the problem into two subproblems, including digital twin placement and digital twin migration. Moreover, we develop a deep reinforcement learning (DRL)-based algorithm to find the optimal solution to the digital twin placement problem, and then use transfer learning to solve the digital twin migration problem. Numerical results show that the proposed scheme provides reduced system cost and enhanced convergence rate for dynamic network states.","2327-4662","","10.1109/JIOT.2021.3098508","Fundamental Research Funds for the Central Universities(grant numbers:2021RC233); State Key Laboratory of Rail Traffic Control and Safety (Beijing Jiaotong University)(grant numbers:RCS2021ZQ003); ","https://ieeexplore.ieee.org/stamp/stamp.jsp?arnumber=9491087","Deep reinforcement learning (DRL);digital twin;edge association;transfer learning;wireless network","Digital twin;6G mobile communication;Wireless communication;Servers;Reinforcement learning;Vehicle dynamics;Task analysis","","268","","30","IEEE","20 Jul 2021","15 Nov.15, 2021","","IEEE","IEEE Journals"
"Vision, requirements and network architecture of 6G mobile network beyond 2030","G. Liu; Y. Huang; N. Li; J. Dong; J. Jin; Q. Wang; N. Li","China Mobile Research Institute, Beijing, China; China Mobile Research Institute, Beijing, China; China Mobile Research Institute, Beijing, China; China Mobile Research Institute, Beijing, China; China Mobile Research Institute, Beijing, China; China Mobile Research Institute, Beijing, China; China Mobile Research Institute, Beijing, China",China Communications,"25 Sep 2020","2020","17","9","92","104","With the 5th Generation (5G) Mobile network being rolled out gradually in 2019, the research for the next generation mobile network has been started and targeted for 2030. To pave the way for the development of the 6th Generation (6G) mobile network, the vision and requirements should be identified first for the potential key technology identification and comprehensive system design. This article first identifies the vision of the society development towards 2030 and the new application scenarios for mobile communication, and then the key performance requirements are derived from the service and application perspective. Taken into account the convergence of information technology, communication technology and big data technology, a logical mobile network architecture is proposed to resolve the lessons from 5G network design. To compromise among the cost, capability and flexibility of the network, the features of the 6G mobile network are proposed based on the latest progress and applications of the relevant fields, namely, on-demand fulfillment, lite network, soft network, native AI and native security. Ultimately, the intent of this article is to serve as a basis for stimulating more promising research on 6G.","1673-5447","","10.23919/JCC.2020.09.008","","https://ieeexplore.ieee.org/stamp/stamp.jsp?arnumber=9205980","6G;vision and scenarios;network performance indicators;network features","6G mobile communication;5G mobile communication;Production;Artificial intelligence;Digital twin;Biological system modeling","","249","","","","25 Sep 2020","Sept. 2020","","IEEE","IEEE Magazines"
"Cyber defense framework for 5G/6G using a Network Digital Twin","I. Vasalos; E. Zaragkas; A. Vekraki; M. Christopoulou; M. A. Kourtis; G. Xilouris; N. Dimitriou","Institute of Informatics and Telecommunications, National Centre for Scientific Research ""DEMOKRITOS"" (NCSRD), Agia Paraskevi, Greece; Institute of Informatics and Telecommunications, National Centre for Scientific Research ""DEMOKRITOS"" (NCSRD), Agia Paraskevi, Greece; Institute of Informatics and Telecommunications, National Centre for Scientific Research ""DEMOKRITOS"" (NCSRD), Agia Paraskevi, Greece; Institute of Informatics and Telecommunications, National Centre for Scientific Research ""DEMOKRITOS"" (NCSRD), Agia Paraskevi, Greece; Institute of Informatics and Telecommunications, National Centre for Scientific Research ""DEMOKRITOS"" (NCSRD), Agia Paraskevi, Greece; Institute of Informatics and Telecommunications, National Centre for Scientific Research ""DEMOKRITOS"" (NCSRD), Agia Paraskevi, Greece; Institute of Informatics and Telecommunications, National Centre for Scientific Research ""DEMOKRITOS"" (NCSRD), Agia Paraskevi, Greece",2026 IEEE International Conference on Smart Computing Workshops and Other Affiliated events (SmartComp Companion),"31 Jul 2026","2026","","","67","72","With the rapid evolution of 5G and emerging 6G networks, ensuring security against DDoS threats remains a pressing challenge, particularly due to expanded attack surfaces across the edge–cloud continuum and heterogeneous edge devices. Traditional security mechanisms struggle to provide proactive, scalable, and low-risk detection and classification solutions in such highly dynamic environments. This paper proposes a Network Digital Twin (NDT)–driven framework for DDoS detection, analysis, and classification in 5G/6G networks, leveraging a synchronized digital twin for safe attack emulation and AI/ML-based anomaly detection. We implement and validate the framework on a real 5G testbed combined with an operational NDT platform, demonstrating that the NDT accurately reproduces network behavior under both normal and attack conditions and validating its efficacy for DT-driven, adaptive security in next-generation mobile systems.","","979-8-3195-4416-2","10.1109/SmartComp-Companion70724.2026.00028","European Commission; ","https://ieeexplore.ieee.org/stamp/stamp.jsp?arnumber=11627623","5G;6G Networks;Network Digital Twin;NDT;Cybersecurity;DDOS attack;Network Traffic Analysis;Attack Emulation","Modeling;5G mobile communication;Timing;Floods;Printing;Artificial intelligence;Signal detection;Distributed denial-of-service attack;Machine learning;Training","","","","27","IEEE","31 Jul 2026","22-25 June 2026","22-25 June 2026","IEEE","IEEE Conferences"
"Model Selection and Offloading for Digital Twin Network (DTN): Framework, Performance Metrics, and Algorithm Design","W. Hong; J. Yan; C. Liu; Y. Li; Z. Zhao","School of Information and Communication Engineering, Beijing University of Posts and Telecommunications, Beijing, China; School of Information and Communication Engineering, Beijing University of Posts and Telecommunications, Beijing, China; School of Information and Communication Engineering and the State Key Laboratory of Networking and Switching Technology, Beijing University of Posts and Telecommunications, Beijing, China; School of Information and Communication Engineering, Beijing University of Posts and Telecommunications, Beijing, China; School of Information and Communication Engineering and the State Key Laboratory of Networking and Switching Technology, Beijing University of Posts and Telecommunications, Beijing, China",IEEE Internet of Things Journal,"24 Jul 2025","2025","12","15","29094","29108","The technique of digital twin network (DTN) has been considered as a promising technique of network management and control to accommodate disruptive applications for the sixth generation communication (6G) systems. However, it is still challenging for DTN to provide ultimate experience for the emerging services and applications, due to the lack of effective DTN model management strategies. To solve this problem, the model selection and offloading for DTN is studied in this article. First, a framework of cooperative model selection and offloading for DTN is designed, which can adapt with the limited computation capability of users, and improve the communication efficiency of model offloading. Second, the performance metrics are proposed to effectively evaluate the accuracy loss and the privacy leakage risk of model management for DTN, and tractable expressions are provided for our studied framework. Third, a joint optimization algorithm is designed for model management and transmit power allocation, which can efficiently reduce the accuracy loss and the privacy leakage risk with low processing latency. Finally, the experiment results are provided to show the effectiveness of our introduced performance metrics, and verify the performance gains of proposed optimization algorithm for our studied framework.","2327-4662","","10.1109/JIOT.2025.3569910","Beijing Natural Science Foundation(grant numbers:L223026); 5G Evolution Wireless Air Interface Intelligent Research and Development and Verification Public Platform(grant numbers:2022-229-220); ","https://ieeexplore.ieee.org/stamp/stamp.jsp?arnumber=11004028","Digital twin network (DTN);model offloading;model selection;model splitting;privacy preserving","Computational modeling;Adaptation models;Data models;Optimization;Accuracy;Privacy;Real-time systems;6G mobile communication;Wireless networks;Data privacy","","2","","48","IEEE","14 May 2025","1 Aug.1, 2025","","IEEE","IEEE Journals"
"Digital Twin Networks: Modeling and Managing Networks Using SDN Principles","S. Sharma; Yashasvi; A. Chauhan; L. Jaiswal","Apex Institute of Engineering, Chandigarh University (UGC, AICTE approved), Mohali, India; Apex Institute of Engineering, Chandigarh University (UGC, AICTE approved), Mohali, India; Apex Institute of Engineering, Chandigarh University (UGC, AICTE approved), Mohali, India; Apex Institute of Engineering, Chandigarh University (UGC, AICTE approved), Mohali, India",2026 3rd International Conference on Advancements and Key Challenges in Green Energy and Computing (AKGEC),"30 Apr 2026","2026","","","1","8","The high pace of the next-generation networks development, such as 5G, IoT, and cloud structures, has led to a high network complexity level and optimization. Conventional methods are usually not real-time adaptive, predictive, and resilient to failures or changing traffic patterns. To overcome such limitations, this paper proposes a Digital Twin Network (DTN) scheme with the use of Software Defined Networking (SDN) concepts. The framework provides the support of scenario- based simulations, persistent monitoring, and predictive decision- making by providing a synchronized virtual replica of the physical network. Different conditions such as load balancing, link failures and congestion were tested with SDN controllers and network simulation tools. Findings show that DTN in combination with SDN improves the use of resources, faster fault recovery, and lowering the latency than traditional SDN methods. These results require rethinking how DTNs can assist the creation of scalable, intelligent, and flexible network infrastructures, and they can be applied to cloud computing and IoT ecosystems, as well as the implementation of 5G and the new 6G networks.","","979-8-3315-8094-0","10.1109/AKGEC68790.2026.11485708","","https://ieeexplore.ieee.org/stamp/stamp.jsp?arnumber=11485708","5G/6G;cloud computing;real-time decisionmaking;software defined networking (SDN);network simulation;virtualisation;predictive modelling","Weapons;Radio broadcasting;Frequency modulation;Circuits;Feedback;5G mobile communication;Communication systems;Computer networks;Internet of Things;Software defined networking","","","","62","IEEE","30 Apr 2026","26-28 Feb. 2026","26-28 Feb. 2026","IEEE","IEEE Conferences"
"Digital Twin-empowered Network Slicing in B5G Networks: Experience-driven approach","F. Naeem; G. Kaddoum; M. Tariq","Electrical Engineering Department, Ecole de technologie supérieure, Montréal, QC, Canada; Electrical Engineering Department, Ecole de technologie supérieure, Montréal, QC, Canada; Electrical Engineering Department, National University of Computer and Emerging Sciences, Pakistan",2021 IEEE Globecom Workshops (GC Wkshps),"24 Jan 2022","2021","","","1","5","Network slicing is considered a promising networking pillar of efficient resource management in beyond 5G (B5G) networks. However, the dynamic and complex characteristics of future networks pose challenges in designing novel resource allocation techniques due to the stringent quality of service (QoS) requirements and virtualized network infrastructures. To solve this issue, we propose a digital twin (DT)-enabled deep distributional Q-network (DDQN) framework that constructs a digital mirror of the physical slicing-enabled network to simulate its complex environment and predict the dynamic characteristics of the network. The DT of network slicing is expressed as a graph, and a graph neural network (GNN) is developed to learn the complicated relationships of the network slice. The graph-based network states are forwarded to the DDQN agent to learn the optimal network slicing policy. Through simulations, it is demonstrated that the proposed technique can satisfy the stringent QoS requirements and achieve near-optimal performance in a dynamic B5G network.","","978-1-6654-2390-8","10.1109/GCWkshps52748.2021.9682073","","https://ieeexplore.ieee.org/stamp/stamp.jsp?arnumber=9682073","Reinforcement learning;Digital twin;Graph neural network;Software-defined network","5G mobile communication;Network slicing;Digital twin;Conferences;Quality of service;Feature extraction;Dynamic scheduling","","21","","21","IEEE","24 Jan 2022","7-11 Dec. 2021","7-11 Dec. 2021","IEEE","IEEE Conferences"
"6G Autonomous Radio Access Network Empowered by Artificial Intelligence and Network Digital Twin","G. Liu; J. Deng; Y. Zhu; N. Li; B. Han; S. Wang; H. Rui; J. Wang; J. Zhang; Y. Cui; Y. Cui; Y. Yang; Y. Zhang; J. Wang; Y. Ouyang; X. Ye; T. Chen; R. Li; Y. Zhu; Y. Zhang; L. Yang; S. Bian; W. Sun; Q. Zheng; Z. Tong; H. Zhang; Z. Shao; J. Wu; M. Kang","China Mobile Research Institute, Beijing, China; China Mobile Research Institute, Beijing, China; China Mobile Research Institute, Beijing, China; China Mobile Research Institute, Beijing, China; ZGC Institute of Ubiquitous-X Innovation and Applications, Beijing, China; AsiaInfo Technologies (China) Inc., Beijing, China; ZTE Corporation, Shenzhen, China; School of Information and Communication Engineering, Beijing University of Posts and Telecommunications, Beijing, China; School of Information and Communication Engineering, Beijing University of Posts and Telecommunications, Beijing, China; IoT Thrust and Research Center for Digital World with Intelligent Things, The Hong Kong University of Science and Technology (Guangzhou), Guangzhou, China; China Mobile Research Institute, Beijing, China; IoT Thrust and Research Center for Digital World with Intelligent Things, The Hong Kong University of Science and Technology (Guangzhou), Guangzhou, China; Department of Informatics, University of Oslo, Oslo, Norway; School of Engineering and Digital Arts, University of Kent, Canterbury CT2 7NZ, UK; AsiaInfo Technologies (China) Inc., Beijing, China; AsiaInfo Technologies (China) Inc., Beijing, China; MediaTek (Beijing) Inc., Beijing, China; College of Information Science and Electronic Engineering, Zhejiang University, Hangzhou, China; Zhejiang Lab, Hangzhou, China; MediaTek (Beijing) Inc., Beijing, China; ZTE Corporation, Shenzhen, China; AsiaInfo Technologies (China) Inc., Beijing, China; CICT Mobile Communication Technology Co., Ltd., Beijing, China; China Mobile Research Institute, Beijing, China; China Mobile Research Institute, Beijing, China; China Mobile Research Institute, Beijing, China; China Mobile Research Institute, Beijing, China; China Mobile Research Institute, Beijing, China; China Mobile Research Institute, Beijing, China",Frontiers of Information Technology & Electronic Engineering,"16 Dec 2025","2025","26","2","161","213","The sixth-generation (6G) mobile network implements the social vision of digital twins and ubiquitous intelligence. Contrary to the fifth-generation (5G) mobile network that focuses only on communications, 6G mobile networks must natively support new capabilities such as sensing, computing, artificial intelligence (AI), big data, and security while facilitating Everything as a Service. Although 5G mobile network deployment has demonstrated that network automation and intelligence can simplify network operation and maintenance (O&M), the addition of external functionalities has resulted in low service efficiency and high operational costs. In this study, a technology framework for a 6G autonomous radio access network (RAN) is proposed to achieve a high-level network autonomy that embraces the design of native cloud, native AI, and network digital twin (NDT). First, a service-based architecture is proposed to re-architect the protocol stack of RAN, which flexibly orchestrates the services and functions on demand as well as customizes them into cloud-native services. Second, a native AI framework is structured to provide AI support for the diverse use cases of network O&M by orchestrating communications, AI models, data, and computing power demanded by AI use cases. Third, a digital twin network is developed as a virtual environment for the training, pre-validation, and tuning of AI algorithms and neural networks, avoiding possible unexpected losses of the network O&M caused by AI applications. The combination of native AI and NDT can facilitate network autonomy by building closed-loop management and optimization for RAN.","2095-9230","","10.1631/FITEE.2400569","","https://ieeexplore.ieee.org/stamp/stamp.jsp?arnumber=11293056","6G;Network autonomy;Native artificial intelligence;Network digital twin;Service-based radio access network","6G mobile communication;Training;Cloud computing;5G mobile communication;Computational modeling;Virtual environments;Digital twins;Artificial intelligence;Tuning;Radio access networks","","3","","97","","16 Dec 2025","February 2025","","ZUP","ZUP Journals"
"B5GEMINI: Digital Twin Network for 5G and Beyond","A. Mozo; A. Karamchandani; M. Sanz; J. I. Moreno; A. Pastor","Departamento de Sistemas Informáticos, ETSI Sistemas Informáticos, Universidad Politécnica de Madrid, Spain; Departamento de Sistemas Informáticos, ETSI Sistemas Informáticos, Universidad Politécnica de Madrid, Spain; Departamento de Ingeniería de Sistemas Telemáticos, ETSI Telecomunicación, Universidad Politécnica de Madrid, Spain; Departamento de Ingeniería de Sistemas Telemáticos, ETSI Telecomunicación, Universidad Politécnica de Madrid, Spain; Telefónica Investigación y Desarrollo, Spain",NOMS 2022-2022 IEEE/IFIP Network Operations and Management Symposium,"9 Jun 2022","2022","","","1","6","Digital Twin Network (DTN) is a new technology that builds on the concept of Digital Twins (DT) to create a virtual representation of the physical objects of a telecommunications network. DTN bridges physical and virtual spaces to enable coordination and synchronization of physical parts while eliminating the need to directly interact with them. In this work, we present B5GEMINI a DTN for 5G and beyond networks that makes an extensive use of artificial intelligence (AI). First, we present the infrastructural and architectural components that support B5GEMINI. Next, we explore five paradigmatic use cases where AI can leverage B5GEMINI for building new AI-powered applications. Finally, we identify the main components of the AI ecosystem of B5GEMINI.","2374-9709","978-1-6654-0601-7","10.1109/NOMS54207.2022.9789810","","https://ieeexplore.ieee.org/stamp/stamp.jsp?arnumber=9789810","digital twin;digital twin networks;artificial intelligence;machine learning;telecommunications","Bridges;5G mobile communication;Ecosystems;Buildings;Digital twins;Telecommunications;Synchronization","","25","","15","IEEE","9 Jun 2022","25-29 April 2022","25-29 April 2022","IEEE","IEEE Conferences"
"Network Digital Twin for Route Optimization in 5G/B5G Transport Slicing with What-If Analysis","R. Aben-Athar; H. Anglada; L. Costa; J. Albuquerque; A. Ferreira; C. B. Both; K. Cardoso; S. Lins; A. Silva; G. Gonçalves; I. Correa; A. Klautau","Federal University of Pará, Brazil; Federal University of Pará, Brazil; Federal University of Pará, Brazil; Federal University of Pará, Brazil; Federal University of Pará, Brazil; University of Vale do Rio dos Sinos, Brazil; University of Vale do Rio dos Sinos, Brazil; Ericsson Research, Brazil; Ericsson Research, Brazil; Federal University of Pará, Brazil; Federal University of Pará, Brazil; Federal University of Pará, Brazil",2025 IEEE International Conference on Communications Workshops (ICC Workshops),"22 Sep 2025","2025","","","621","626","The advent of fifth-generation (5G) and Beyond 5G (B5G) networks introduces diverse service requirements, from ultra-low latency to high bandwidth, demanding dynamic monitoring and advanced solutions to ensure Quality of Service (QoS). The transport network - responsible for interconnecting the radio access network and core networks - will increasingly face challenges in efficiently managing complex traffic patterns. The Network Digital Twin (NDT) concept emerges as a promising solution for testing configurations and algorithms in a virtual network before real-world deployment. In this context, this work designs an experimental platform with NDT in a transport network domain, synchronizing with the virtual counterpart and a recommendation system for what-if analysis, enabling intelligent decision-making for dynamic route optimization problems in 5G/B5G scenarios. Our NDT, composed of a Graph Neural Network (GNN), was evaluated across three different network topologies consisting of 8, 16, and 30 nodes. It achieved lower MAPE values for URLLC and eMBB slices, comparing latency predictions with actual latency after the solution implementation. These values indicate high accuracy, demonstrating the solution’s effectiveness in generating precise insights into network performance if a particular solution were implemented.","2694-2941","979-8-3315-9624-8","10.1109/ICCWorkshops67674.2025.11162404","Research and Development; ","https://ieeexplore.ieee.org/stamp/stamp.jsp?arnumber=11162404","5G;B5G;Network Digital Twin;Transport Networks;GNN;What-If Analysis","5G mobile communication;Conferences;Quality of service;Ultra reliable low latency communication;Traffic control;Graph neural networks;Digital twins;Optimization;Recommender systems;Testing","","2","","21","IEEE","22 Sep 2025","8-12 June 2025","8-12 June 2025","IEEE","IEEE Conferences"
"A Comprehensive Survey on Revolutionizing Connectivity Through Artificial Intelligence-Enabled Digital Twin Network in 6G","M. Sheraz; T. C. Chuah; Y. L. Lee; M. M. Alam; A. Al-Habashna; Z. Han","Faculty of Engineering, Multimedia University, Cyberjaya, Selangor, Malaysia; Faculty of Engineering, Multimedia University, Cyberjaya, Selangor, Malaysia; Faculty of Engineering and Science, Universiti Tunku Abdul Rahman, Kajang, Selangor, Malaysia; Thomas Johann Seebeck Department of Electronics, Tallinn University of Technology, Tallinn, Estonia; School of Computing and Informatics, Al Hussein Technical University, Amman, Jordan; Department of Electrical and Computer Engineering, University of Houston, Houston, TX, USA",IEEE Access,"8 Apr 2024","2024","12","","49184","49215","The deployment of 5G has exposed capacity constraints in realizing the key vision of the Internet of Everything (IoE). Therefore, the researchers are exploring potentials of Digital Twin Network (DTN) in wireless networks. DTN is a novel technology to create virtual replicas of physical environment for testing, optimizing, and managing wireless networks. The integration of Artificial Intelligence (AI) and DTN appears to be a promising approach to address communication systems by providing an efficient environment for testing and improving AI models before deployment in real networks for effective network management, optimal resource allocation, and precise behavior prediction. Therefore, AI-enabled DTN in 6G represents a compelling avenue to address multifaceted challenges faced by wireless networks. In this comprehensive work, we offer a holistic survey that delves into the state-of-the-art approaches for AI-enabled DTNs in 6G. Firstly, we discuss the evolution of wireless networks and concept of AI-enabled DTN in 6G. Secondly, we discuss the role of AI-enabled DTN in 6G and driving advancements in fundamental components of 6G including resource allocation, caching, data offloading, and data security. Thirdly, we conduct a detailed discussion on key enabling technologies for realizing the capabilities of AI-enabled DTN in 6G. Fourthly, several applications of AI-enabled DTN in 6G are discussed for the practical relevance and significance in various industries such as smart cities, healthcare, and transportation etc. Finally, we provide lessons learned and highlight existing challenges and research directions to embark on further research efforts in the realm of AI-enabled DTN in 6G.","2169-3536","","10.1109/ACCESS.2024.3384272","Multimedia University Research Fellow(grant numbers:MMUI/230013); ","https://ieeexplore.ieee.org/stamp/stamp.jsp?arnumber=10488409","Digital twin networks (DTNs);6G;artificial intelligence (AI);caching;resource allocation;data offloading;security;enabling technologies;unmanned aerial vehicle (UAV);mmWave;THz","6G mobile communication;Wireless networks;Artificial intelligence;Surveys;5G mobile communication;Real-time systems;Resource management;Digital twins;Cache storage;Security;Autonomous aerial vehicles;Millimeter wave communication","","90","","147","CCBYNCND","3 Apr 2024","2024","","IEEE","IEEE Journals"
"Network Digital Twin Toward Networking, Telecommunications, and Traffic Engineering: A Survey","R. Poorzare; D. N. Kanellopoulos; V. K. Sharma; P. Dalapati; O. P. Waldhorst","Institute of Data-Centric Software Systems (IDSS), Karlsruhe University of Applied Sciences, Karlsruhe, Germany; Department of Mathematics, University of Patras, Patras, Greece; Department of Computer Science and Engineering, The LNM Institute of Information Technology, Jaipur, India; Department of Computer Science and Engineering, The LNM Institute of Information Technology, Jaipur, India; Institute of Data-Centric Software Systems (IDSS), Karlsruhe University of Applied Sciences, Karlsruhe, Germany",IEEE Access,"28 Jan 2025","2025","13","","16489","16538","Network Digital Twin (NDT) is an evolving technology that provides a framework through which a network administrator can have a virtual representation of a computer network. As a result, analysis, monitoring, testing, running new protocols, and more can be performed using the NDT before the final deployment of the developed approach. In this way, the consequences of direct deployment and the negative impact on network operations can be avoided. Telecommunications, along with traffic engineering as one of its critical components, play a prominent role across various networking domains, including Internet service providers, data centers, cellular networks, intelligent transportation systems, and smart cities. In this context, NDT has the potential to serve as a key enabler for optimizing these domains by providing a digital framework, which can facilitate the evaluation and enhancement of different scenarios. Accordingly, this paper presents a comprehensive survey on how NDT can facilitate advancements in network traffic engineering across a wide range of networking domains. First, we start with an in-depth analysis of the evolution of the network digital twin technology and provide a comparison with simulation tools. Next, we examine the role of NDT in various networking and telecommunication domains. We also explore the applicability of NDT technology from a traffic engineering perspective across different network types. Subsequently, we highlight key open research questions and potential future directions that warrant further investigation. Finally, we conclude by outlining the promising future trajectory of NDT within the aforementioned domains.","2169-3536","","10.1109/ACCESS.2025.3531947","Ministry of Science, Research, and the Arts Baden-Württemberg (MWK)(grant numbers:bwNET2.0); ","https://ieeexplore.ieee.org/stamp/stamp.jsp?arnumber=10847826","Digital twin;network digital twin;telecommunications;traffic engineering;traffic optimization","Telecommunications;Data models;Digital twins;Telecommunication traffic;Surveys;Routing;Industrial Internet of Things;Big Data;Testing;Standardization","","33","","303","CCBY","20 Jan 2025","2025","","IEEE","IEEE Journals"
"Intelligent Awareness of Delay-Sensitive Internet Traffic in Digital Twin Network","Z. Tang; D. Chen; T. Sun; L. Zhang; M. Qi; X. Wang","AI4NET Lab, Huawei Technologies Company Ltd., Beijing, China; China Mobile Research Institute, Beijing, China; China Mobile Research Institute, Beijing, China; AI4NET Lab, Huawei Technologies Company Ltd., Beijing, China; AI4NET Lab, Huawei Technologies Company Ltd., Beijing, China; AI4NET Lab, Huawei Technologies Company Ltd., Beijing, China",IEEE Journal of Radio Frequency Identification,"12 Dec 2022","2022","6","","891","895","The increasingly complex network architecture and numerous emerging network services make it difficult for traditional “best effort” consumer Internet to support current Production Internet/5G requirements for differentiated SLA commitments, low latency, and deterministic bandwidth. To solve various difficulties and challenges faced by the development of ultra-large-scale networks, the Digital Twin Network has become a research hotspot. In this paper, based on the traffic modeling problem involved in the digital twin layer of digital twin network architecture, we proposed an intelligent awareness method for delay-sensitive network traffic. Through the real-time awareness of delay-sensitive traffic, intelligent routing of network services is realized and meets the requirements of scenarios, such as high-value traffic assurance and intelligence traffic scheduling and grooming for network congestion. We experimentally confirmed the scheme by traffic data collected in realistic network environments, and it has an awareness accuracy of more than 90%.","2469-7281","","10.1109/JRFID.2022.3207489","","https://ieeexplore.ieee.org/stamp/stamp.jsp?arnumber=9895137","Intelligent awareness;delay-sensitive traffic;machine learning;digital twin network","Digital twins;Telecommunication traffic;Feature extraction;Delays;Performance evaluation;Internet;Data models","","8","","15","IEEE","19 Sep 2022","2022","","IEEE","IEEE Journals"
"Leveraging Digital Twin Approach for Network Slicing in B5G Network","M. Yaqoob; R. Trestian; H. X. Nguyen","London Digital Twin Research Centre, Middlesex University, UK; London Digital Twin Research Centre, Middlesex University, UK; London Digital Twin Research Centre, Middlesex University, UK",2023 IEEE International Conference on Communications Workshops (ICC Workshops),"23 Oct 2023","2023","","","242","247","The Beyond5G (B5G) wireless technology will introduce diverse consumers and vertical applications with strict and real time connectivity requirements. Due to this proliferation of market needs 5G core network is evolving towards service based architecture. Therefore, this paper presents a novel approach to deploy B5G core network functions in a Digital Twin (DT) native application that can be scaled on demand with minimum effort while providing dedicated services, to satisfy the constraints of diverse verticals. In the proposed DT we deploy Open5GS which is an open source tool on oracle virtual box as virtual machine as a digital asset and emulate PDU sessions for multiple user equipment (UE) using open source emulator UERANSIM for digital counter part of gNodeB and UE. We analyzed the communication between different services classes of B5G core for dedicated slices in terms latency while keeping the packet loss at a minimum level. Our experiments have shown that by using DT approach the round trip time improved in all scenarios.","2694-2941","979-8-3503-3307-7","10.1109/ICCWorkshops57953.2023.10283758","University of East Anglia (UK); ","https://ieeexplore.ieee.org/stamp/stamp.jsp?arnumber=10283758","","Wireless communication;5G mobile communication;Conferences;Network slicing;Packet loss;Virtual machining;Real-time systems","","4","","20","IEEE","23 Oct 2023","28 May-1 June 2023","28 May-1 June 2023","IEEE","IEEE Conferences"
"GNN-Based Power Allocation and User Association in Digital Twin Network for the Terahertz Band","H. Zhang; X. Ma; X. Liu; L. Li; K. Sun","Beijing Engineering and Technology Research Center for Convergence Networks and Ubiquitous Services, University of Science and Technology Beijing, Beijing, China; Beijing Engineering and Technology Research Center for Convergence Networks and Ubiquitous Services, University of Science and Technology Beijing, Beijing, China; Beijing Engineering and Technology Research Center for Convergence Networks and Ubiquitous Services, University of Science and Technology Beijing, Beijing, China; Beijing Engineering and Technology Research Center for Convergence Networks and Ubiquitous Services, University of Science and Technology Beijing, Beijing, China; College of Electronic Information Engineering, Inner Mongolia University, Hohhot, China",IEEE Journal on Selected Areas in Communications,"26 Oct 2023","2023","41","10","3111","3121","The digital twin (DT) and terahertz (THz) wireless communication technologies have promoted the innovative development and application of 6G networks. Combining DT can obtain efficient, collaborative, and intelligent management for THz wireless networks. However, the conflicts between large amounts of twin data and limited network resources make it difficult to improve the performance of DT networks. In this paper, a DT architecture for THz wireless networks is proposed, which maps a physical network in the THz band into a virtual DT network and represents the DT network as a graph structure. Furthermore, the THz channel model is provided, and the resource management problem with weighted mean rate as the optimization objective is proposed, which is transformed into a graph optimization problem. Based on this, a distributed message propagation algorithm is proposed, which uses the graph neural network to provide a solution. Simulation results show that the proposed scheme improves the weighted mean rate of the DT network for the THz band and outperforms the benchmark methods. It is also proved that the proposed distributed message propagation algorithm is scalable and can maintain good performance under different conditions.","1558-0008","","10.1109/JSAC.2023.3313192","National Natural Science Foundation of China(grant numbers:U22B2003,62225103,62341103); Beijing Natural Science Foundation(grant numbers:L212004); Xiaomi Fund of Young Scholar; ","https://ieeexplore.ieee.org/stamp/stamp.jsp?arnumber=10253478","Graph neural network;digital twin network;terahertz communication;resource allocation","Optimization;Resource management;Wireless networks;Network topology;Topology;Industries;6G mobile communication","","48","","33","IEEE","15 Sep 2023","Oct. 2023","","IEEE","IEEE Journals"
"Discussion on 6G Network Architecture Based on Evolution","Y. Xing; P. Li; J. Li","China Telecom Corporation Limited, Research Institute, Beijing, China; China Telecom Corporation Limited, Research Institute, Beijing, China; China Telecom Corporation Limited, Research Institute, Beijing, China",2022 International Conference on Information Processing and Network Provisioning (ICIPNP),"20 Mar 2023","2022","","","20","23","The key issue discussed in this paper is: what functions should 6G network have and how to design a 6G network architecture to better support the requirements of cloud games, Internet of Vehicles, and even the meta universe. Based on the analysis and understanding of technology and business evolution, this paper proposed that the 6G network will support AIaaS (AI as a Service), CPaaS (Computing Power as a Service), SaaS (Sensing as a Service), and other new services and network function based on supporting connection services. New services came up with new demands on network function, and will also influence the 6G network architecture. This paper proposed the idea of enhancing the architecture based on service-based architecture.","","978-1-6654-6405-5","10.1109/ICIPNP57450.2022.00011","","https://ieeexplore.ieee.org/stamp/stamp.jsp?arnumber=10062835","6G;Network Architecture;AIaaS;CPaaS;SaaS","6G mobile communication;5G mobile communication;Architecture;Computer architecture;Information processing;Network architecture;Maintenance engineering","","4","","11","IEEE","20 Mar 2023","15-16 Sept. 2022","15-16 Sept. 2022","IEEE","IEEE Conferences"
"On the Management of TSN Networks in 6G: A Network Digital Twin Approach","S. B. Hadj Said; M. -T. Thi; M. Kellil; A. Olivereau","Institute LIST, CEA, Paris-Saclay University, France, Palaiseau, France; Institute LIST, CEA, Paris-Saclay University, France, Palaiseau, France; Institute LIST, CEA, Paris-Saclay University, France, Palaiseau, France; Institute LIST, CEA, Paris-Saclay University, France, Palaiseau, France",2023 IEEE 28th International Conference on Emerging Technologies and Factory Automation (ETFA),"12 Oct 2023","2023","","","1","7","Emerging latency-sensitive applications (e.g. factory automation control, industrial metaverse, digital twin-enabled smart manufacturing) require that the networks ensure data delivery with a guaranteed low and bounded latency. Time-Sensitive Networking (TSN) mechanisms have been developed to enable deterministic features in standard Ethernet. 5G and 6G networks are looking forward to integrate TSN and benefit from its ability to ensure determinism. Accommodating the complexity of TSN networks in 6G is not straightforward. In particular, conventional rule-based heuristic algorithms are not optimized for such environments. Therefore, the TSN network management framework should be equipped with the right tools allowing to compute at runtime new TSN configuration for each event (e.g. change in topology, new application, new device, etc.). To address this problem, recent standardization initiatives (IETF and ITU-T) have investigated the opportunities to use Network Digital Twin (NDT) paradigm for these use cases of 6G networks.This paper proposes a framework that puts together the key enablers to support NDT deployment for TSN-based public or private 6G network and to cope with the relevant challenges. In particular, we define a modular and self-learner NDT framework. To construct the DT model, the framework can rely on open source simulators/emulators with predefined models, or in other cases, it may learn the DT model from real infrastructure using Artificial Intelligence (AI)/Machine Learning (ML) techniques trained over collected data. The paper also showcases how NDT, Software-Defined Network (SDN) and deterministic networks (TSN and DetNet) are key enablers for 6G network architecture.","1946-0759","979-8-3503-3991-8","10.1109/ETFA54631.2023.10275568","","https://ieeexplore.ieee.org/stamp/stamp.jsp?arnumber=10275568","6G core network;Network Digital Twin;Time-Sensitive Networking","6G mobile communication;Runtime;5G mobile communication;Data models;Digital twins;Topology;Software defined networking","","10","","26","IEEE","12 Oct 2023","12-15 Sept. 2023","12-15 Sept. 2023","IEEE","IEEE Conferences"
"On the Integration of Digital Twin Networks into City Digital Twins: Benefits and Challenges","I. Turcanu; G. Castignani; S. Faye","IT for Innovative Services Department, Luxembourg Institute of Science and Technology, Luxembourg; Digital Twin Innovation Center, Luxembourg Institute of Science and Technology, Luxembourg; IT for Innovative Services Department, Luxembourg Institute of Science and Technology, Luxembourg",2024 IEEE 21st Consumer Communications & Networking Conference (CCNC),"18 Mar 2024","2024","","","752","758","The concept of Digital Twin (DT) holds great potential for all sectors seeking to monitor, automate, and optimize their processes. This paper focuses specifically on Digital Twin Networks (DTNs) and City Digital Twins (CDTs), offering an analysis of the relevant literature while exploring their interrelationship, which is essential for urban planners and network operators. Although DTN is foreseen as a pillar of future 5G and 6G network architectures, it is often addressed in isolation in the existing literature (i.e., with limited consideration of other domain-specific constraints), even though it constitutes an essential asset in urban environments. In contrast, CDT is often based on the idea of infallible connectivity, which is an optimistic assumption. This study details the benefits and challenges associated with the integration of DTNs into CDTs, paving the way for further research in this field.","2331-9860","979-8-3503-0457-2","10.1109/CCNC51664.2024.10454704","","https://ieeexplore.ieee.org/stamp/stamp.jsp?arnumber=10454704","Network Digital Twin;City Digital Twin;Inte-grated Architecture;Benefits and Challenges","6G mobile communication;Statistical analysis;Urban areas;Merging;Key performance indicator;Prototypes;Network architecture","","7","","48","IEEE","18 Mar 2024","6-9 Jan. 2024","6-9 Jan. 2024","IEEE","IEEE Conferences"
"Design and Evaluation of a Network Digital Twin Framework for 5G/6G Architectures","I. Vasalos; M. Christopoulou; A. Vasalos; M. A. Kourtis; N. Dimitriou; G. Xylouris",NCSR Demokritos; NCSR Demokritos; NCSR Demokritos; NCSR Demokritos; NCSR Demokritos; NCSR Demokritos,2025 21st International Conference on Distributed Computing in Smart Systems and the Internet of Things (DCOSS-IoT),"5 Aug 2025","2025","","","915","920","Network Digital Twin (NDT) systems serve as a real-time, virtualized replica of physical networks, enabling closed-loop automation and AI/ML driven network intelligence. In this paper, we present a comprehensive approach to implementing an NDT framework tailored for B5G/6G networks. Through the proposed methodology, we demonstrate the generation of the NDT model, the accurate modeling of network topology, and the seamless synchronization with real world network operations. Our research delves into the deployment_and validation of an NDT prototype platform, seamlessly integrated with a 5G physical network testbed. We also present the end-to-end deployment of the framework and showcase its integration with a physical 5G testbed, effectively demonstrating its capability to support AI-native functionalities in next-generation mobile networks.","2325-2944","979-8-3315-4372-3","10.1109/DCOSS-IoT65416.2025.00139","European Commission(grant numbers:101139073); ","https://ieeexplore.ieee.org/stamp/stamp.jsp?arnumber=11096133","6th Generation Networks;6G;Network Digital Twin;NDT;Cloud","6G mobile communication;Training;5G mobile communication;Virtual environments;Computer architecture;Data models;Digital twins;Synchronization;Optimization;Testing","","2","","23","IEEE","5 Aug 2025","9-11 June 2025","9-11 June 2025","IEEE","IEEE Conferences"
"Network Digital Twin for Non-Public Networks","M. M. Roselló; J. V. Cancela; I. Quintana; M. Lorenzo","Technology & Innovation Ericsson, Madrid, Spain; Industry 4.0 Department, Virtual Factory projects Management, Gestamp, Boroa, Spain; Technology & Innovation Ericsson, Madrid, Spain; Technology & Innovation Ericsson, Madrid, Spain","2023 IEEE 24th International Symposium on a World of Wireless, Mobile and Multimedia Networks (WoWMoM)","2 Aug 2023","2023","","","495","500","Digital Twin concept is one of the technologies that is being applied in different areas, especially for lifecycle product management in industry environments. Recently, Digital Twin became a trend in network planning, management, operation, and optimization as it demonstrated its value in managing complex systems, and for that reason it can be a disruptive technology for the future generations of communication networks. In this work we propose a Network Digital Twin to improve experimentation and verification frameworks, to reduce the lead time required for validating a new business use case using 6G technology. We describe a concrete use case, a Digital Twin of the private part of a Non-Public Network and how Digital Twin concepts helps to improve the deployment time and the observability of a new network segment, integrated with existing experimentation facilities.","2770-0542","979-8-3503-3165-3","10.1109/WoWMoM57956.2023.00086","European Commission; Ministry of Economic Affairs; ","https://ieeexplore.ieee.org/stamp/stamp.jsp?arnumber=10195279","digital twin;network digital twin;non-public networks;experimentation facilities;5tonic","6G mobile communication;Wireless communication;Industries;Market research;Digital twins;Planning;Observability","","7","","22","IEEE","2 Aug 2023","12-15 June 2023","12-15 June 2023","IEEE","IEEE Conferences"
"Smart De-jittering using Network Digital Twin","M. M. Roselló; M. Lorenzo","Technology & Innovation Ericsson, Madrid, Spain; Technology & Innovation Ericsson, Madrid, Spain",2024 IEEE International Mediterranean Conference on Communications and Networking (MeditCom),"12 Aug 2024","2024","","","97","101","The evolution of mobile networks is converging with the pervasive digitalization of the industrial/ manufacturing sector, which is demanding highly reliable and deterministic wireless networking. The performance levels of wireless networks are greatly enhanced from one generation to the next, but the variability of performance, especially with regards to latency, remains an issue to be addressed since most protocols and solutions are designed with the assumption that underlying networks shall deliver performance levels with very low variability, as it is the case, for example, of Ethernet networks. In this work, we address this critical issue, proposing and validating a novel solution approach for achieving effective de-jittering in 3GPP networks that does not require the modification of the end-user traffic (e.g. timestamping), thus enabling its implementation on current 5G networks without demanding special UEs or new 5GS capabilities. This solution approach is validated over a real 5G network deployed at 5Tonic laboratory.","","979-8-3503-0948-5","10.1109/MeditCom61057.2024.10621358","European Commission; Ministry of Economic Affairs; ","https://ieeexplore.ieee.org/stamp/stamp.jsp?arnumber=10621358","5g;time-sensitive networking;Network Digital Twin;deep reinforcement learning;5tonic lab;non-public networks.","Training;Recurrent neural networks;Protocols;5G mobile communication;Wireless networks;Tail;Jitter","","2","","14","IEEE","12 Aug 2024","8-11 July 2024","8-11 July 2024","IEEE","IEEE Conferences"
"AIGC-Based Evolvable Digital Twin Networks: A Road to the Intelligent Metaverse","X. Chen; L. Luo; F. Tang; M. Zhao; N. Kato","School of Computer Science and Engineering, Central South University, Changsha, China; School of Computer Science and Engineering, Central South University, Changsha, China; School of Computer Science and Engineering, Central South University, Changsha, China; School of Computer Science and Engineering, Central South University, Changsha, China; Graduate School of Information Sciences (GSIS), Tohoku University, Sendai, Japan",IEEE Network,"20 Nov 2024","2024","38","6","370","379","The future Metaverse aims to provide users with an immersive experience in a persistent online 3-D virtual environment at any given time or location. To achieve this goal, the future wireless communication system should provide high quality communication service with ultra-high capacity and reliability, ultra-low latency, and so on. As one of the key technologies to achieve the Metaverse, Digital Twin Network (DTN) is applied to improve the network performance by dynamically mapping the virtual and real wireless system in real-time throughout its lifecycle, but the construction and evolution of the digital twin (DT) models highly depend on real-time sensing data from the physical world. In addition, the Metaverse is not only a high-precision replica of the real world, but also consists of some exploration things extending from the real world to enrich the users’ experience. Recently, Artificial Intelligence- Generated Content (AIGC) is proposed as an efficient method to allow the automatic generation of content and experiences in virtual worlds using Artificial Intelligence (AI) algorithms creatively, which offers fresh concepts to effectively address the aforementioned challenges, and leads to a more immersive and dynamic Metaverse. To this end, this paper aims to depict a novel path to achieve the intelligent Metaverse. First, the frontier capabilities and key elements of AIGC are presented. Then, we discuss how AIGC drives an evolvable DTN, and how DTN is applied to promote the application of AIGC, thereby facilitating the development of the Metaverse. Finally, a case study is presented to show the efficiency of AIGC in the DTN for the Metaverse, and some future directions are given.","1558-156X","","10.1109/MNET.2024.3411008","","https://ieeexplore.ieee.org/stamp/stamp.jsp?arnumber=10551859","AIGC;Metaverse;DTN;intelligent","Metaverse;Data models;Computational modeling;Artificial intelligence;User experience;Training;6G mobile communication;Immersive experience;Content distribution networks","","42","","15","IEEE","7 Jun 2024","Nov. 2024","","IEEE","IEEE Magazines"
"AI-Driven Digital Twins: Optimizing 5G/6G Network Slicing With NTNs","A. Ali; H. Arslan","Department of Electrical and Electronics Engineering, Istanbul Medipol University, Istanbul, Türkiye; Department of Electrical and Electronics Engineering, Istanbul Medipol University, Istanbul, Türkiye",IEEE Wireless Communications Letters,"19 Dec 2025","2026","15","","66","70","Network slicing in 5G/6G Non-Terrestrial Network (NTN) is confronted with mobility and traffic variability. An artificial intelligence (AI)-based digital twin (DT) architecture with deep reinforcement learning (DRL) using Deep deterministic policy gradient (DDPG) is proposed for dynamic optimization of resource allocation. DT virtualizes network states to enable predictive analysis, while DRL changes bandwidth for eMBB slice. Simulations show a 25% latency reduction compared to static methods, with enhanced resource utilization. This scalable solution supports 5G/6G NTN applications like disaster recovery and urban blockage.","2162-2345","","10.1109/LWC.2025.3618622","Scientific and Technological Research Council of Türkiye (TüBİTAK)(grant numbers:122E400); ","https://ieeexplore.ieee.org/stamp/stamp.jsp?arnumber=11195118","Digital twins;network slicing;5G/6G;deep reinforcement learning;non-terrestrial networks","Synchronization;Resource management;Real-time systems;Predictive models;Network slicing;Digital twins;Bandwidth;Artificial intelligence;Vehicle dynamics;Optimization","","8","","12","IEEE","7 Oct 2025","2026","","IEEE","IEEE Journals"
"Study on 6G Use Cases and Service Requirements for Future Cities","D. Milovanovic; G. Gardasevic; V. Terzija; Q. Li","University of Belgrade, Belgrade, Serbia; Department of Telecommunications, Faculty of Electrical Engineering, University of Banja Luka, Banja Luka, Republic of Srpska; Newcastle University, Newcastle upon Tyne, UK; Xuefeng Mountain Energy Equipment Safety National Observation and Research Station, Chongqing University, Chongqing, China",2025 8th International Balkan Conference on Communications and Networking (Balkancom),"30 Oct 2025","2025","","","1","5","3GPP recently published a technical study that represents a major advancement in 6G technology. The Release 20 study item offers a comprehensive framework for 6G development by outlining the key use cases and service requirements for the future mobile system. The document details various use cases, including environment object reconstruction, road digitalization, collaborative service by immersive communication, real-time 6G network digital twin (NDT), and immersive media services by 6G non-terrestrial networks (NTN) connectivity. This paper presents a structured analysis of selected use cases for smart cities, including descriptions, pre-conditions, service flows, and potential new requirements for the 6G system.","","979-8-3315-3919-1","10.1109/Balkancom65827.2025.11186030","","https://ieeexplore.ieee.org/stamp/stamp.jsp?arnumber=11186030","5G-Advanced;3GPP;NDT;ISAC;Smart Cities","6G mobile communication;Smart cities;Roads;Collaboration;Media;Real-time systems;Digital twins;3GPP","","6","","19","IEEE","30 Oct 2025","17-20 June 2025","17-20 June 2025","IEEE","IEEE Conferences"
"A Hierarchical Digital Twin Network for Satellite Communication Networks","Y. Zhou; R. Zhang; J. Liu; T. Huang; Q. Tang; F. R. Yu","Beijing University of Posts and Telecommunications, China; Beijing University of Posts and Telecommunications, China; Beijing University of Posts and Telecommunications, China; Beijing University of Posts and Telecommunications, China; Beijing University of Posts and Telecommunications, China; Beijing University of Posts and Telecommunications, China",IEEE Communications Magazine,"23 Nov 2023","2023","61","11","104","110","Satellite communication networks promise to provide seamless global coverage in the 6G era. However, novel satellite networks face the challenges of high dynamics in terms of both communication and networking, which makes its design, emulation, deployment, and maintenance over-complicated. For these challenges, Digital Twin (DT) can establish a virtual replica of the physical system, providing a means of emulation, validation, prediction, and troubleshooting for the actual system whose benefits have been proven by many applications. In this work, we design a hierarchical digital twin network for satellite communication networks, which defines central-DT and edge-DT models that provide differentiated DT services such as communication DT and networking DT. Further, for the problem of model synchronization, we propose three approaches to improve the model synchronization efficiency, namely, dynamic DT migration, QoS-aware DT synchronization slice, and locator-identifier-isolation addressing mechanism. Simulation is conducted to validate the improvement of the proposed scheme, and provide proof of efficiency.","1558-1896","","10.1109/MCOM.001.2200864","","https://ieeexplore.ieee.org/stamp/stamp.jsp?arnumber=10198567","","Synchronization;Satellite broadcasting;Satellites;Data models;Digital twins;Artificial intelligence;6G mobile communication","","35","","15","IEEE","1 Aug 2023","November 2023","","IEEE","IEEE Magazines"
"Digital Twin Networks for Sustainable In-network Computing in Future 6G Networks","M. Becattini; G. Fontani; L. Paroli; A. Iera","University of Calabria, Italy; University of Calabria, Italy; University of Calabria, Italy; CNIT, Italy","2024 IEEE 35th International Symposium on Personal, Indoor and Mobile Radio Communications (PIMRC)","1 Jan 2025","2024","","","1","6","An emerging research trend on sixth generation systems is undoubtedly that linked to the development of Digital Twins of 6G networks. These network’s Twins can contribute to a smarter management of the physical network, which is increasingly oriented towards sustainability and guarantee of targets expressed in terms of KVIs (key value indicators) in addition to the traditional KPIs (key performance indicators). In this vein, this paper presents a reference architecture for a Digital Twin of a 6G system sensitive to sustainability issues and equipped with in-network computing capabilities. The main features and components are designed to be able to flexibly implement sustainable networking principles and respond to user intents based on sustainable KVIs. As a proof-of-concept, an example is shown of how the DT of a network can help implement and configure the offering of in-network AI services in a sustainable manner by making appropriate predictions of the evolution of the represented physical infrastructure.","2166-9589","979-8-3503-6224-4","10.1109/PIMRC59610.2024.10817423","","https://ieeexplore.ieee.org/stamp/stamp.jsp?arnumber=10817423","Digital Twin Network;Sustainable Networks;Ethical Networks;In-network Computing;Green Networking;6G","6G mobile communication;Key performance indicator;Computer architecture;Market research;Digital twins;Sustainable development;Artificial intelligence;Land mobile radio","","2","","24","IEEE","1 Jan 2025","2-5 Sept. 2024","2-5 Sept. 2024","IEEE","IEEE Conferences"
"Design of an AI-driven Network Digital Twin for advanced 5G-6G network management","A. Karamchandani; M. Sanz; Á. Burgaleta; L. De La Cal; A. Mozo; J. I. Moreno; A. Pastor; D. R. López","Departamento de Sistemas Informáticos, Universidad Politécnica de Madrid, Madrid, Spain; Departamento de Ingeniería de Sistemas Telemáticos, Universidad Politécnica de Madrid, Madrid, Spain; Telefónica I+D, Madrid, Spain; Departamento de Sistemas Informáticos, Universidad Politécnica de Madrid, Madrid, Spain; Departamento de Sistemas Informáticos, Universidad Politécnica de Madrid, Madrid, Spain; Departamento de Ingeniería de Sistemas Telemáticos, Universidad Politécnica de Madrid, Madrid, Spain; Telefónica I+D, Madrid, Spain; Telefónica I+D, Madrid, Spain",NOMS 2024-2024 IEEE Network Operations and Management Symposium,"2 Jul 2024","2024","","","1","7","The Network Digital Twin (NDT) developed in the B5GEMINI project is presented in this article, highlighting its architecture, objectives, functionalities, and practical applications. The design of the NDT architecture is detailed, including the establishment of the foundational infrastructure, developed as part of B5GEMINI-INFRA. The integration of artificial intelligence techniques for network management tasks within B5GEMINI-AIUC is illustrated with relevant use cases, such as the detection of cybersecurity attacks and the simulation and optimization of virtual reality applications, to demonstrate the usefulness and potential of the proposed NDT solution. The platform enables controlled experimentation and data collection for training Machine Learning (ML) models, addressing challenges associated with realistic network traffic datasets and cybersecurity experiments without disrupting live networks. The infrastructure supporting the NDT allows for creating virtual scenarios, isolating traffic between experiments, on-demand traffic generation, and capture, ensuring repeatability and enabling evaluation of different detection and mitigation tools under identical conditions. Additionally, an in-depth use case focusing on ML-based detection of a simulated denial of service attack through DNS over HTTPS within a 5G network framework showcases the NDT’s potential to provide a secure environment for testing and validating ML-based solutions without disrupting live networks.","2374-9709","979-8-3503-2793-9","10.1109/NOMS59830.2024.10575106","European Commission; EMI; ","https://ieeexplore.ieee.org/stamp/stamp.jsp?arnumber=10575106","network digital twin;artificial intelligence;machine learning;cybersecurity;5G network","Training;Solid modeling;Virtual reality;Telecommunication traffic;Machine learning;HTTP;Digital twins","","12","","31","IEEE","2 Jul 2024","6-10 May 2024","6-10 May 2024","IEEE","IEEE Conferences"
"Role of AI and Open RAN in 6G Networks: Performance Impact and Key Technologies","Y. S. Junejo; F. K. Shaikh; B. S. Chowdhry; W. Ejaz","Dept. of Electrical Engineering, Lakehead University, Barrie, ON, Canada; Telecommunication Engineering, Mehran University of Engg. & Tech., Jamshoro, Pakistan; Telecommunication Engineering, Mehran University of Engg. & Tech., Jamshoro, Pakistan; Dept. of Electrical Engineering, Lakehead University, Barrie, ON, Canada",2024 IEEE International Conference on Advanced Telecommunication and Networking Technologies (ATNT),"23 Oct 2024","2024","1","","1","4","Integrating artificial intelligence (AI) and open radio access network (RAN) into sixth-generation (6G) networks has led to significant transformation and advancement in the wireless communications industry, especially for cellular networks. It offers enhanced network performance, which is essential for future networks. This paper examines the impact of AI and O-RAN integration in the 6G architecture and possibly the latest 6G technologies, providing insight into how these technologies can benefit from the AI-based open 6G RAN architecture. We discuss the challenges of transitioning from traditional to future RAN, including interoperability, mobility, performance issues, complexity, and regulatory standards, and propose the possible future directions to these challenges.","","979-8-3503-5350-1","10.1109/ATNT61688.2024.10719225","","https://ieeexplore.ieee.org/stamp/stamp.jsp?arnumber=10719225","Open 6G RAN;AI-RAN;6G Enabling Technologies","6G mobile communication;Wireless communication;Industries;Cellular networks;Open RAN;Communications technology;Complexity theory;Artificial intelligence;Standards;Interoperability","","2","","12","IEEE","23 Oct 2024","9-10 Sept. 2024","9-10 Sept. 2024","IEEE","IEEE Conferences"
"Agentic-AI Framework for Integrated Design, Implementation, Testing, and Operation of Digital Twin Networks","R. Khaldi; A. Lehmann; B. Ghita; U. Trick","Research Group for Telecommunication Networks, Frankfurt University of Applied Sciences, Frankfurt am Main, Germany; Research Group for Telecommunication Networks, Frankfurt University of Applied Sciences, Frankfurt am Main, Germany; School of Engineering, Computing and Mathematics, University of Plymouth, Plymouth, U.K.; Research Group for Telecommunication Networks, Frankfurt University of Applied Sciences, Frankfurt am Main, Germany",IEEE Open Journal of the Communications Society,"30 Apr 2026","2026","7","","4352","4375","Digital Twin Networks (DTNs) are emerging as a key enabler for the robust optimization and lifecycle management of next-generation networks. However, current DTN approaches still rely heavily on manual design, implementation, testing, and validation of the DTN system, which are often tailored for specific application domains and lack generalization. This time-consuming creation and adaptation is incompatible with the highly dynamic nature of sixth-generation (6G) networks. Consequently, the DTN must be capable of adapting to the dynamic network environment, necessitating automated DTN generation and operation. Crucially, no unified framework currently supports an agentic workflow covering the entire lifecycle, from use-case inception and requirement specification to operation. This paper addresses this gap by presenting an adaptable, agentic framework to jointly design, implement, test, and operate DTNs in a closed loop. The proposed architecture is designed to be extensible, such that it can be reconfigured for other network domains (e.g., radio access, mobility) via its adaptable configuration mechanisms (e.g., agent prompt engineering, comprehensive data collection and control interfaces). However, both the current implementation and experimental evaluation are scoped to core network management and topology optimization. Subsequently, the framework autonomously orchestrates continuous perception, reflection, planning, code generation, testing, validation, and control. We evaluate the framework’s capability through two distinct 6G use cases: Multi-Access Edge Computing (MEC) service migration and network slicing. Extensive evaluations with state-of-the-art Large Language Models (LLMs) demonstrate the framework’s ability to reliably translate high-level intents into valid actuations that fulfill the specified Key Performance Indicators (KPIs), achieving high success rates while revealing distinct model-specific engineering strategies.","2644-125X","","10.1109/OJCOMS.2026.3686199","","https://ieeexplore.ieee.org/stamp/stamp.jsp?arnumber=11489257","Agentic-AI;closed-loop control;digital twin network (DTN);generative artificial intelligence (GenAI);intent-based networking (IBN);network management;requirements engineering;sixth-generation (6G) network","Telemetry;Aerospace and electronic systems;Payloads;Optical waveguides;Optical fibers;Feeds;Antennas;Feedback;Circuits;Filtering","","","","47","CCBY","21 Apr 2026","2026","","IEEE","IEEE Journals"
"5G/6G Architecture Evolution for XR and Metaverse: Feasibility Study, Security, and Privacy Challenges for Smart Culture Applications","M. Christopoulou; I. Koufos; G. Xilouris; N. Dimitriou","Institute of Informatics and Telecommunications, NCSR ‘‘Demokritos,’’, Agia Paraskevi, Greece; Institute of Informatics and Telecommunications, NCSR ‘‘Demokritos,’’, Agia Paraskevi, Greece; Institute of Informatics and Telecommunications, NCSR ‘‘Demokritos,’’, Agia Paraskevi, Greece; Institute of Informatics and Telecommunications, NCSR ‘‘Demokritos,’’, Agia Paraskevi, Greece",IEEE Access,"17 Jun 2025","2025","13","","103077","103094","This paper investigates the evolution of 5G/6G architectures to support demanding Extended Reality (XR) and Metaverse applications, focusing specifically on the “smart culture” domain. We evaluate the capabilities of the 5G Service-Based Architecture (SBA), including Multi-Access Edge Computing (MEC) and network analytics, through a comprehensive feasibility study comparing stringent XR requirements (bitrate, latency, capacity, power, accuracy) against current 5G performance. Our key contribution is the identification of significant performance gaps where 5G struggles to meet the demands of advanced XR, particularly concerning capacity, scalability, and ultra-low latency. Furthermore, we provide a detailed analysis of critical security and privacy challenges inherent in 5G-enabled XR environments, including virtualization vulnerabilities, API security, and sensitive data protection. While 5G provides core capabilities, significant challenges persist, emphasizing the need for continued research and the evolution toward 6G to effectively support immersive experiences in smart culture and the Metaverse.","2169-3536","","10.1109/ACCESS.2025.3578595","IoT2Cloud Operating System-Towards a functional continuum operating system (ICOS) Project funded by European Union’s Horizon Research and Innovation Program(grant numbers:101070177); Smart Networks and Services Joint Undertaking (SNS JU) under the European Union (EU) Horizon Europe Program Privateer(grant numbers:101096110); 6G-Cloud Project(grant numbers:101139073); National Recovery and Resilience Plan Greece 2.0 funded by European Union–NextGenerationEU (Project: Smart Cities)(grant numbers:TAEDR-0536642); ","https://ieeexplore.ieee.org/stamp/stamp.jsp?arnumber=11030451","5G/6G networks;AR/XR/VR;metaverse;smart culture;education;edge computing;MEC;immersive applications;cybersecurity;privacy","Metaverse;Security;5G mobile communication;Cultural differences;Computer architecture;Privacy;6G mobile communication;Real-time systems;Museums;Art","","13","","73","CCBYNCND","11 Jun 2025","2025","","IEEE","IEEE Journals"
"How could 6G Transform Engineering Platforms Towards Ecosystemic Business Models?","S. Yrjölä; M. Matinmikko-Blue; P. Ahokangas","Nokia; University of Oulu, Oulu, Finland; University of Oulu, Center for Wireless Communications, Oulu, Finland; University of Oulu Oulu Business School, Oulu, Finland",2020 2nd 6G Wireless Summit (6G SUMMIT),"4 May 2020","2020","","","1","5","Developing products, services and vertical applications for the future digitized society in the 6G era requires a multidisciplinary approach and a re-imagining of how we create, deliver and consume network resources, data and services. This development will change the traditional business models and ecosystem roles, as well as open the market for new stakeholders like micro-operators, cloud operators and resource brokers. Paper discusses unprecedented opportunities of enabling and stimulating multiple stakeholders to have a more active participation in the future 6G ecosystem via platform-based ecosystemic business models. The research extends the product platform and service modularity concepts beyond connectivity innovations towards multisided transactional ecosystem platforms.","","978-1-7281-6047-4","10.1109/6GSUMMIT49458.2020.9083737","","https://ieeexplore.ieee.org/stamp/stamp.jsp?arnumber=9083737","business models;ecosystems;platform;service modularity;5G;6G","6G mobile communication;Wireless communication;Technological innovation;5G mobile communication;Biological system modeling;Ecosystems;Transforms;Service-oriented architecture;Stakeholders;Business","","7","","50","IEEE","4 May 2020","17-20 March 2020","17-20 March 2020","IEEE","IEEE Conferences"
"6G Vision, Value, Use Cases and Technologies From European 6G Flagship Project Hexa-X","M. A. Uusitalo; P. Rugeland; M. R. Boldi; E. C. Strinati; P. Demestichas; M. Ericson; G. P. Fettweis; M. C. Filippou; A. Gati; M. -H. Hamon; M. Hoffmann; M. Latva-Aho; A. Pärssinen; B. Richerzhagen; H. Schotten; T. Svensson; G. Wikström; H. Wymeersch; V. Ziegler; Y. Zou","Nokia Bell Labs, Espoo, Finland; Ericsson Research, Stockholm, Sweden; Telecom Italia (TIM), Turin, Italy; CEA/LETI, Grenoble, France; Wings ICT-Solutions, Nea Smyrni, Athens, Greece; Ericsson Research, Luleå, Sweden; TU Dresden, Dresden, Germany; Next Generation and Standards Group, Intel Germany, Neubiberg, Germany; Orange, Rennes, France; Orange, Rennes, France; Nokia Bell Labs, Munich, Germany; Center of Wireless Communications, University of Oulu, Oulu, Finland; Center of Wireless Communications, University of Oulu, Oulu, Finland; Siemens, Munich, Germany; Wireless Communication and Navigation, University of Kaiserslautern, Kaiserslautern, Germany; Department of Electrical Engineering, Communication Systems Group, Chalmers University of Technology, Gothenburg, Sweden; Ericsson Research, Stockholm, Sweden; Department of Electrical Engineering, Communication Systems Group, Chalmers University of Technology, Gothenburg, Sweden; Nokia Bell Labs, Munich, Germany; TU Dresden, Dresden, Germany",IEEE Access,"10 Dec 2021","2021","9","","160004","160020","While 5G is being deployed and the economy and society begin to reap the associated benefits, the research and development community starts to focus on the next, 6th Generation (6G) of wireless communications. Although there are papers available in the literature on visions, requirements and technical enablers for 6G from various academic perspectives, there is a lack of joint industry and academic work towards 6G. In this paper a consolidated view on vision, values, use cases and key enabling technologies from leading industry stakeholders and academia is presented. The authors represent the mobile communications ecosystem with competences spanning hardware, link layer and networking aspects, as well as standardization and regulation. The second contribution of the paper is revisiting and analyzing the key concurrent initiatives on 6G. A third contribution of the paper is the identification and justification of six key 6G research challenges: (i) “connecting”, in the sense of empowering, exploiting and governing, intelligence; (ii) realizing a network of networks, i.e., leveraging on existing networks and investments, while reinventing roles and protocols where needed; (iii) delivering extreme experiences, when/where needed; (iv) (environmental, economic, social) sustainability to address the major challenges of current societies; (v) trustworthiness as an ingrained fundamental design principle; (vi) supporting cost-effective global service coverage. A fourth contribution is a comprehensive specification of a concrete first-set of industry and academia jointly defined use cases for 6G, e.g., massive twinning, cooperative robots, immersive telepresence, and others. Finally, the anticipated evolutions in the radio, network and management/orchestration domains are discussed.","2169-3536","","10.1109/ACCESS.2021.3130030","European Union’s Horizon 2020 Research and Innovation Program(grant numbers:101015956 Hexa-X); ","https://ieeexplore.ieee.org/stamp/stamp.jsp?arnumber=9625032","6G;communication systems;wireless communication;Tbps;AI/ML;network architecture","6G mobile communication;Europe;5G mobile communication;Industries;Sustainable development;Stakeholders;Wireless networks","","286","","72","CCBY","23 Nov 2021","2021","","IEEE","IEEE Journals"
"Real-Time Network Optimization in 6G minimizing End-to-End Delay Using SARSA Algorithm","T. Chauhan; R. P N","Vellore Institute of Technology, Chennai, India; School of Computer Science and Engineering, Vellore Institute of Technology, Chennai, India","2024 IEEE International Students' Conference on Electrical, Electronics and Computer Science (SCEECS)","2 Apr 2024","2024","","","1","4","As 6G networks take off, there is an increasing need for effective system optimization strategies that can decrease end-to-end (e2e) delay and improve the general efficiency of the network. The SARSA (State-Action-Reward-State-Action) algorithm, which can learn from the network ecosystem and optimize network parameters accordingly, is the foundation of the unique real-time network optimization approach that is suggested in this research. With the aid of a simulation environment that replicates the actual 6G network environment, we assess the suggested approach. Our findings show that, the SARSA algorithm may substantially decrease e2e delay and improve network performance. In general, this research offers an intriguing plan for network optimization in 6G networks and emphasizes the SARSA algorithm's potential for improving real-time network reliability.","2688-0288","979-8-3503-4846-0","10.1109/SCEECS61402.2024.10481931","","https://ieeexplore.ieee.org/stamp/stamp.jsp?arnumber=10481931","SARSA algorithm;6G;Network Optimization;e2e delay","6G mobile communication;Wireless communication;Technological innovation;Heuristic algorithms;Reinforcement learning;Massive MIMO;Reliability engineering","","","","14","IEEE","2 Apr 2024","24-25 Feb. 2024","24-25 Feb. 2024","IEEE","IEEE Conferences"
"Digital Twin-based Aerial Mobile Edge Computing System for Next Generation 6G Networks","M. A. Baker Siddiki Abir; M. Zaman Chowdhury","Institute of Information and Communication Technology, Khulna University of Engineering & Technology (KUET), Khulna, Bangladesh; Depertment of Electrical and Electronic Engineering, Khulna University of Engineering & Technology (KUET), Khulna, Bangladesh",2023 6th International Conference on Electrical Information and Communication Technology (EICT),"13 Feb 2024","2023","","","1","5","The rapid advancement of communication technology has driven up increasing demand for next generation sixth-generation (6G) networks to meet ultra-low latency and high connectivity specifications. In this context, unmanned aerial vehicle (UAV)-based mobile edge computing (MEC) has recently emerged as an attractive prospect by providing low latency with faster tasks offloading at the edge of the network. On the other hand, the incorporation of the digital twin (DT) concept into the aerial MEC paradigm can enable intelligence, adaptability, and efficiency, making it a potent and innovative solution for the forthcoming ultra-dense heterogeneous 6G networks. Therefore, to provide high network performance to real-time and latency-sensitive applications in 6G systems, this paper offers an innovative DT-based aerial MEC architecture that employs UAVs as aerial base stations complemented by MEC features. Moreover, an adaptive task offloading (ATO) algorithm is also developed which can provide dynamic resource allocation and intelligent decision-making ability. Additionally, simulation-based mathematical assessments further demonstrate the proposed model’s superior performance compared with conventional UAV-based MEC, highlighting its potential in shaping the future of 6G networks with enhanced scalability and higher efficiency.","","979-8-3503-7083-6","10.1109/EICT61409.2023.10427658","","https://ieeexplore.ieee.org/stamp/stamp.jsp?arnumber=10427658","6G networks;Aerial network;Digital twin;Mobile edge computing;Task offloading;UAV","6G mobile communication;Multi-access edge computing;Scalability;Heuristic algorithms;Resource management;Task analysis;Next generation networking","","3","","18","IEEE","13 Feb 2024","7-9 Dec. 2023","7-9 Dec. 2023","IEEE","IEEE Conferences"
"Adaptive Modeling Methods for 6G Digital Twin Networks: An Intelligence-Based Reinforcement Learning Approach","Y. Ren; L. Fan; H. Zhang; F. R. Yu; X. Cao; W. Huangfu; Y. He","School of Computer and Communication Engineering and the Shunde Innovation School, University of Science and Technology Beijing, Beijing, China; School of Computer and Communication Engineering and the Shunde Innovation School, University of Science and Technology Beijing, Beijing, China; School of Computer and Communication Engineering and the Shunde Innovation School, University of Science and Technology Beijing, Beijing, China; College of Computer Science and Software Engineering, Shenzhen University, Shenzhen, China; School of Electronic Information Engineering, Inner Mongolia University, Hohhot, China; School of Computer and Communication Engineering, University of Science and Technology Beijing, Beijing, China; College of Computer Science and Software Engineering, Shenzhen University, Shenzhen, China",IEEE Network,"16 Jan 2026","2026","40","1","227","237","As 6G networks advance, endogenous intelligence becomes critical for achieving autonomous, adaptive, and efficient operation. Digital twin networks (DTNs) reinforce this capability by replicating physical entities in real time, supporting intelligent decision-making and global network optimization. However, DTN modeling faces significant challenges, particularly in meeting diverse and dynamic requirements across heterogeneous network domains. Traditional methods often rely on predefined scalar reward functions that compress multi-objective feedback into a single value, limiting interpretability and hindering generalization and adaptability. To address these limitations, this paper proposes an intelligence-based reinforcement learning (IRL) approach for adaptive 6G DTN modeling. The method introduces a high-level metric, termed “intelligence,” to quantify cognitive improvement. It models requirements as multi-dimensional random variables and replaces conventional scalar rewards to better capture the complex optimization objectives of DTN modeling. An adaptive multi-granularity modeling framework and its core mechanism are also proposed. Simulation results demonstrate the superiority of the proposed method over conventional RL and fixed-granularity strategies.","1558-156X","","10.1109/MNET.2025.3592160","Beijing Natural Science Foundation(grant numbers:L241008); China Postdoctoral Science Foundation(grant numbers:2023TQ0021,2024M750180); Basic and Applied Basic Research Foundation of Guangdong Province(grant numbers:2025A1515010183); ","https://ieeexplore.ieee.org/stamp/stamp.jsp?arnumber=11091330","Digital Twin Networks (DTNs);Adaptive Multi-Granularity Modeling;Intelligence-based Reinforcement Learning (IRL)","Adaptation models;Data models;6G mobile communication;Digital twins;Real-time systems;Predictive models;Computational modeling;Optimization;Artificial intelligence;Resource management","","3","","15","IEEE","23 Jul 2025","Jan. 2026","","IEEE","IEEE Magazines"
"6G: The Intelligent Network of Everything","H. Pennanen; T. Hänninen; O. Tervo; A. Tölli; M. Latva-Aho","Centre for Wireless Communications, University of Oulu, Oulu, Finland; Centre for Wireless Communications, University of Oulu, Oulu, Finland; Centre for Wireless Communications, University of Oulu, Oulu, Finland; Centre for Wireless Communications, University of Oulu, Oulu, Finland; Centre for Wireless Communications, University of Oulu, Oulu, Finland",IEEE Access,"2 Jan 2025","2025","13","","1319","1421","The global 6G vision has taken its shape after years of international research and development efforts. This work culminated in ITU-R Recommendation on “IMT-2030 Framework”. While the definition phase of technological requirements is currently ongoing, 3GPP standardization process on 6G networks is expected to start in 2025 and worldwide commercialization around 2029–2030. It is timely to present an up-to-date overview of the entire 6G research field. This article serves as a comprehensive guide to 6G by providing an overall vision, a contemporary survey of the main literature, and an informative tutorial-type presentation style. In our vision, 6G will be based on three fundamental elements: wireless, artificial intelligence, and Internet of Everything. Consequently, 6G can ultimately become the Intelligent Network of Everything while serving as an enabling platform for the next major disruption in mobile communication, called mobile intelligence. The potential of mobile intelligence is that anything can be made connected, intelligent, and aware of its environment. This will revolutionize the way how devices, systems, and applications are designed; how they operate and interact with humans and each other; and how they can be used for the benefit of people, society, and the world in general. After high-level visioning, the main details of 6G are discussed, including fundamental elements, disruptive applications, key use cases, main performance requirements, potential technologies, and defining features. A special focus is given to a comprehensive set of potential 6G technologies, each of which is introduced in a tutorial manner, with a discussion on the vision, introduction, past, present, opportunities, challenges, literature, and future research directions. Finally, we speculate on what comes after 6G and sketch the first high-level vision of 7G. All in all, the objective of this article is to provide a thorough guide to 6G in order to serve as a source of knowledge and inspiration for further research and development work in academia, industry, and standardization bodies.","2169-3536","","10.1109/ACCESS.2024.3521579","Research Council of Finland (former Academy of Finland) 6G Flagship Program(grant numbers:346208); ","https://ieeexplore.ieee.org/stamp/stamp.jsp?arnumber=10812743","5G;6G;7G;artificial intelligence;beyond 6G;deep intelligence;deep learning;edge intelligence;federated learning;hyperverse;IMT-2030;internet of everything;machine learning;metaverse;mobile intelligence;mobile networks;smart society;transfer learning","5G mobile communication;6G mobile communication;3G mobile communication;Telephony;Long Term Evolution;Mobile handsets;Internet of Things;3GPP;Standardization;Touch sensitive screens","","111","","658","CCBY","23 Dec 2024","2025","","IEEE","IEEE Journals"
"Toward Self-Optimizing 6G Networks Through Network Digital Twin Intelligence: A Real Network Traffic Evaluation","J. Sengendo; F. Granelli","Department of Information Engineering and Computer Science, University of Trento, Trento, Italy; Department of Information Engineering and Computer Science, University of Trento, Trento, Italy",IEEE Networking Letters,"8 Apr 2026","2026","8","","174","178","Driven by advancing digital ecosystems, the next-generation network vision promises unprecedented levels of intelligence, adaptability, and automation. Key 6G properties such as native artificial intelligence integration, a highly cognitive architecture, ultra-low latency, high-dense connectivity, and self-optimization require automated algorithms and intelligent enabler technologies. Network Digital Twins (NDTs) are a key enabler for mobile networks, due to their capability in replicating physical network operations. In this letter, we discuss how NDTs enable AI-native and self-optimizing networks. Leveraging real network traffic data, our framework achieved up to 98.3% voice/SMS traffic prediction accuracy, self-optimized load reduction, improved energy efficiency, and anomaly detection.","2576-3156","","10.1109/LNET.2026.3664288","MARE Project from the Smart Networks and Services Joint Undertaking (SNS JU) under the European Union’s Horizon Europe Research and Innovation Programme(grant numbers:101191436); ","https://ieeexplore.ieee.org/stamp/stamp.jsp?arnumber=11395401","Network digital twins (NDTs);artificial intelligence (AI);self-optimization;energy efficiency","Digital twins;Optimization;Artificial intelligence;Anomaly detection;6G mobile communication;Radio access networks;Energy efficiency;Reliability;Real-time systems;Predictive models","","","","22","IEEE","12 Feb 2026","2026","","IEEE","IEEE Journals"
"5G mobile networks and Digital Twins concept: Research challenges in network DT emulation","V. Pantovic; D. Milovanovic; D. Starcevic; Z. Bojkovic","University Union-Nikola Tesla, Belgrade, Serbia; University of Belgrade, Belgrade, Serbia; University of Belgrade, Belgrade, Serbia; University of Belgrade, Belgrade, Serbia","2022 4th International Conference on Emerging Trends in Electrical, Electronic and Communications Engineering (ELECOM)","1 Dec 2022","2022","","","1","4","In this paper, a comprehensive overview of digital twins (DT) for 5G mobile systems and their mutual support is presented. First, we introduce fundamental DT concepts in the creation of virtual representations of complex real-world systems. Second, for DT support in the emulation of 5G networks, we identified challenges in design, optimization, network operation and maintenance. Third, examples of specific DT use cases including smart manufacturing as the leading 5G vertical are considered. The continuously growing demands create new requirements and trends. We discuss open research challenges together with possible directions for future work.","","978-1-6654-6697-4","10.1109/ELECOM54934.2022.9965265","","https://ieeexplore.ieee.org/stamp/stamp.jsp?arnumber=9965265","5G mobile systems;Digital Twins;network DT","Industries;5G mobile communication;Wireless networks;Emulation;Market research;Digital twins;Safety","","9","","22","IEEE","1 Dec 2022","22-24 Nov. 2022","22-24 Nov. 2022","IEEE","IEEE Conferences"
"Digital Twin Enabled Intelligent Network Orchestration for 6G: A Dual-Layered Approach","P. Jia; X. Wang; X. S. Shen","Department of Electrical and Computer Engineering, Western University, Canada; Department of Electrical and Computer Engineering, Western University, Canada; Department of Electrical and Computer Engineering, University of Waterloo, Canada",IEEE INFOCOM 2023 - IEEE Conference on Computer Communications Workshops (INFOCOM WKSHPS),"29 Aug 2023","2023","","","1","6","Meeting diverse service requirements concurrently in the future 6th-generation (6G) networks is becoming extremely challenging due to the dramatically increased network and service complexities. Overcoming this challenge relies on accurate and timely understanding of network dynamics and distributed service requirements. However, the excessive delay and resource consumption associated with network-wide information gathering and centralized processing will inevitably deteriorate the 6G network operation effectiveness. To address this challenge, a dual-layered digital twin paradigm is proposed in this paper to enable intelligent network orchestration for fast real-time optimization of 6G networks. Rapid identification of problematic network situations and the corresponding fast decision-making in tackling the related issues are successively achieved by the two layers of the proposed digital twin. The new dual-layered digital twin is further adopted for traffic engineering in 6G networks with maximized quality of service provisioning. Simulation results demonstrate that the dual-layered digital twin paradigm can intelligently achieve accurate and situation-aware digital twin construction and network optimization with enhanced efficiency.","2833-0587","978-1-6654-9427-4","10.1109/INFOCOMWKSHPS57453.2023.10226083","","https://ieeexplore.ieee.org/stamp/stamp.jsp?arnumber=10226083","5G/6G;digital twin network;traffic engineering;heterogeneous networks;synchronization;QoS","6G mobile communication;Intelligent networks;Simulation;Conferences;Decision making;Quality of service;Real-time systems","","4","","12","IEEE","29 Aug 2023","20-20 May 2023","20-20 May 2023","IEEE","IEEE Conferences"
"A Quality-Driven Network Digital Twin Model with Application to Energy Efficient Mobile Networks","A. Y. Chouquir; S. Saba; C. C. González; M. Martalò; V. Pilloni","DIEE and CNIT, University of Cagliari, Italy; DIEE and CNIT, University of Cagliari, Italy; i2CAT Foundation, Barcelona, Spain; DIEE and CNIT, University of Cagliari, Italy; DIEE and CNIT, University of Cagliari, Italy",2025 IEEE Globecom Workshops (GC Wkshps),"7 Jul 2026","2025","","","320","325","The evolution of mobile applications toward ultralow latency, high reliability, and seamless connectivity is making efficient and quality-aware resource allocation of paramount importance. In this context, Network Digital Twins (NDTs), which are virtual replicas of physical network elements, enable real-time monitoring, simulation, and optimization, enhancing network operators’ ability to manage and optimize network performance. However, the effectiveness of NDTs depends on their capacity to accurately model and represent network components, their characteristics, functionalities, and interactions. This paper introduces an ontology-driven approach to defining and implementing NDT functionalities. The proposed ontology provides a structured framework for organizing complex network data, improving interoperability, automation, and intelligent decision-making. Furthermore, it ensures that service requirements are mapped to network parameters to enable quality-driven network management by linking service demands with physical resource availability. The proposed framework for NDT creation and management is implemented and validated using the Microsoft Azure platform. Its performance is then evaluated through an orchestrator that optimizes resource allocation based on real-time traffic data. In particular, a use case of energy efficiency in mobile networks is considered, where the serving Base Station (BS) is selected to reduce the overall network energy consumption. Results, visualized using Azure storage and a dedicated dashboard, demonstrate the effectiveness of the quality-aware ontology-driven approach in improving NDT performance, optimizing network operations, and ensuring adaptive, intelligent, and efficient network management in 6G environments.","2166-0077","979-8-3315-6741-5","10.1109/GCWkshps68340.2025.11590984","","https://ieeexplore.ieee.org/stamp/stamp.jsp?arnumber=11590984","Digital Twins;Network Digital Twins;ontology;quality","Modeling;Quality of service;Simulation;Ontologies;Printing;Digital twins;Timing;Equations;Sleep;5G mobile communication","","","","17","IEEE","7 Jul 2026","8-12 Dec. 2025","8-12 Dec. 2025","IEEE","IEEE Conferences"
"Microservice-Based Architecture for Situation Awareness in Network Digital Twin","C. A. Gómez-Vega; A. Vaccari; F. Ferrari; R. Marini; M. Z. Win; A. Conti","Department of Engineering and CNIT, University of Ferrara, Ferrara, Italy; Department of Engineering and CNIT, University of Ferrara, Ferrara, Italy; Department of Engineering and CNIT, University of Ferrara, Ferrara, Italy; National Laboratory of Wireless Communications, CNIT, Bologna, Italy; Laboratory for Information and Decision Systems, Massachusetts Institute of Technology, Cambridge, MA, USA; Department of Engineering and CNIT, University of Ferrara, Ferrara, Italy",IEEE Networking Letters,"25 Feb 2026","2026","8","","24","28","Real-time digital twin of network functionalities and behaviors at different levels, namely network digital twin (NDT), is essential for efficient next-generation (xG) network and service management. To accurately represent and emulate the network behavior, NDT requires real-time situation awareness. This letter introduces a microservice-based architecture (MSA) for exposing situation awareness in NDT. Multimodal localization and sensing provide situational information of connected devices and unconnected targets employing heterogeneous technologies, namely xG, ultra-wideband, and radar. We propose a data model to describe generic assets incorporating situational information for its integration within NDT. A case study shows the functionalities of the proposed architecture in an industrial network considering a use case of mobile robots.","2576-3156","","10.1109/LNET.2025.3621696","European Union under the NextGenerationEU Italian NRRP PE00000001 Program RESTART; National Research Foundation of Korea(grant numbers:RS-2024-00409492); Robert R. Taylor Professorship; ","https://ieeexplore.ieee.org/stamp/stamp.jsp?arnumber=11204490","Network digital twin;situation awareness;localization;sensing;microservices;6G","Data models;Microservice architectures;Location awareness;Sensors;Digital twins;Computer architecture;Robot sensing systems;Pipelines;Data aggregation;Wireless sensor networks","","1","","28","IEEE","15 Oct 2025","2026","","IEEE","IEEE Journals"
"A Service Placement Algorithm Based on Merkle Tree in MEC Systems Assisted by Digital Twin Networks","C. Dai; K. Yang; C. Deng","School of Information and Communication Engineering, University of Electronic Science and Technology of China, Chengdu, China; School of Information and Communication Engineering, University of Electronic Science and Technology of China, Chengdu, China; School of Information and Communication Engineering, University of Electronic Science and Technology of China, Chengdu, China",2022 IEEE 21st International Conference on Ubiquitous Computing and Communications (IUCC/CIT/DSCI/SmartCNS),"4 Apr 2023","2022","","","37","43","This paper considers a digital twin network (DTN) assisted mobile edge computing (MEC) system. When wireless device (WD) users request services from MECs, we assume in the system there are a cloud server, storing all of service entities, and a lightweight digital twin network, providing the digital replicas of state information of all MECs instead of service entities. We aim to maximize the number of service requests served by the MECs, or, equivalently, to minimize the load of the cloud. This is formulated as a mixed-integer non-convex optimization problem. We propose a service placement algorithm based on hash-based data structure called Merkle tree to solve the problem. The introduction of candidate mode pruning effectively reduces the time complexity of the algorithm in iterations. Simulation results show that our proposed method has a better performance compared with the other benchmarks.","","978-1-6654-7726-0","10.1109/IUCC-CIT-DSCI-SmartCNS57392.2022.00020","Research and Development; ","https://ieeexplore.ieee.org/stamp/stamp.jsp?arnumber=10086087","Digital twin network;mobile edge computing;service placement;Merkle tree;candidate mode pruning","Wireless communication;Multi-access edge computing;Simulation;Heuristic algorithms;Benchmark testing;Ubiquitous computing;Digital twins","","2","","17","IEEE","4 Apr 2023","19-21 Dec. 2022","19-21 Dec. 2022","IEEE","IEEE Conferences"
"Adaptive Network Configuration Using Network Digital Twin and AI/ML: Performance-Driven Approach","P. Singh; K. Subramaniam; V. Narayanan; D. Gautam; A. Kaushik","Samsung Research Institute, Bangalore, India; Samsung Research Institute, Bangalore, India; Samsung Research Institute, Bangalore, India; Samsung Research Institute, Bangalore, India; Samsung Research Institute, Bangalore, India",2025 IEEE International Conference on Advanced Networks and Telecommunications Systems (ANTS),"16 Mar 2026","2025","","","1","6","Modern mobile networks are experiencing unprecedented complexity on the path toward Sixth Generation (6G), necessitating intelligent and adaptive management solutions. This paper introduces a comprehensive framework that integrates Network Digital Twin (NDT) technology with Third Generation Partnership Project (3GPP) Management Data Analytics (MDA) and closed-loop Artificial Intelligence (AI)/Machine Learning (ML) automation for risk-free, Service Level Agreement (SLA)-assured network-configuration optimisation. To the best of the authors’ knowledge, this is the first publicly reported implementation of 3GPP Technical Report (TR) 28.915 Use Case 5.5 for automation, combining high-fidelity digital twinning, real-time monitoring and reinforcement learning in a standards-driven architecture. Extensive Fifth Generation (5G) Radio Access Network (RAN) simulations demonstrate substantial improvements: 22.9% throughput increase, 23.9% latency reduction and 68.7% fewer SLA violations relative to static configurations. The modular architecture is designed for seamless evolution toward 6G performance objectives, establishing a robust foundation for AI-native, programmable future networks.","2153-1684","979-8-3315-2681-8","10.1109/ANTS66931.2025.11429834","","https://ieeexplore.ieee.org/stamp/stamp.jsp?arnumber=11429834","Network Digital Twin;AI/ML;5G;6G;Network Automation;Configuration Optimization;3GPP Standards;Performance Assurance","6G mobile communication;Adaptive systems;3GPP Standards;5G mobile communication;Throughput;Digital twins;3GPP;Optimization;Service level agreements;Radio access networks","","","","12","IEEE","16 Mar 2026","15-18 Dec. 2025","15-18 Dec. 2025","IEEE","IEEE Conferences"
"Predictive QoE-Driven Radio Resource Management via Network Digital Twin in 5G and Beyond Networks","E. Boffetti; A. Rago; G. Piro; G. Boggia","Department of Electrical and Information Engineering, Politecnico di Bari, Bari, Italy; Department of Electrical and Information Engineering, Politecnico di Bari, Bari, Italy; Department of Electrical and Information Engineering, Politecnico di Bari, Bari, Italy; Department of Electrical and Information Engineering, Politecnico di Bari, Bari, Italy",IEEE Transactions on Network and Service Management,"31 Jul 2026","2026","23","","6403","6418","The evolution toward Beyond 5G networks introduces stringent requirements for intelligent Radio Resource Management (RRM) capable of jointly optimizing Quality of Experience (QoE) and resource utilization under highly dynamic conditions. This paper proposes a predictive QoE-driven RRM framework built upon an AI-enabled Network Digital Twin (NDT), which operates as a high-fidelity replica of the physical network to support proactive and efficient system-level resource allocation. The proposed approach integrates a Deep Learning (DL)-based module for forecasting future objective QoE metrics, namely Mean Opinion Score (MOS) values, with a Deep Reinforcement Learning (DRL) agent for dynamic Physical Resource Block (PRB) allocation. By incorporating predicted QoE levels over a finite horizon into the DRL agent’s state representation, the framework enables foresighted and policy-aware resource management while reducing synchronization overhead between the NDT and the physical infrastructure. Extensive simulations under heterogeneous traffic loads and QoE policies demonstrate that the proposed approach maintains high median QoE levels while adaptively regulating resource utilization, avoiding the systematic saturation observed with baseline static schedulers. The results further highlight stable learning behavior across DRL variants and confirm real-time feasibility with limited computational overhead.","1932-4537","","10.1109/TNSM.2026.3716878","PN RIC project “Secure Ubiquitous Networks and Services, SUNS”(grant numbers:QIIR112 00048,B99H26000340007); PN RIC project “Centro meridionale per l’innovazione quantistica, Q-SUD”(grant numbers:QIIR112 00051,B99H26000380007); Italian MUR, by the project “Artificial Intelligence On-Board Satellite, AIOS”(grant numbers:B99J25000160005); Italian MIMIT, and by the HORIZON MSCA project BRIDGITISE(grant numbers:101119554); ","https://ieeexplore.ieee.org/stamp/stamp.jsp?arnumber=11623292","Quality of experience (QoE);radio resource management (RRM);network digital twin (NDT);artificial intelligence (AI);5G and beyond networks","Quality of experience;Resource management;Synchronization;Vehicles;Timing;Modeling;Optimization;5G mobile communication;Modules (abstract algebra);Base stations","","","","58","CCBY","24 Jul 2026","2026","","IEEE","IEEE Journals"
"Towards Trustworthy Reinforcement Learning-based Resource Management in Beyond 5G","J. Pérez-Romero; O. Sallent; I. Vilà; E. Kartsakli; Ö. F. Tuna; S. K. Mohalik; X. Tao","Universitat Politècnica de Catalunya (UPC), Barcelona, Spain; Universitat Politècnica de Catalunya (UPC), Barcelona, Spain; Universitat Politècnica de Catalunya (UPC), Barcelona, Spain; Barcelona Supercomputing Center (BSC), Barcelona, Spain; Ericsson Research, Istanbul, Turkey; Ericsson Research, Stockholm, Sweden; Ericsson Research, Stockholm, Sweden",2024 Joint European Conference on Networks and Communications & 6G Summit (EuCNC/6G Summit),"19 Jul 2024","2024","","","806","811","It is envisaged that future Beyond 5G (B5G) systems will make extensive use of Artificial Intelligence (AI) capabilities to achieve an efficient automated management and optimization of communication and computing resources and to support advanced data-driven applications that provide the users with highly immersive services. Ensuring the trustworthiness of the AI solutions is key for their successful introduction in B5G, as this will guarantee their robustness towards errors and potential attack threats, the privacy of the used data and trained models and the explainability of AI-based decisions, ensuring that they do not have unsafe consequences. In this context, this paper focuses on the trustworthiness of Reinforcement Learning (RL) solutions, as their inherent trial-and-error behavior during training makes them particularly challenging from the robustness perspective. Then, the paper proposes a framework for managing the lifecycle of an RL-based resource management solution for both training and inference stages to ensure its trustworthy operation. The framework relies on an RL training configuration function to specify the training conditions, a Network Digital Twin (NDT) to perform the training on a safe environment and a continuous operation function to monitor the behaviour of the trained policy during inference. The framework is illustrated with an applicability use case of capacity sharing for network slicing.","2575-4912","979-8-3503-4499-8","10.1109/EuCNC/6GSummit60053.2024.10597001","","https://ieeexplore.ieee.org/stamp/stamp.jsp?arnumber=10597001","AI/ML-based optimization;Trustworthy AI;B5G/6G evolution;Reinforcement Learning","Training;5G mobile communication;Network slicing;Reinforcement learning;Robustness;Digital twins;Resource management","","1","","12","IEEE","19 Jul 2024","3-6 June 2024","3-6 June 2024","IEEE","IEEE Conferences"
"Future BANs - DTN Applications and Requirements","R. Khaldi; A. Lehmann; B. Ghita; U. Trick",NA; NA; NA; NA,Mobilkommunikation; 28. ITG-Fachtagung,"29 Aug 2024","2024","","","70","75","With the anticipated development of 6G technology, the scope of Body Area Network (BAN) applications is undergoing significant expansion, enhancing capabilities for a wider range of sophisticated scenarios, including augmented/virtual reality, holographic-type communication, and in particular integrated sensing and communication. This evolution introduces more stringent requirements, such as high data rates, low latency, precise synchronization, and advanced sensing capabilities. Given these advancements, traditional simulators, constrained by their inability to provide a real-time bidirectional connection with the actual network, fall short of addressing these complexities. A Digital Twin Network (DTN), serving as a real-time virtual replica of the physical network, can bridge this gap by simulating and testing BANs in order to troubleshoot, predict, and optimize their functionality and performance. This paper aims to present advanced BAN use cases with a special focus on sensing along with their stringent demands and demonstrates how DTN plays a crucial role in addressing these requirements through tailored DTN applications. Additionally, it will elaborate on the specific requirements for the digital twin that emerge from these applications. This work also involves identifying potential models that need to be considered to construct a comprehensive BAN digital twin framework.","","978-3-8007-6382-5","","","https://ieeexplore.ieee.org/stamp/stamp.jsp?arnumber=10651584","","","","","","","","29 Aug 2024","15-16 May 2024","15-16 May 2024","VDE","VDE Conferences"
"5G Enabling Technologies in Rail","R. XUE; Z. MA; X. MA; M. DAI","Institute of Computing Technology, China Academy of Railway Sciences Co. ltd., Beijing, China; Institute of Computing Technology, China Academy of Railway Sciences Co. ltd., Beijing, China; Institute of Computing Technology, China Academy of Railway Sciences Co. ltd., Beijing, China; Institute of Computing Technology, China Academy of Railway Sciences Co. ltd., Beijing, China",2020 2nd International Conference on Information Technology and Computer Application (ITCA),"7 May 2021","2020","","","372","375","Leveraging recent advances in IoT, blockchain, big data, artificial intelligence, and others, these state-of-art technologies still have difficulty in massive deployment and real fruition of working together in the industry. 5G brings new opportunities through enabling these technologies and thus leads to new developments. This paper introduces 5G and analyzes how 5G enable other technologies. Besides, it slices complicated railway scenarios into three aspects, and then discusses applications and innovations 5G and technologies can bring to rail.","","978-1-6654-0378-8","10.1109/ITCA52113.2020.00084","China Academy of Railway Sciences; ","https://ieeexplore.ieee.org/stamp/stamp.jsp?arnumber=9422090","5G;state-of-art technologies;enable;rail","Rails;Industries;Technological innovation;5G mobile communication;Blockchain;Big Data;Rail transportation","","2","","13","IEEE","7 May 2021","18-20 Dec. 2020","18-20 Dec. 2020","IEEE","IEEE Conferences"
"Deep Learning-Based Modeling of 5G Core Control Plane for 5G Network Digital Twin","Z. Tao; Y. Guo; G. He; Y. Huang; X. You","National Mobile Communications Research Laboratory, Southeast University, Nanjing, China; Pervasive Communication Research Center, Purple Mountain Laboratories, Nanjing, China; Pervasive Communication Research Center, Purple Mountain Laboratories, Nanjing, China; National Mobile Communications Research Laboratory, Southeast University, Nanjing, China; National Mobile Communications Research Laboratory, Southeast University, Nanjing, China",IEEE Transactions on Cognitive Communications and Networking,"7 Feb 2024","2024","10","1","238","251","Digital twin serves as a crucial facilitator in the advancement and implementation of emerging technologies within 5G and beyond networks. However, the intricate structure and diverse functionalities of the existing 5G core network, especially the control plane, present challenges in constructing core network digital twins. In this paper, we propose two novel data-driven architectures for modeling the 5G control plane and implement corresponding deep learning models, namely 5GC-Seq2Seq and 5GC-former, based on the Vanilla Seq2Seq model and Transformer decoder respectively. We also present a solution enabling the interconversion of signaling messages and length-limited vectors to construct a dataset. The experiments are based on 5G core network signaling messages collected by the Spirent C50 network tester, encompassing various procedures such as registration, handover, and PDU sessions. The results show that 5GC-Seq2Seq achieves a 99.997% F1-score (a metric measuring the accuracy of positive samples) in single UE scenarios with a simple structure, but exhibits significantly reduced performance in handling concurrency. In contrast, 5GC-former surpasses 99.999% F1-score while maintaining robust performance under concurrent UE scenarios by constructing a more complex and highly parallel model. These findings validate that our method accurately replicates the principal functionalities of the 5G core network control plane.","2332-7731","","10.1109/TCCN.2023.3324634","National Key R&D Program(grant numbers:2020YFB1806600,2022YFB2901601); National Natural Science Foundation of China(grant numbers:62225107); Major Key Project of Peng Cheng Laboratory(grant numbers:PCL 2021A01-2); ","https://ieeexplore.ieee.org/stamp/stamp.jsp?arnumber=10286117","Digital twin;5G core;control plane;deep learning;LSTM;transformer","5G mobile communication;Data models;Transformers;Decoding;Uplink;Transformer cores;Programming","","12","","33","IEEE","16 Oct 2023","Feb. 2024","","IEEE","IEEE Journals"
"On Relay User Equipment Activation in Beyond 5G Radio Access Networks","J. Pérez-Romero; O. Sallent; O. Ruiz","Signal Theory and Communications Department, Universitat Politècnica de Catalunya (UPC), Barcelona, Spain; Signal Theory and Communications Department, Universitat Politècnica de Catalunya (UPC), Barcelona, Spain; Signal Theory and Communications Department, Universitat Politècnica de Catalunya (UPC), Barcelona, Spain",2022 IEEE 96th Vehicular Technology Conference (VTC2022-Fall),"18 Jan 2023","2022","","","1","6","This paper envisages a Beyond 5G (B5G) Radio Access Network (RAN) in which the relaying capabilities offered by user equipment (UE) are used as a way to improve the coverage and robustness of the network. The paper proposes and develops the functional framework for supporting the activation of the suitable relay UEs (RUEs) in coverage constrained scenarios. It is based on characterizing each potential RUE through a utility metric that measures the coverage enhancements brought to the network when the RUE is activated. To derive this metric for all the candidate RUEs, the framework considers the use of a Network Digital Twin that allows the offline analysis of different configurations in a fast and safe way. Using the proposed framework, a RUE activation algorithm is proposed and evaluated. The obtained results reflect that significant outage probability reductions can be obtained in the scenario under different traffic distributions thanks to the activation of the RUEs with the highest utility.","2577-2465","978-1-6654-5468-1","10.1109/VTC2022-Fall57202.2022.10013009","Ministry of Economic Affairs; ","https://ieeexplore.ieee.org/stamp/stamp.jsp?arnumber=10013009","Beyond 5G;Radio Access Network;User Equipment;UE-to-network relaying","Measurement;Vehicular and wireless technologies;5G mobile communication;Probability;Robustness;Power system reliability;Digital twins","","2","","16","IEEE","18 Jan 2023","26-29 Sept. 2022","26-29 Sept. 2022","IEEE","IEEE Conferences"
"Integrating Network Digital Twinning into Future AI-based 6G Systems: The 6G-TWIN Vision","S. Faye; M. Camelo; J. -S. Sottet; C. Sommer; M. Franke; J. Baudouin; G. Castellanos; R. Decorme; M. P. Fanti; R. Fuladi; G. Kesik; B. Mendes; C. Murphy; S. Parker; S. Pryor; S. M. Senouci; I. Turcanu","Luxembourg Institute of Science and Technology (LIST), Luxembourg; University of Antwerp - Imec, Belgium; Luxembourg Institute of Science and Technology (LIST), Luxembourg; Technische Universität, Dresden, Germany; Technische Universität, Dresden, Germany; Proximus Luxembourg, Luxembourg; Acceleran, Belgium; Research to Market Solution France, France; Politecnico di Bari, Italy; Ericsson Araştırma Geliştirme ve Bilişim Hizmetleri A.Ş., Türkiye; Ericsson Araştırma Geliştirme ve Bilişim Hizmetleri A.Ş., Türkiye; Ubiwhere, Portugal; VIAVI Solutions, UK; Acceleran, Belgium; Acceleran, Belgium; Université de Bourgogne, France; Luxembourg Institute of Science and Technology (LIST), Luxembourg",2024 Joint European Conference on Networks and Communications & 6G Summit (EuCNC/6G Summit),"19 Jul 2024","2024","","","883","888","As we move closer to the 6G era, the complexity and dynamism of communication networks is set to increase significantly. This requires more sophisticated, automated management solutions, while retaining human oversight. To meet these new challenges, it is essential to build new architectures that provide a secure environment for closed-loop network automation and to enable optimal resource planning, management and control. In this context, this paper presents the vision of the European 6G-TWIN consortium, which focuses on the creation of a cyber-physical continuum that seamlessly merges the physical world with its digital representation, through the concept of Network Digital Twin (NDT) and its integration into an Artificial Intelligence (AI)-based 6G architecture. This initiative aims to bridge the gap between the increasing complexity of networks and their operational performance, potentially improving real-time user experiences across multiple domains. This paper specifically highlights the associated key challenges and the approach taken by 6G-TWIN to address them.","2575-4912","979-8-3503-4499-8","10.1109/EuCNC/6GSummit60053.2024.10597058","Horizon Europe; ","https://ieeexplore.ieee.org/stamp/stamp.jsp?arnumber=10597058","","6G mobile communication;Europe;Wheels;Open RAN;Real-time systems;Digital twins;Complexity theory","","29","","23","IEEE","19 Jul 2024","3-6 June 2024","3-6 June 2024","IEEE","IEEE Conferences"
"AI-Augmented Digital Twin Framework for Scalable 5G/6G Network Densification","J. Schubert; G. Yammine; P. Karbownik; A. Maestri; N. George; M. Stahlke; T. Feigl; C. Mutschler; D. Seuß","Division Positioning and Networks, Fraunhofer Institute for Integrated Circuits, Nürnberg, Germany; Division Positioning and Networks, Fraunhofer Institute for Integrated Circuits, Nürnberg, Germany; Division Positioning and Networks, Fraunhofer Institute for Integrated Circuits, Nürnberg, Germany; TECTWIN GmbH, Berlin, Germany; TECTWIN GmbH, Berlin, Germany; Division Positioning and Networks, Fraunhofer Institute for Integrated Circuits, Nürnberg, Germany; Division Positioning and Networks, Fraunhofer Institute for Integrated Circuits, Nürnberg, Germany; Division Positioning and Networks, Fraunhofer Institute for Integrated Circuits, Nürnberg, Germany; Division Positioning and Networks, Fraunhofer Institute for Integrated Circuits, Nürnberg, Germany",2025 International Conference on Indoor Positioning and Indoor Navigation (IPIN),"28 Oct 2025","2025","","","1","6","The rapid growth of 5G and future 6G networks requires efficient and scalable radio access network (RAN) densification, especially in dense urban and industrial areas. Traditional planning uses manual surveys and simple propagation models, but these lack spatial accuracy and adaptability. Stochastic RF simulation tools often fail to model real-world conditions, such as material properties and geometry. This leads to poor site selection, higher costs, and rollout delays.This paper proposes an AI-based framework that combines high-resolution 3D modeling, Digital Twin technology, and deterministic ray tracing. It uses aerial and ground imagery to build detailed 3D models, enhanced with object detection and material classification through segmentation models. These models enable automatic feature extraction for RF simulation and planning. The system uses open-source 3D tools, vision transformers for segmentation, and a simulation engine with antenna radiation patterns and material-aware propagation. Tests in urban and campus settings show better prediction accuracy, less manual work, and lower costs than traditional methods. Results show that AI and Digital Twins improve and automate network deployment.","2471-917X","979-8-3315-5680-8","10.1109/IPIN66788.2025.11213435","","https://ieeexplore.ieee.org/stamp/stamp.jsp?arnumber=11213435","Digital Twin;Network Densification;RF Simulation;AI-based Semantic Segmentation;5G/6G Networks","Radio frequency;Solid modeling;Three-dimensional displays;Accuracy;Semantics;Manuals;Ray tracing;Digital twins;Planning;Radio access networks","","","","20","IEEE","28 Oct 2025","15-18 Sept. 2025","15-18 Sept. 2025","IEEE","IEEE Conferences"
"Intelligent Fabric Enabled 6G Semantic Communication System for In-Cabin Scenarios","Y. Tang; N. Zhou; Q. Yu; D. Wu; C. Hou; G. Tao; M. Chen","School of Computer Science and Technology, Huazhong University of Science and Technology, Wuhan, China; Tongji Medical College, Huazhong University of Science and Technology, Wuhan, Hubei, China; School of Computer Science and Technology, Huazhong University of Science and Technology, Wuhan, China; School of Computer Science and Engineering, Sun Yat-sen University, Guangzhou, China; Sport and Health Initiative, Optical Valley Laboratory, the Wuhan National Laboratory for Optoelectronics, and the School of Optics and Electronic Information, Huazhong University of Science and Technology, Wuhan, Hubei, China; Sport and Health Initiative, Optical Valley Laboratory, the Wuhan National Laboratory for Optoelectronics, and the State Key Laboratory of Material Processing and Die & Mould Technology, School of Materials Science and Engineering, Huazhong University of Science and Technology, Wuhan, Hubei, China; School of Computer Science and Technology, Huazhong University of Science and Technology, Wuhan, Hubei, China",IEEE Transactions on Intelligent Transportation Systems,"26 Jan 2023","2023","24","1","1153","1162","With the large-scale commercialization of 5G, the global industry has started the exploration of the next generation mobile communication technology (6G). From mobile Internet, to IoT, and then to the smart connection of everything, 6G will transform from 5G’s service objects of people and things to the intelligent networking of agent that supports human–machine–object. 6G networks should have the characteristics of ubiquitous intelligence and ubiquitous perception, which poses challenges for 6G network construction. Therefore, we propose a 6G Semantic Communication Scheme based on Intelligent Fabrics for transportation in-cabin scenarios (6GSCS-IF), which can provide senseless intelligent interaction in transportation in-cabin environment through widely and flexibly deployed intelligent fabrics, demonstrating the superiority of intelligent fabrics in realizing human–machine–object intelligent sensory interaction. Then, we propose a Deep Learning-based Semantic Communication Model for Time-series data (DL-SCMT), and use deep learning for semantic sensing and information extraction to build an end-to-end semantic communication system. The experimental results show that the semantic communication services provided by this model can achieve better signal reconstruction and higher-order intelligent services compared with traditional communication methods.","1558-0016","","10.1109/TITS.2022.3174704","China National Natural Science Foundation(grant numbers:62176101); Science and Technology Planning Project of Guangdong Province(grant numbers:2021A0505110008); ","https://ieeexplore.ieee.org/stamp/stamp.jsp?arnumber=9788561","Semantic communication;intelligent fabric;6G;deep learning","Semantics;6G mobile communication;Fabrics;5G mobile communication;Codes;Transportation;Radio transmitters","","30","","22","IEEE","3 Jun 2022","Jan. 2023","","IEEE","IEEE Journals"
"Technology Antecedents of the Platform-Based Ecosystemic Business Models beyond 5G","S. Yrjola","Nokia, University of Oulu, Oulu, Finland",2020 IEEE Wireless Communications and Networking Conference Workshops (WCNCW),"25 Jun 2020","2020","","","1","8","The fifth generation, 5G, mobile communications technologies are expected to transform the future wireless communications services and networks' business models and respective ecosystems. The paper discusses the extended ecosystemic platform architecture for 5G evolution consisting of components, interfaces, data and algorithms and investigates how this business framework can enable the transformation of the 5G. With roots in economics and engineering, this study looks 5G architecture through the lenses of platform-based ecosystemic business model framework utilizing themes of innovation, openness, complementarity, competition and cooperation, organization and governance, economies of scale and scope, and supply-side, demand-side, two-sided or multi-sided business models. Based on the timely review of the state-of-the-art studies on the topic in the recent literature and the results of the future-oriented workshop held in 6G Summit 2019, study showed that the transformation from current network-for-connectivity business models towards network-of-services model builds on platform with data and algorithms.","","978-1-7281-5178-6","10.1109/WCNCW48565.2020.9124823","","https://ieeexplore.ieee.org/stamp/stamp.jsp?arnumber=9124823","business model;ecosystem;platform;5G;6G","Economics;Technological innovation;5G mobile communication;Biological system modeling;Conferences;Transforms;Organizations","","13","","83","IEEE","25 Jun 2020","6-9 April 2020","6-9 April 2020","IEEE","IEEE Conferences"
"Attention to Virtualization: Making Network Digital Twins Aware of Network Slicing","A. Calvillo-Fernandez; T. Dimitrovski; M. Groshev; A. Ganesh; C. Ayimba; A. de la Oliva","Telematics Department, Universidad Carlos III de Madrid, Madrid, Spain; Netherlands Organisation for Applied Scientific Research (TNO), Helmond, The Netherlands; The Laude Technology Company S.L., Madrid, Spain; Netherlands Organisation for Applied Scientific Research (TNO), Helmond, The Netherlands; Telematics Department, Universidad Carlos III de Madrid, Madrid, Spain; Telematics Department, Universidad Carlos III de Madrid, Madrid, Spain",IEEE Network,"12 May 2025","2025","39","3","134","139","In order to accommodate myriad disparate services, from legacy voice and data, to niche network applications for industry verticals, 6G networks are expected to heavily exploit the concept of network slicing introduced in 5G. However, the increased complexity of sliced networks amplifies the risk of configuration errors, necessitating the expanded use of Network Digital Twins (NDTs) for proactive service assurance. Legacy NDTs, are ill-suited to highly virtualized environments, as they fail to model the impact of virtualization on physical infrastructure and overlook long-term dependency effects. In this work, we highlight the performance impact of virtualization and introduce an attention-enhanced Graph Neural Networks (GNN)-based NDT to address these challenges. Our simulation results demonstrate that the proposed NDT framework significantly outperforms state-of-the-art models in accurately predicting service Key Performance Indicators (KPIs) across disparate use cases.","1558-156X","","10.1109/MNET.2025.3552137","UNICO 5G I+D 6G-EDGEDT; PREDICT-6G(grant numbers:101095890); Hexa-X-II(grant numbers:101095759); ","https://ieeexplore.ieee.org/stamp/stamp.jsp?arnumber=10930569","Virtualization;Attention;Network Digital Twin;Graph Neural Networks;Slicing","Network slicing;Delays;Virtual machines;Predictive models;Computational modeling;Graph neural networks;Digital twins;Cloud computing;Servers;5G mobile communication;6G mobile communication","","1","","15","CCBYNCND","17 Mar 2025","May 2025","","IEEE","IEEE Magazines"
"An Overview of Security and Privacy Threats for Massive IoT Applications in the 6G Era","M. Papaioannou; G. Mantas; J. Rodriguez","Faculty of Engineering and Science, University of Greenwich, Chatham Maritime, UK; Instituto de Telecomunicações, Aveiro, Portugal; Instituto de Telecomunicações, Aveiro, Portugal",2024 IEEE 29th International Workshop on Computer Aided Modeling and Design of Communication Links and Networks (CAMAD),"7 Apr 2025","2024","","","1","6","In recent years, global efforts have been directed toward defining the vision and research priorities for 6G mobile networks, expected to exceed the performance of 5G networks and effectively accommodate Internet of Everything (IoE) applications. Specifically, 6G networks are predicted to fulfill the demanding performance needs of emerging disruptive massive IoT applications that are beyond the capabilities of 5G due to its intrinsic constraints. Slated to be commercially available starting in 2030, 6G is set to support a wider array of applications by connecting hundreds of billions of IoT devices. However, the swift proliferation of 6G-enabled IoT devices and their escalating interconnections are likely to amplify the vulnerabilities in 6G-enabled massive IoT applications, leading to greater security and privacy concerns. Consequently, this paper provides a synopsis of the massive IoT applications projected for the 6G era that will enhance human life and outlines the potential security and privacy threats they face. The goal is to highlight critical security challenges that must be addressed to ensure that 6G-enabled massive IoT applications gain the trust of all key stakeholders and achieve their full potential.","2378-4873","979-8-3503-7764-4","10.1109/CAMAD62243.2024.10942897","","https://ieeexplore.ieee.org/stamp/stamp.jsp?arnumber=10942897","6G;6G vision;massive IoT applications;security threats","6G mobile communication;Performance evaluation;Privacy;Telepresence;5G mobile communication;Green products;Internet of Things;Security;Stakeholders;Sustainable development","","2","","14","IEEE","7 Apr 2025","21-23 Oct. 2024","21-23 Oct. 2024","IEEE","IEEE Conferences"
"Design of AI-based Digital Twin Network for Multimedia Service Provisioning","E. Boffetti; A. Rago; G. Piro; G. Boggia","Dept. of Electrical and Information Engineering, Politecnico di Bari, Italy; Dept. of Electrical and Information Engineering, Politecnico di Bari, Italy; Dept. of Electrical and Information Engineering, Politecnico di Bari, Italy; Dept. of Electrical and Information Engineering, Politecnico di Bari, Italy",2024 IEEE Symposium on Computers and Communications (ISCC),"31 Oct 2024","2024","","","1","6","In the era of pervasive connectivity, the effective provisioning of multimedia services surely represents a cornerstone challenge for both infrastructure and service providers. Given the recent evolution of Beyond 5G/6G networks, it is conventionally accepted that a Network Operator (infrastructure provider) shares its resources with tenants (service providers) by giving them the possibility to autonomously and efficiently configure the application services they provide to end users. To this end, this contribution proposes a cutting-edge framework for multimedia service provisioning, that harnesses the power of Artificial Intelligence (AI) in conjunction with Digital Twin Networks (DTNs). Specifically, it considers the real network features collected from the physical real network through Software-Defined Networking Controllers to build the DTN, whose purpose is to provide present and future physical, network, and application statistics through AI for efficient and proactive resource allocation. The DTN exposes to the tenant a concise set of monitoring parameters related to actual network-specific statistics and Quality of Service metrics and also future ones thanks to Deep Learning, without sharing in-depth details of the underlying network through Machine Learning (clustering). This information will be exploited by the service orchestrator for optimal resource allocation and redistribution, which will be deeply investigated in future works.","2642-7389","979-8-3503-5423-2","10.1109/ISCC61673.2024.10733642","","https://ieeexplore.ieee.org/stamp/stamp.jsp?arnumber=10733642","6G;DTN;AI;QoE;QoS;Clustering","Measurement;6G mobile communication;Quality of service;Prediction algorithms;Digital twins;Resource management;Quality of experience;Multimedia communication;Software defined networking;Long short term memory","","5","","23","IEEE","31 Oct 2024","26-29 June 2024","26-29 June 2024","IEEE","IEEE Conferences"
"Five Disruptive Technologies in 6G to Support Digital Twin Networks","Q. Guo; F. Tang; T. K. Rodrigues; N. Kato","Tohoku University, Japan; Central South University, China; Tohoku University, Japan; Tohoku University, Japan",IEEE Wireless Communications,"16 Feb 2024","2024","31","1","149","155","With the expected explosive growth of the number of mobile user devices and data traffic in the next decade and beyond, and the expected development of various new applications and services such as vehicle-to-everything, extended reality and smart city, the requirements for Quality of Service (such as ultra-high data transmission rate, ultra-low latency, support for the highest moving speed and seamless connection, etc.) will reach levels never seen before. The sixth generation (6G) of networks is conceived to address the requirements mentioned above. Digital Twin refers to a digital representation to represent a physical entity in virtual space, while its corresponding physical object remains in the physical space. In this article, we first briefly introduce some basic knowledge of Digital Twins. We then outline possible innovative technologies expected in 6G networks that will help Digital Twin systems to reach full potential, and deliver the high-level performance needed for the next generation of communications.","1558-0687","","10.1109/MWC.013.2200296","","https://ieeexplore.ieee.org/stamp/stamp.jsp?arnumber=10012285","","6G mobile communication;Digital twins;Digital representation;Real-time systems;Mathematical models;5G mobile communication;Data models","","67","","15","IEEE","9 Jan 2023","February 2024","","IEEE","IEEE Magazines"
"Polar Coded Digital Twin Network: An End-to-End Design With GAN Prediction","C. Che; K. Zheng; J. Cui; L. Xiang; J. Hu; K. Yang; D. Zhao; C. Tong","School of Information and Communication Engineering, University of Electronic Science and Technology of China, Chengdu, China; Mobile Zijin Innovation Institute, Nanjing, China; School of Information and Communication Engineering, University of Electronic Science and Technology of China, Chengdu, China; State Key Laboratory of Novel Software Technology, Nanjing University, Nanjing, China; School of Information and Communication Engineering, University of Electronic Science and Technology of China, Chengdu, China; State Key Laboratory of Novel Software Technology, Nanjing University, Nanjing, China; Mobile Zijin Innovation Institute, Nanjing, China; Mobile Zijin Innovation Institute, Nanjing, China",IEEE Transactions on Vehicular Technology,"17 Apr 2026","2026","75","4","7013","7018","The swift evolution of wireless communication technologies, propelled by advancements in 5G and forthcoming generations, alongside the rise of digital twin networks (DTNs), has intensified the demand for high-speed, low-latency, and reliable connectivity. In this paper, a novel prediction-based decision DTN framework is proposed, which incorporates a generative adversarial network (GAN)-based channel prediction alongside end-to-end polar coding and decoding scheme. The proposed wireless channel GAN (WCGAN) architecture effectively harnesses both the temporal and frequency domain characteristics of wireless channels. By combining convolutional neural networks (CNN) with long short-term memory (LSTM) networks, the system achieves enhanced accuracy in predicting future channel state information (CSI). Furthermore, an end-to-end communication system augmented with a digital twin channel is developed to illustrate the potential advantages of channel prediction in optimizing communication performance. Simulation results validate that the proposed DT-assisted system achieves a bit error rate (BER) reduction of 3.26 dB compared to conventional systems, exhibits faster convergence than standard training schemes, and shows improved adaptability under dynamic channel conditions.","1939-9359","","10.1109/TVT.2025.3622512","Natural Science Foundation of China(grant numbers:62301122,62132004); Xiaomi Young Scholar Award; Nanjing University - China Mobile Communications Group Company, Ltd. Joint Institute; Gusu Innovation Project(grant numbers:ZXL2024360); Jiangsu Major Project on Fundamental Research(grant numbers:BK20243059); High-Tech District of Suzhou City(grant numbers:RC2025001); Quzhou Government(grant numbers:2024D007,2023D005); ","https://ieeexplore.ieee.org/stamp/stamp.jsp?arnumber=11205304","Digital twin network (DTN);end-to-end communication system;channel prediction;polar coded system","Training;Generators;Communication systems;Digital twins;Decoding;Wireless communication;Reliability;Encoding;Accuracy;Optimization","","","","19","IEEE","16 Oct 2025","April 2026","","IEEE","IEEE Journals"
"A Reference Functional Architecture for Network Digital Twins in 6G Systems","A. Zaki-Hindi; P. Soto; G. Castellanos; T. H. Pritom; G. Volpe; I. Zellagui; B. Hensel; J. Jimenez; M. Marvulli; L. Santos; A. Sayin; J. -S. Sottet; W. Ali; I. El-Korbi; I. Turcanu; A. Belogaev; A. Duarte; U. Kelly; S. Kumar; G. Myagkov; S. Parker; M. Franke; S. Hossain; R. Sanyal; N. Shafi; C. Sommer; M. Camelo; J. Baudouin; R. Decorme; M. P. Fanti; R. Fuladi; C. Murphy; A. Pereira; S. M. Senouci; S. Pryor; S. Faye","Luxembourg Institute of Science and Technology (LIST), Esch-sur-Alzette, Luxembourg; IDLab, imec, University of Antwerp, Antwerpen, Belgium; Accelleran, Antwerpen, Belgium; Faculty of Computer Science, TU Dresden, Dresden, Germany; Politecnico di Bari, Bari, Italy; Esplanade Erasme, Université de Bourgogne, Dijon, France; Faculty of Computer Science, TU Dresden, Dresden, Germany; IDLab, imec, University of Antwerp, Antwerpen, Belgium; Politecnico di Bari, Bari, Italy; Ubiwhere LDA., Fundão, Portugal; Ericsson Araştırma Geliştirme ve Bilişim Hizmetleri A.Ş., İstanbul, Türkiye; Luxembourg Institute of Science and Technology (LIST), Esch-sur-Alzette, Luxembourg; Politecnico di Bari, Bari, Italy; Esplanade Erasme, Université de Bourgogne, Dijon, France; Luxembourg Institute of Science and Technology (LIST), Esch-sur-Alzette, Luxembourg; IDLab, imec, University of Antwerp, Antwerpen, Belgium; Ubiwhere LDA., Fundão, Portugal; Viavi Solutions Ireland Ltd., Dublin 4, Ireland; Luxembourg Institute of Science and Technology (LIST), Esch-sur-Alzette, Luxembourg; Viavi Solutions U.K. Ltd., Stevenage, U.K.; Accelleran, Antwerpen, Belgium; Faculty of Computer Science, TU Dresden, Dresden, Germany; Esplanade Erasme, Université de Bourgogne, Dijon, France; Proximus Luxembourg S.A., Bertrange, Luxembourg; Viavi Solutions U.K. Ltd., Stevenage, U.K.; Faculty of Computer Science, TU Dresden, Dresden, Germany; IDLab, imec, University of Antwerp, Antwerpen, Belgium; Proximus Luxembourg S.A., Bertrange, Luxembourg; R2M Solution, Roquefort-les-Pins, France; Politecnico di Bari, Bari, Italy; Ericsson Araştırma Geliştirme ve Bilişim Hizmetleri A.Ş., İstanbul, Türkiye; Viavi Solutions U.K. Ltd., Stevenage, U.K.; Ubiwhere LDA., Fundão, Portugal; Esplanade Erasme, Université de Bourgogne, Dijon, France; Accelleran, Antwerpen, Belgium; Luxembourg Institute of Science and Technology (LIST), Esch-sur-Alzette, Luxembourg",IEEE Open Journal of the Communications Society,"6 Mar 2026","2026","7","","2068","2101","AI-native, programmable, and disaggregated 6G networks will be highly dynamic and distributed, demanding tools that can explain, predict, and safely optimize behavior across the edge–cloud continuum. Network Digital Twins (NDTs) promise this capability, yet current efforts in research and industry are fragmented and lack widely accepted formal definitions and architectural guidelines. This paper proposes a structured framework for NDTs in 6G, addressing these gaps by refining the conceptual foundations of NDTs, introducing a functional architecture, inherited from the 6G-TWIN EU consortium, and clarifying key components such as AI-driven workflows, the place of simulation, data management, and orchestration. Concrete examples illustrate how these components enable network automation, optimization, and predictive analytics. The paper proceeds by reviewing related work and standardization efforts, specifying functional and non-functional requirements, presenting the architecture and its various domains, and detailing lifecycle management across cloud to edge. We then report early implementations and evaluation results, and discuss security, privacy, and governance considerations, concluding with directions for validation and uptake. The key objective is to offer a cohesive reference model that guides the community in shaping NDT development, ensuring interoperability, scalability, adaptability, and seamless integration into AI-native 6G networks for improved intelligence and efficiency.","2644-125X","","10.1109/OJCOMS.2026.3668035","Integrating Network Digital Twinning into Future AI-based 6G Systems (6G-TWIN) Project from the Smart Networks and Services Joint Undertaking (SNS JU) under the European Union’s Horizon Europe Research and Innovation Program(grant numbers:101136314); ","https://ieeexplore.ieee.org/stamp/stamp.jsp?arnumber=11414124","6G;AI-native network orchestration;closed-loop network automation;edge–cloud continuum management;network digital twin","6G mobile communication;Optimization;Digital twins;Data models;Computer architecture;Standardization;Real-time systems;Automation;Artificial intelligence;Security","","2","","152","CCBY","26 Feb 2026","2026","","IEEE","IEEE Journals"
"Integrated Sensing and Communication in 6G: A Comprehensive Survey of Use Cases, Enabling Technologies, Standardization Roadmap, and Monetization Frameworks","A. Elnashar; M. B. Shakar; S. Muhaidat","Technology Department, e& UAE (etisalat), Dubai, United Arab Emirates; Technology Department, e& UAE (etisalat), Dubai, United Arab Emirates; College of Computing and Mathematical Sciences, Khalifa University, Abu Dhabi, United Arab Emirates",IEEE Open Journal of the Communications Society,"17 Jul 2026","2026","7","","7898","7920","Integrated Sensing and Communication (ISAC) is widely recognized as a defining feature of sixth-generation (6G) wireless networks, enabling base stations and network infrastructure to simultaneously transmit data and perceive their physical environment through radar-like sensing. This paper presents a comprehensive survey of ISAC for 6G, combining an industry-driven perspective from a major Communication Service Provider (CSP) with rigorous academic analysis. We first trace the evolution of ISAC from early radar–communication coexistence to the unified dual-function architectures envisioned for 6G, reviewing standardization milestones across 3GPP (Releases 19–21), ETSI ISG ISAC, ITU-R IMT-2030, IEEE 802.11bf, and the Next G Alliance. We then propose a novel multi-dimensional use case taxonomy that systematically classifies over 30 ISAC applications across eight vertical domains—industrial automation, transportation, drone/airspace management, smart cities, smart buildings, healthcare, immersive media, and network self-optimization—and ranks them using a weighted multi-criteria evaluation framework encompassing monetization potential, deployment volume, technical feasibility, and time-to-market. A dedicated comparative analysis benchmarks ISAC against alternative sensing technologies—including dedicated radar, LiDAR, camera/computer vision systems, ultrasonic sensors, and passive infrared detectors—across eight performance dimensions, clarifying their complementary and competitive relationships and identifying ISAC’s unique strategic positioning as a ubiquitous, low-marginal-cost sensing substrate in multi-modal architectures. The paper further surveys the key enabling technologies including high-frequency wideband waveforms, massive MIMO beamforming, reconfigurable intelligent surfaces (RIS), AI/ML-driven signal processing, and full-duplex radio architectures. A dedicated analysis of monetization pathways for CSPs is presented, including Sensing-as-a-Service (SEaaS) API platforms, vertical market solutions, SLA-based network slicing, and premium consumer services, with quantified addressable market estimates for 2031–2035. We consolidate lessons from early pilot deployments, including 5G-based ISAC trials at airports and industrial sites, and present a phased deployment roadmap from 5G-Advanced through full 6G commercialization. Finally, we identify open research challenges and highlight future directions including AI-native ISAC, non-terrestrial network integration, and semantic sensing.","2644-125X","","10.1109/OJCOMS.2026.3712109","","https://ieeexplore.ieee.org/stamp/stamp.jsp?arnumber=11603383","Integrated sensing and communication (ISAC);6G;sensing-as-a-service (SEaaS);use case taxonomy;monetization;3GPP;ETSI;reconfigurable intelligent surfaces;massive MIMO;AI-native networks;digital twin;network slicing;millimeter-wave;sub-THz;autonomous vehicles;drone detection;smart cities","Integrated sensing and communication;Technology;5G mobile communication;Signal detection;Modeling;Optimization;Radar;Surveys;Distance measurement;Artificial intelligence","","","","71","CCBY","10 Jul 2026","2026","","IEEE","IEEE Journals"
"Self-Maintained Network Digital Twin for Human-Centric Wireless Metaverse","J. Wang; Y. Hao; L. Hu; T. Zhang; X. Ma; M. Chen","School of Computer Science and Technology, Huazhong University of Science and Technology, Wuhan, China; School of Computer Science and Technology, Huazhong University of Science and Technology, Wuhan, China; School of Computer Science and Technology, Huazhong University of Science and Technology, Wuhan, China; School of Computer Science and Engineering, South China University of Technology, Guangzhou, Guangdong, China; School of Douglas College, New Westminster, BC, Canada; School of Computer Science and Engineering, South China University of Technology, Guangzhou, Guangdong, China",IEEE Network,"19 Apr 2024","2024","38","1","46","53","Network digital twin is a key enabler for the human-centric wireless metaverse, requiring fine-grained replication, high-fidelity screen rendering, and the integration of emerging intelligent technologies. However, existing frameworks for the network digital twin overlook the integration of human-centric features within the metaverse and the importance of asynchronous data collection, both of which are indispensable for actualizing the metaverse and attaining self-maintenance capabilities. To address this issue, in this article, we propose a human-centric framework and a self-maintained mechanism for the network digital twin, utilizing continuous prediction and error tolerance to enhance the performance of DT decision-making. Specifically, by considering the interplay among different components, we present a human-centric framework for the network digital twin, comprising a device twin layer, a network twin layer, an artificial intelligence service layer, and a user intent layer. In consideration of asynchronous information, we propose a self-maintained mechanism facilitated by two key capabilities: error tolerance and continuous prediction. Furthermore, we conduct a resource allocation experiment to validate the efficiency of the proposed framework with request prediction and robust optimization. The results demonstrate that the framework can reduce the average latency compared to other baseline schemes, thus improving the user experience of wireless metaverse.","1558-156X","","10.1109/MNET.2023.3337644","","https://ieeexplore.ieee.org/stamp/stamp.jsp?arnumber=10334479","Network digital twin;human-centric metaverse;robust optimization;6G wireless network","Digital twins;Metaverse;Artificial intelligence;Cloud computing;Real-time systems;Optimization methods;Predictive models;6G mobile communication","","9","","15","IEEE","29 Nov 2023","Jan. 2024","","IEEE","IEEE Magazines"
"Wireless Network Digital Twin for 6G: Generative AI as a Key Enabler","Z. Tao; W. Xu; Y. Huang; X. Wang; X. You","Southeast University, China; Southeast University, China; Southeast University, China; China Mobile, China; Southeast University, China",IEEE Wireless Communications,"7 Aug 2024","2024","31","4","24","31","Digital twin, which enables emulation, evaluation, and optimization of physical entities through synchronized digital replicas, has gained increasing attention as a promising technology for intricate wireless networks. For 6G, numerous innovative wireless technologies and network architectures have posed new challenges in establishing wireless network digital twins. To tackle these challenges, artificial intelligence (AI), particularly the flourishing generative AI, emerges as a potential solution. In this article, we discuss emerging prerequisites for wireless network digital twins, considering the complicated network architecture, tremendous network scale, extensive coverage, and diversified application scenarios in the 6G era. We further explore the applications of generative AI, such as transformer and diffusion models, to empower the 6G digital twin from multiple perspectives, including physical-digital modeling, synchronization, and slicing capability. Subsequently, we propose a hierarchical generative AI-enabled wireless network digital twin at both the message-level and policy-level, and provide a typical use case with numerical results to validate effectiveness and efficiency. Finally, open research issues for wireless network digital twins in the 6G era are discussed.","1558-0687","","10.1109/MWC.002.2300564","National Key Research and Development Program(grant numbers:2020YFB1806608); ","https://ieeexplore.ieee.org/stamp/stamp.jsp?arnumber=10628026","","6G mobile communication;Generative AI;Wireless networks;Emulation;Network architecture;Transformers;Digital twins","","115","","15","IEEE","7 Aug 2024","August 2024","","IEEE","IEEE Magazines"
"Autonomous Network Management in Multi-Domain 6G Networks based on Graph Neural Networks","K. Aykurt; W. Kellerer","Chair of Communication Networks, Technical University of Munich, Munich, Germany; Chair of Communication Networks, Technical University of Munich, Munich, Germany",2023 IEEE 9th International Conference on Network Softwarization (NetSoft),"13 Jul 2023","2023","","","338","341","Sixth-generation (6G) networks propose integrating multiple networks and domains while improving network performance. Hence, today’s networks are becoming increasingly larger and more complex. Traditional methods to manage networks are facing significant challenges as the topology sizes, traffic patterns, and network domains are changing.This paper presents the state-of-the-art in literature for network management and proposes a research plan for an autonomous network management framework fueled by the Digital Twin (DT) paradigm. Unlike the existing methods such as Queuing Theory (QT) or network simulation studies, the proposed framework relies on state-of-the-art Graph Neural Networks (GNNs) for network performance analysis. We argue that seamless integration of networks while improving performance guarantees can be achieved via autonomous management of networks and present a research plan in this paper.","2693-9789","979-8-3503-9980-6","10.1109/NetSoft57336.2023.10175480","Ministry of Education; ","https://ieeexplore.ieee.org/stamp/stamp.jsp?arnumber=10175480","network management;digital twins;multi-domain networks","6G mobile communication;Autonomous networks;Analytical models;Network topology;Data collection;Graph neural networks;Topology","","9","","17","IEEE","13 Jul 2023","19-23 June 2023","19-23 June 2023","IEEE","IEEE Conferences"
"Toward 6G Mobility Network: Design of a Wireless Digital Twin for Connected Autonomous Vehicle","J. Nakazato; T. Iye; Y. Susukida; E. Sato; Y. Sasaki; K. Maruta; M. Tsukada","Graduate School of Information Science and Technology, The University of Tokyo, Tokyo, Japan; Kozo Keikaku Engineering Inc., Japan; Kozo Keikaku Engineering Inc., Japan; Kozo Keikaku Engineering Inc., Japan; Department of Electrical Engineering, Graduate School of Engineering, Tokyo University of Science, Tokyo, Japan; Department of Electrical Engineering, Graduate School of Engineering, Tokyo University of Science, Tokyo, Japan; Graduate School of Information Science and Technology, The University of Tokyo, Tokyo, Japan",2025 IEEE 22nd Consumer Communications & Networking Conference (CCNC),"5 May 2025","2025","","","1","2","The importance of digital twins in 6G is rapidly increasing. However, while digital twins have been discussed in various contexts, defining their specific role within 6G remains crucial. This paper proposes a wireless digital twin (WDT) platform designed to ensure communication stability for connected autonomous vehicles (CAVs) integrated into networks. The proposed WDT reproduces 3D urban environments, calculates radio wave propagation using traffic simulators and ray tracing, and tracks CAV movement. Additionally, we discuss methods for evaluating multiple communication systems using proposed WDT, aiming to promote research and development toward 6G.","2331-9860","979-8-3315-0805-0","10.1109/CCNC54725.2025.10975956","","https://ieeexplore.ieee.org/stamp/stamp.jsp?arnumber=10975956","6G;wireless digital twin;connected autonomous vehicle;cell-free;beamforming","6G mobile communication;Wireless communication;Three-dimensional displays;Tracking;Urban areas;Ray tracing;Stability analysis;Digital twins;Autonomous vehicles;Research and development","","5","","8","IEEE","5 May 2025","10-13 Jan. 2025","10-13 Jan. 2025","IEEE","IEEE Conferences"
"Digital Twin for 6G: Taxonomy, Research Challenges, and the Road Ahead","A. Masaracchia; V. Sharma; B. Canberk; O. A. Dobre; T. Q. Duong","Queen’s University Belfast, Belfast, U.K.; Queen’s University Belfast, Belfast, U.K.; Istanbul Technical University, Istanbul, Turkey; Memorial University, St. John’s, NL, Canada; Queen’s University Belfast, Belfast, U.K.",IEEE Open Journal of the Communications Society,"18 Nov 2022","2022","3","","2137","2150","The concept of digital twin (DT) is constantly revealing as a key enabling technology for the deployment of mobile communication services envisaged for the sixth-generation (6G) Internet-of-Things (IoT). This paper aims at providing a comprehensive review of the current state-of-the-art DT-enabled 6G oriented network services. The main characteristics of this new key enabling technology and its critical aspects are highlighted. An overview of the 6G network requirements for the deployment of its innovative envisioned services is firstly provided, emphasizing how the DT concept represents a complementary key enabling technology for them. This is followed by a brief introduction of the DT technology. Subsequently, a comprehensive classification and analysis of the research advancements on DT-enabled 6G services currently available in literature is provided. This paper is concluded by highlighting the most representative challenges and future directions necessary for the deployment of this promising and innovative technology.","2644-125X","","10.1109/OJCOMS.2022.3219015","U.K. Engineering and Physical Sciences Research Council(grant numbers:EP/P019374/1); U.K. Royal Academy of Engineering (RAEng) under the RAEng Research Chair and Senior Research Fellowship Scheme(grant numbers:RCSRF2021\11\4); ","https://ieeexplore.ieee.org/stamp/stamp.jsp?arnumber=9939166","Beyond fifth-generation (5G) network;digital twin (DT);Internet of Things (IoT);Internet of Vehicles (IoV);sixth-generation (6G) network","6G mobile communication;Real-time systems;Internet of Things;Artificial intelligence;5G mobile communication;Communications technology;Big Data","","132","","85","CCBY","4 Nov 2022","2022","","IEEE","IEEE Journals"
"6G Architecture Design: from Overall, Logical and Networking Perspective","X. D. Duan; X. Y. Wang; L. Lu; N. X. Shi; C. Liu; T. Zhang; T. Sun","China Mobile Research Institute, China; China Mobile Research Institute, China; China Mobile Research Institute, China; China Mobile Research Institute, China; China Mobile Research Institute, China; China Mobile Research Institute, China; China Mobile Research Institute, China",IEEE Communications Magazine,"24 Jul 2023","2023","61","7","158","164","The network architecture is crucial to shaping a new generation of cellular network. As the foundation of the system, the architecture implies what and how the network services are provided, as well as the overall system efficiency, scalability, etc. This article proposes high-level designs of the 6G architecture. Three key innovation motivations are analyzed and the gaps of 5G network are identified according to the operator's experience in real large-scale network deployment. Those observations help to generate the key “Design Principles” about the 6G architecture. A novel overall architecture termed as “3 bodies, 4 layers, 5 planes (3-4-5)” is proposed in this article. Based on that, we further proposed the corresponding logical function design, i.e., the Holistic Service-based Architecture (HSBA) and the networking design, i.e., Distributed Autonomous Network (DAN). Those provide strong hints to future research directions which are looked ahead.","1558-1896","","10.1109/MCOM.001.2200326","National Key R&D Program of China(grant numbers:2020YFB1806800); ","https://ieeexplore.ieee.org/stamp/stamp.jsp?arnumber=10192290","","6G mobile communication;Cellular networks;Autonomous networks;5G mobile communication;Scalability;Network architecture;Autonomous networks","","48","","15","IEEE","24 Jul 2023","July 2023","","IEEE","IEEE Magazines"
"Empowering Industry 4.0 and Autonomous Drone Scouting use cases through 5G-DIVE Solution","F. Conceição; C. Guimarães; L. Cominardi; S. T. Talat; M. F. Ardiansvah; C. Zhang; M. Groshev; T. William; G. Patra; I. Hemadeh; C. Lu; A. Mourad","InterDigital Europe; Universidad Carlos III de Madrid, Spain; ADLINK Technology SARL, France; Industrial Technology Research Institute, Taiwan; National Chiao Tung University, Taiwan; Lund University, Sweden; Universidad Carlos III de Madrid, Spain; National Chiao Tung University, Taiwan; Ericsson Research, Sweden; InterDigital Europe; Ericsson Research, Sweden; InterDigital Europe",2021 Joint European Conference on Networks and Communications & 6G Summit (EuCNC/6G Summit),"28 Jul 2021","2021","","","265","270","The 5G Edge Intelligence for Vertical Experimentation (5G-DIVE) project aims at demonstrating the technical merits and business value proposition of 5G technologies in two vertical pilots, namely the Industry 4.0 (I4.0) and Autonomous Drones Scout (ADS) pilots. This paper presents an overview of the overall 5G-DIVE solution and reports the results of the initial validation campaign of the selected use case, featuring 5G connectivity, distributed Edge computing, and artificial intelligence. The initial results for the I4.0 provide a baseline for next step validation campaign targeting a broader scale 5G implementation, while the ADS results provides promising results for enhancing the autonomous navigation in real-time.","2575-4912","978-1-6654-1526-2","10.1109/EuCNC/6GSummit51104.2021.9482590","","https://ieeexplore.ieee.org/stamp/stamp.jsp?arnumber=9482590","Vertical Industries;5G-DIVE;I4.0;Drones","Wireless communication;5G mobile communication;Bandwidth;Telecommunication traffic;Throughput;Real-time systems;Wireless fidelity","","3","","18","IEEE","28 Jul 2021","8-11 June 2021","8-11 June 2021","IEEE","IEEE Conferences"
"Towards Trustworthy 6G Network Digital Twins: A Framework for Validating Counterfactual What-If Analysis in Edge Computing Resources","J. J. Agudelo; P. Soto; A. Zaki-Hindi; J. -S. Sottet; S. Faye; N. Slamnik-Kriještorac; J. Marquez-Barja; M. C. Botero","IDLab, University of Antwerp - imec, Belgium; IDLab, University of Antwerp - imec, Belgium; Luxembourg Institute of Science and Technology (LIST), Luxembourg; Luxembourg Institute of Science and Technology (LIST), Luxembourg; Luxembourg Institute of Science and Technology (LIST), Luxembourg; IDLab, University of Antwerp - imec, Belgium; IDLab, University of Antwerp - imec, Belgium; IDLab, University of Antwerp - imec, Belgium",2026 Joint European Conference on Networks and Communications & 6G Summit (EuCNC/6G Summit),"1 Jul 2026","2026","","","504","511","Network Digital Twins (NDTs) enable safe what-if analysis for 6G cloud-edge infrastructures, but adoption is often limited by fragmented workflows from telemetry to validation. We present a data-driven NDT framework that extends 6G-TWIN with a scalable pipeline for cloud-edge telemetry aggregation and semantic alignment into unified data models. Our contributions include: (i) scalable cloud-edge telemetry collection, (ii) regime-aware feature engineering capturing the network's scaling behavior, and (iii) a validation methodology based on Sign Agreement and Directional Sensitivity. Evaluated on a Kubernetes-managed cluster, the framework extrapolates performance to unseen high-load regimes. Results show both Deep Neural Network (DNN) and XGBoost achieve high regression accuracy (R2>0.99), while the XGBoost model delivers superior directional reliability (Sa>0.90), making the NDT a trustworthy tool for proactive resource scaling in out-of-distribution scenarios.","2575-4912","979-8-3315-7019-4","10.1109/EuCNC/6GSummit68295.2026.11577404","","https://ieeexplore.ieee.org/stamp/stamp.jsp?arnumber=11577404","Network Digital Twin;What-if Analysis;6G;Resource Orchestration;Edge Computing;Model Trustworthiness","Modeling;Telemetry;Printing;Digital twins;Measurement;ETSI;Management;Architecture;Computer architecture;Hardware design languages","","","","26","IEEE","1 Jul 2026","2-5 June 2026","2-5 June 2026","IEEE","IEEE Conferences"
"Digital Twin Networks: A Survey","Y. Wu; K. Zhang; Y. Zhang","School of Information and Communication Engineering, University of Electronic Science and Technology of China, Chengdu, China; School of Information and Communication Engineering, University of Electronic Science and Technology of China, Chengdu, China; Department of Informatics, University of Oslo, Oslo, Norway",IEEE Internet of Things Journal,"6 Sep 2021","2021","8","18","13789","13804","Digital twin network (DTN) is an emerging network that utilizes digital twin (DT) technology to create the virtual twins of physical objects. DTN realizes co-evolution between physical and virtual spaces through DT modeling, communication, computing, data processing technologies. In this article, we present a comprehensive survey of DTN to explore the potentiality of DT. First, we elaborate key features and definitions of DTN. Next, the key technologies and the technical challenges in DTN are discussed. Furthermore, we depict the typical application scenarios, such as manufacturing, aviation, healthcare, 6G networks, intelligent transportation systems, and urban intelligence in smart cities. Finally, the new trends and open research issues related to DTN are pointed out.","2327-4662","","10.1109/JIOT.2021.3079510","National Natural Science Foundation of China(grant numbers:61941102,62071092); ","https://ieeexplore.ieee.org/stamp/stamp.jsp?arnumber=9429703","Digital twin (DT);digital twin network (DTN);DT modeling","Digital twin;Data models;Computational modeling;Predictive models;Market research;Smart cities;Mirrors","","817","","48","IEEE","12 May 2021","15 Sept.15, 2021","","IEEE","IEEE Journals"
"Data Unit Groups Implementation and Validation for Multi-Domain and Multi-Technology Deterministic 6G Systems","S. Robitzsch; A. Babu; M. A. Jadoon; F. Conceicao; L. Bhatia","InterDigital Europe Ltd, London, United Kingdom; InterDigital Europe Ltd, London, United Kingdom; InterDigital Europe Ltd, London, United Kingdom; InterDigital Europe Ltd, London, United Kingdom; InterDigital Europe Ltd, London, United Kingdom",2025 Joint European Conference on Networks and Communications & 6G Summit (EuCNC/6G Summit),"26 Jun 2025","2025","","","315","320","Deterministic systems fill the gap of providing end-to-end predictive networking capabilities across multiple domains and technologies for applications that have stringent Key Performance Indicator requirements, e.g. Industry 4.0 verticals. In this paper, a 6G solution is realised to enable deterministic networking for all IP traffic in a multi-domain and multi-technology environment. Special focus is given to a proposed data plane concept, called Data Unit Group, and the integration of a Data Unit Group-enabled DetNet router in an end-to-end Network Digital Twin-driven control plane, which manages the entire service provisioning ensuring deterministic Key Performance Indicators fulfilment. The proffered data plane solution and implementation has been validated in a lab testbed and shows that the realisation can operate at line speed without any networking performance impact.","2575-4912","979-8-3503-9180-0","10.1109/EuCNC/6GSummit63408.2025.11037059","","https://ieeexplore.ieee.org/stamp/stamp.jsp?arnumber=11037059","","6G mobile communication;Linux;Key performance indicator;Packet loss;Throughput;Fourth Industrial Revolution;IP networks;3GPP;Kernel","","","","24","IEEE","26 Jun 2025","3-6 June 2025","3-6 June 2025","IEEE","IEEE Conferences"
"Under the Hood of Electromagnetic Field Estimation and Evaluation in 5G Networks","J. Carlos Estrada-Jiménez; E. Pardo; U. Roth; L. Selmane; S. Faye","Luxembourg Institute of Science and Technology (LIST), Esch-sur-Alzette, Luxembourg; Luxembourg Institute of Science and Technology (LIST), Esch-sur-Alzette, Luxembourg; Luxembourg Institute of Science and Technology (LIST), Esch-sur-Alzette, Luxembourg; Luxembourg Institute of Science and Technology (LIST), Esch-sur-Alzette, Luxembourg; Luxembourg Institute of Science and Technology (LIST), Esch-sur-Alzette, Luxembourg",IEEE Access,"27 Jun 2024","2024","12","","88357","88369","The estimation of Electromagnetic Field (EMF) exposure is critical for evaluating the potential health risks associated with wireless network implementation. With the advent of new communication technologies, such as 5G and 6G, new methodologies are required. Indeed, higher frequency ranges are being studied, necessitating an increased number of base stations for service provision. In this paper, we introduce a novel methodology for EMF estimation in 5G mobile networks. We also evaluate common scenarios that mobile network operators frequently encounter, resulting in additional exposure, such as interference, overpropagation, and the presence of other users. Our approach is validated through a combination of simulated values and real data collected from sensors deployed in the field. Finally, a digital twin approach is proposed to combine the simulated values with the real data obtained from radio frequency sensors. The scenario is deployed in Belval, Luxembourg.","2169-3536","","10.1109/ACCESS.2024.3418301","Department of Media, Connectivity and Digital Policy of the Luxembourg Government. Project reference: 5G-EMIT (5G Emission Monitoring Platform)(grant numbers:SMC/CFP-2019/017); ","https://ieeexplore.ieee.org/stamp/stamp.jsp?arnumber=10568919","RF;EMF;exposure assessment;5G;wireless communications;network planning;5G;link budget","5G mobile communication;Estimation;Base stations;Array signal processing;Receivers;Interference;Electromagnetic fields;Wireless communication;Risk management","","3","","23","CCBYNCND","24 Jun 2024","2024","","IEEE","IEEE Journals"
"Resource Management for Reduced Capability New Radio Devices in Beyond 5G Networks: Opportunities and Research Road Map","N. S. Ferdous; M. Z. Hassan; I. Ahmed; L. Akter","World University of Bangladesh, Bangladesh; Université Laval, QC, Canada; Howard University, DC, USA; Bangladesh University of Engineering and Technology, Bangladesh",2024 7th Conference on Cloud and Internet of Things (CIoT),"22 Nov 2024","2024","","","1","8","The Third Generation Partnership Project (3GPP) Release 17 introduces the concept of reduced capability devices, known as RedCap devices, to address use cases currently underserved by fifth-generation New Radio (5G-NR) specifications. RedCap devices are particularly tailored for industry-specific applications such as wireless sensors, wearable devices, and video surveillance, which demand better data rate, latency, coverage, and reliability compared to massive machine-type communication (mMTC). These devices also require less energy consumption and reduced complexity compared to enhanced mobile broadband (eMBB) and ultra-reliable low latency communication (URLLC) devices. A key feature of RedCap devices is their minimized configurations, which presents a significant challenge in meeting the quality-of-service (QoS) requirements for the intended use cases of RedCap devices. This challenge necessitates innovative network resource management to facilitate the large-scale integration of RedCap devices beyond 5G networks. The contributions of this paper are threefold. First, it offers an overview of RedCap devices and highlights the inherent challenges of coexistence with 5G. Second, it presents potential networking solutions to enhance the coverage, capacity, and energy efficiency of RedCap devices in coexistence scenarios. Finally, it outlines several new research opportunities to further accelerate the integration of RedCap devices into beyond 5G networks.","2159-6972","979-8-3503-5671-7","10.1109/CIoT63799.2024.10757145","","https://ieeexplore.ieee.org/stamp/stamp.jsp?arnumber=10757145","","Wireless communication;Energy consumption;Wireless sensor networks;Roads;Quality of service;Ultra reliable low latency communication;New Radio;Video surveillance;Wearable devices;Wearable sensors","","6","","21","IEEE","22 Nov 2024","29-31 Oct. 2024","29-31 Oct. 2024","IEEE","IEEE Conferences"
"A DTN-based Security Deduction Method Using Attack-Driven Network State Transition","L. Su; K. Wang; R. Yan; X. Zhuang; Y. Ma; H. Du; C. Liu","China Mobile Research Institute, Beijing, China; China Mobile Research Institute, Beijing, China; China Mobile Research Institute, Beijing, China; China Mobile Research Institute, Beijing, China; China Mobile Research Institute, Beijing, China; China Mobile Research Institute, Beijing, China; China Mobile Research Institute, Beijing, China",2024 IEEE Globecom Workshops (GC Wkshps),"12 Aug 2025","2024","","","1","5","6G communications network and services will be more complex and dynamic facing higher security risks, so it is important to measure network security risks accurately. In a complex network environment, risk modeling is difficult and inaccurate, while security attack and defense drill is more accurate with long implementation period and high cost, and it is difficult to simulate the attacks of some unknown vulnerabilities. In this paper, a security deduction method based on Digital Twin Network (DTN) is proposed based on the analysis of the state transition of network entities driven by attack events, and fully integrates Digital Twin’s ability to simulate the network state and the ability of the attack and defense platform to perceive security events. The scheme has three advantages: firstly, based on Digital Twin, the existing network state can be truly simulated, and attack scenarios can be randomly set to achieve high degree simulation; Secondly, based on the security attack platform and Digital Twin, the impact of one attack can be completely and accurately fed back, and the attack effect of the twin network can be accurately evaluated by using the security state superposition method based on time series proposed in this paper. Thirdly, the security strategy and capabilities can be dynamically deployed on Digital Twin with fast speed and low cost, which will effectively improve the feasibility of high-degree simulation security deduction. Analysis and experiments show that the method has the advantages of environmental simulation, rapid simulation, accurate deduction and low cost, and has strong application prospects.","2166-0077","979-8-3315-0567-7","10.1109/GCWkshp64532.2024.11101134","","https://ieeexplore.ieee.org/stamp/stamp.jsp?arnumber=11101134","Digital Twin Network;Security Deduction;Attack Driven;State Transition","6G mobile communication;Costs;Accuracy;Conferences;Time series analysis;Complex networks;Network security;Digital twins;Communication networks","","1","","9","IEEE","12 Aug 2025","8-12 Dec. 2024","8-12 Dec. 2024","IEEE","IEEE Conferences"
"Native Network Digital Twin Architecture for 6G: From Design to Practice","Q. Li; Y. Zhang; L. Wang; X. Duan; L. Lu; Y. Hu; Y. Zhan; Y. Lian; T. Sun","China Mobile Research Institute; Beijing University of Posts and Telecommunications, China; ZTE Corporation, China; China Mobile Research Institute; China Mobile Research Institute; China Mobile Research Institute; ZTE Corporation, China; China Mobile Research Institute; China Mobile Research Institute",IEEE Communications Magazine,"31 Mar 2025","2025","63","4","24","31","Based on the operator's experience in actual large-scale network operations, it is essential to provide deep insight into complex and large-scale networks from all perspectives. Meanwhile, future network evolution will also require comprehensive optimization regarding service experience and network operation. Network digital twin (NDT) is currently considered a potential solution to tackle those challenges, by which the physical network can be effectively monitored, analyzed, predicted, simulated, and optimized through its real-time replica. In this context, this article proposes a native network digital twin architecture for 6G, and elaborates on NDT's full life cycle process from design state to runtime state. Moreover, to address two major technical challenges regarding real-time data acquisition and digital twin modelling, digital acquisition of network functions in a native mode, new data pipeline mechanism, and gray-box modelling are introduced. Finally, an NDT has been designed and implemented for the rehearsal and evaluation of network signaling storms to tackle the challenges that they present to network operators, and has been compared with real network testing results. The experimental results show that the mean absolute percentage error (MAPE) values of the successful registration count and registration arrival rate on NDT reach 25 percent and 3 percent, respectively, convincingly demonstrating the effectiveness of the proposed architecture and digital twin modelling method.","1558-1896","","10.1109/MCOM.001.2400216","Beijing University of Posts and Telecommunications-China Mobile Research Institute Joint Innovation Center; ","https://ieeexplore.ieee.org/stamp/stamp.jsp?arnumber=10742570","","Data models;Real-time systems;Digital twins;6G mobile communication;Data acquisition;Runtime;Data collection;Artificial intelligence;Adaptation models;Optimization","","4","","15","IEEE","4 Nov 2024","April 2025","","IEEE","IEEE Magazines"
"Network Digital Twin for 6G and Beyond: An End-to-End View Across Multi-Domain Network Ecosystems","D. -H. Tran; N. Waheed; Y. M. Saputra; X. Lin; C. T. Nguyen; T. S. Abdu; V. N. Vo; V. -Q. Pham; M. Alsenwi; A. B. M. Adam; S. Chatzinotas; E. Lagunas; H. Tran; T. H. Dac; N. V. Huynh","Interdisciplinary Centre for Security, Reliability and Trust (SnT), The University of Luxembourg, Esch-Belval Esch-sur-Alzette, Luxembourg; Higher Colleges of Technology, Abu Dhabi, UAE; Department of Electrical Engineering and Informatics, Vocational College, Internet Engineering Technology, Universitas Gadjah Mada, Yogyakarta, Indonesia; NVIDIA, Santa Clara, CA, USA; Ho Chi Minh City University of Technology, Ho Chi Minh City, Vietnam; Interdisciplinary Centre for Security, Reliability and Trust (SnT), The University of Luxembourg, Esch-Belval Esch-sur-Alzette, Luxembourg; Faculty of Information Technology, Duy Tan University, Da Nang, Vietnam; Nokia Bell Labs, Murray Hill, NJ, USA; Interdisciplinary Centre for Security, Reliability and Trust (SnT), The University of Luxembourg, Esch-Belval Esch-sur-Alzette, Luxembourg; Interdisciplinary Centre for Security, Reliability and Trust (SnT), The University of Luxembourg, Esch-Belval Esch-sur-Alzette, Luxembourg; Interdisciplinary Centre for Security, Reliability and Trust (SnT), The University of Luxembourg, Esch-Belval Esch-sur-Alzette, Luxembourg; Interdisciplinary Centre for Security, Reliability and Trust (SnT), The University of Luxembourg, Esch-Belval Esch-sur-Alzette, Luxembourg; College of Technology, National Economics University, Hanoi, Vietnam; Department of Electrical Engineering, Arctic University of Norway (UiT), Tromsø, Norway; Department of Electrical Engineering and Electronics, University of Liverpool, Liverpool, U.K.",IEEE Open Journal of the Communications Society,"5 Sep 2025","2025","6","","6866","6911","With the rapid development of technology, the number of smart mobile users is increasing, accompanied by growing demands from applications such as virtual/augmented reality (VR/XR), remote surgery, autonomous vehicles, and real-time holographic communications, all of which require high transmission rates and ultra-low latency in 6G and beyond networks (6G+). This poses enormous challenges for the efficient deployment of large-scale networks, including network design, planning, troubleshooting, optimization, and maintenance, without affecting the user experience. Network Digital Twin (NDT) has emerged as a potential solution, enabling the creation of a virtual model that reflects the actual network and supports the simulation of various network designs, the application of diverse operating policies, and the reproduction complex fault scenarios under real-world conditions. This motivates us to conduct this study, where we provide a comprehensive survey of NDT in the context of 6G+, covering areas such as radio access networks (RAN), transport networks, 5G core networks and beyond (5GCORE+), cloud/edge computing, applications (blockchain, health system, manufacturing, security, and vehicular networks), non-terrestrial networks (NTNs), and quantum networks, from both academic and industrial perspectives. In particular, we are the first to provide an in-depth guide and usage of RAN and 5GCORE+ for NDT. Then, we provide an extensive review of foundation technologies such as transport networks, cloud/edge computing, applications, NTNs, and quantum networks in NDT. Finally, we discuss the key challenges, open issues, and future research directions for NDT in the context of 6G+.","2644-125X","","10.1109/OJCOMS.2025.3599866","National Economics University, Vietnam, under Research(grant numbers:NEU1-2025.06); ","https://ieeexplore.ieee.org/stamp/stamp.jsp?arnumber=11130513","AI/ML;cloud computing/edge computing;digital twin;non-terrestrial networks;ORAN","6G mobile communication;Real-time systems;Digital twins;Surveys;Security;Cloud computing;Manufacturing;Blockchains;Artificial intelligence;Reviews","","52","","184","CCBY","19 Aug 2025","2025","","IEEE","IEEE Journals"
"Generative AI-Driven Digital Twin for Mobile Networks","H. Chai; H. Wang; T. Li; Z. Wang","Department of Electronic Engineering, Beijing National Research Center for Information Science and Technology (BNRist), Tsinghua University, Beijing, China; Department of Electronic Engineering, Beijing National Research Center for Information Science and Technology (BNRist), Tsinghua University, Beijing, China; Department of Electronic Engineering, Beijing National Research Center for Information Science and Technology (BNRist), Tsinghua University, Beijing, China; Department of Electronic Engineering, Beijing National Research Center for Information Science and Technology (BNRist), Tsinghua University, Beijing, China",IEEE Network,"13 Sep 2024","2024","38","5","84","92","The sixth generation mobile network (6G) is evolving to provide ubiquitous connections, multidimensional perception, native intelligence, global coverage, etc., which poses intense demands for network design to tackle the highly dynamic context and diverse service requirements. Digital Twin (DT) is envisioned as an efficient method for designing 6G that migrates the behaviors of physical nodes to the virtual space. However, in the high-dynamic 6G network, there still exist challenges in achieving accuracy and flexibility when constructing DT. In this article, we propose a Generative Artificial Intelligence (GAI)-driven mobile network digital twin paradigm, where the GAI is utilized as a key enabler to generate DT data. Specifically, GAI is capable of implicitly learning the complex distribution of network data, allowing it to sample from the distribution and obtain high-fidelity data. In addition, the construction of DT is closely related to various types of data, such as environmental, user, and service data. GAI can utilize these data as conditions to control the generation process under different scenarios, thereby enhancing flexibility. In practice, we develop a network digital twin prototype system to accurately model the behaviors of mobile network elements ( $i.e$ ., mobile users, base stations, and wireless environments) and to evaluate network performance. Evaluation results demonstrate that the proposed prototype system can generate high-fidelity DT data and provide practical network optimization solutions.","1558-156X","","10.1109/MNET.2024.3420702","National Natural Science Foundation of China(grant numbers:62171260,62272260,U22B2057); China Postdoctoral Science Foundation(grant numbers:2023M742010); ","https://ieeexplore.ieee.org/stamp/stamp.jsp?arnumber=10577097","Network digital twin;generative AI;network optimization","Optimization;6G mobile communication;Digital twins;Wireless communication;Generative AI;Protocols;Optimization models;Ubiquitous computing;Telecommunication network performance","","35","","15","IEEE","28 Jun 2024","Sept. 2024","","IEEE","IEEE Magazines"
"D-NDT: Distributed Network Digital Twin Architecture—Use Case on 5G Network Slice Management","L. V. Cakir; A. Kaushik; B. Canberk","Edinburgh Napier University, UK; OUF Innovative Ltd., Ireland and Indraprastha Institute of Information Technology, Delhi (IIITD), India; Edinburgh Napier University, UK",IEEE Communications Magazine,"3 Jul 2026","2026","64","7","96","101","Network Digital Twins (NDTs) are set to play a crucial role in next-generation networks. However, their deployment in the real world is constrained by high synchronisation overhead and scalability limitations. To address this, while distributed computing is a promising paradigm, it cannot be implemented directly in the NDTs due to their tightly coupled architectures. Therefore, we present Distributed NDT (D-NDT) and decouple synchronisation from model execution. In this, dedicated components handle bidirectional telemetry flows, preprocessing, and aggregation near the physical network, while separate execution components perform model inference using the abstracted, synchronised representation. This separation enables independent scaling, eliminates redundant data collection across domains, and supports distributed deployment. Consequently, we present a use case for 5G network slice management and compare the performance of D-NDT with centralised and partially distributed architectures. The results show that D-NDT reduces synchronisation latency and maintains scalability as NDT complexity increases.","1558-1896","","10.1109/MCOM.001.2500462","Scientific and Technological Research Council of Turkey (TUBITAK); ","https://ieeexplore.ieee.org/stamp/stamp.jsp?arnumber=11519595","","Modeling;Synchronization;Management;Computer architecture;Radio access networks;Regional area networks;Digital twins;5G mobile communication;Network slicing","","","","15","IEEE","13 May 2026","July 2026","","IEEE","IEEE Magazines"
"A DRL Approach for Teleoperated Driving in 6G Network Digital Twin Framework","M. Marvulli; G. Gassi; W. Ali; G. Volpe; A. M. Mangini; M. P. Fanti","Politecnico di Bari, Bari, Italy; Politecnico di Bari, Bari, Italy; Politecnico di Bari, Bari, Italy; Politecnico di Bari, Bari, Italy; Politecnico di Bari, Bari, Italy; Politecnico di Bari, Bari, Italy","2025 IEEE International Conference on Systems, Man, and Cybernetics (SMC)","28 Jan 2026","2025","","","7251","7256","In the age of intelligent transportation systems and smart cities, teleoperated driving aims to bridge the gap between human and fully autonomous driving. However, the reliability of teleoperated driving is heavily dependent on the quality of the cellular networks, a limitation that could be addressed by 6G networks, which aims to enhance ultralow latency and high reliability. This study proposes an integrated simulator for teleoperated driving by utilizing Deep Reinforcement Learning (DRL) in a framework of 6G and Network Digital Twin. The presented simulation framework combines different tools (i.e., SUMO, OMNeT++, and Simu5G) to model realistic traffic and network dynamics. In addition, the Random Forest algorithm is used for the coverage prediction system and maintaining stable connectivity, and a DRL model optimizes vehicle routing by balancing path length and signal coverage. A case study is simulated considering the city of Bari (Italy). The framework demonstrates robust communication between teleoperated vehicles and 6G Digital Twin infrastructure.","","979-8-3315-3358-8","10.1109/SMC58881.2025.11342768","Horizon Europe; ","https://ieeexplore.ieee.org/stamp/stamp.jsp?arnumber=11342768","","6G mobile communication;Adaptation models;Smart cities;Vehicle routing;Deep reinforcement learning;Digital twins;Reliability;Vehicle dynamics;Random forests;Intelligent transportation systems","","","","15","IEEE","28 Jan 2026","5-8 Oct. 2025","5-8 Oct. 2025","IEEE","IEEE Conferences"
"Space-Air-Ground Integrated Wireless Networks for 6G: Basics, Key Technologies, and Future Trends","Y. Xiao; Z. Ye; M. Wu; H. Li; M. Xiao; M. -S. Alouini; A. Al-Hourani; S. Cioni","National Key Laboratory of Wireless Communications, University of Electronic Science and Technology of China, Chengdu, China; National Key Laboratory of Wireless Communications, University of Electronic Science and Technology of China, Chengdu, China; QianYuan National Laboratory, Hangzhou, China; Department of Information Science and Engineering, Royal Institute of Technology (KTH), Stockholm, Sweden; Department of Information Science and Engineering, Royal Institute of Technology (KTH), Stockholm, Sweden; Computer, Electrical, and Mathematical Science and Engineering (CEMSE) Division, King Abdullah University of Science and Technology (KAUST), Thuwal, Makkah, Kingdom of Saudi Arabia; School of Engineering, RMIT University, Melbourne, Australia; European Space Agency, Noordwijk, AZ, The Netherlands",IEEE Journal on Selected Areas in Communications,"25 Nov 2024","2024","42","12","3327","3354","With the expansive deployment of ground base stations, low Earth orbit (LEO) satellites, and aerial platforms such as unmanned aerial vehicles (UAVs) and high altitude platforms (HAPs), the concept of space-air-ground integrated network (SAGIN) has emerged as a promising architecture for future 6G wireless systems. In general, SAGIN aims to amalgamate terrestrial nodes, aerial platforms, and satellites to enhance global coverage and ensure seamless connectivity. Moreover, beyond mere communication functionality, computing capability is increasingly recognized as a critical attribute of sixth generation (6G) networks. To address this, integrated communication and computing have recently been advocated as a viable approach. Additionally, to overcome the technical challenges of complicated systems such as high mobility, unbalanced traffics, limited resources, and various demands in communication and computing among different network segments, various solutions have been introduced recently. Consequently, this paper offers a comprehensive survey of the technological advances in communication and computing within SAGIN for 6G, including system architecture, network characteristics, general communication, and computing technologies. Subsequently, we summarize the pivotal technologies of SAGIN-enabled 6G, including the physical layer, medium access control (MAC) layer, and network layer. Finally, we explore the technical challenges and future trends in this field.","1558-0008","","10.1109/JSAC.2024.3492720","National Science Foundation of China(grant numbers:62071111); Fundamental Research Funds for the Central Universities(grant numbers:2242022k60006;); Swedish Research Council Project titled “Coding for Large-Scale Distributed Machine Learning”(grant numbers:2021-04772); European Commission, Horizon Europe, Marie Sk’odowska-Curie Actions (MSCA) Project, Secured and Intelligent Massive Machine-to-Machine Communication for 6G (SCION)(grant numbers:101072375); Swedish Research Council Project titled “Coding for Large-Scale Distributed Machine Learning”(grant numbers:101086159); ","https://ieeexplore.ieee.org/stamp/stamp.jsp?arnumber=10745905","Space-air-ground integrated networks;6G;non-terrestrial networks;mega satellite constellations;HAP communications;UAV communications","6G mobile communication;Space-air-ground integrated networks;Satellites;Three-dimensional displays;Low earth orbit satellites;Wireless communication;Surveys;Computer architecture;Systems architecture;Space vehicles","","210","","258","IEEE","6 Nov 2024","Dec. 2024","","IEEE","IEEE Journals"
"Lightweight Boolean Heartbreak Signaling with SDT and Adaptive Gain Factors for 5G AI-Driven NWDAF Layers : Enabling Scalable AI Monitoring via Minimal-Bandwidth LHB Health Signaling","S. Chandran; R. Venkataraman","Department of Computer Science and Engineering, SRM Institute of Science and Technology; Department of Computer Science and Engineering, SRM Institute of Science and Technology","2026 International Conference on Computing, Networking and Communications (ICNC)","9 Mar 2026","2026","","","78","84","Fifth-generation (5G) networks enable ultra-low latency, high bandwidth, and massive connectivity for mission-critical applications. Their microservice-based core requires continuous subsystem-level health monitoring to ensure reliability and performance. Emerging Beyond-5G and 6G architectures integrate AI-driven analytics through the Network Data Analytics Function (NWDAF), enabling predictive assurance and adaptive optimization. However, centralized AI pipelines often accumulate redundant telemetry, increasing inference latency, compute load, and cooling demands-thereby amplifying overall energy consumption. This paper presents LHB-X (Lightweight Heartbreak signaling), a novel engineered sustainable health-bit framework that reduces telemetry overhead while preserving detection fidelity. The Heartbreak Signal denotes a Boolean health-signal bit of subsystem well-being, generated at the source using surprisalbased scoring and refined through adaptive gain feedback from the NWDAF layer. Local edge-side computation ranges from $O(m)$ in structurally concrete subsystems to $O\left(m^{3}\right)$ in structurally complex correlation modes, while remaining lightweight for typical 5G deployments. Crucially, the exported LHB-X message is fixed-size, ensuring constant-time $(O(1))$ processing at the NWDAF layer regardless of subsystem structure or count. Comparative evaluation against baseline telemetry (raw, threshold-based, and sampled) demonstrates reduced bandwidth usage, lower CPU utilization, and stable true-positive rates under identical thresholds. By minimizing redundant data transfer, compute cycles, and cooling demands, LHB-X achieves measurable energy gains and supports dynamic, closed-loop optimization via NWDAF. The framework aligns with 6G sustainability goals and provides a deployable path toward efficient, AI-assisted monitoring across $\mathbf{5 G} \boldsymbol{/} \mathbf{6 G}$, IoT, and cyberphysical systems.","2473-7585","979-8-3315-7111-5","10.1109/ICNC68183.2026.11416883","","https://ieeexplore.ieee.org/stamp/stamp.jsp?arnumber=11416883","5G Core;6G;NWDAF;Network Data Analytics Function;Boolean health signaling;Constant-time fault detection;Surprisal-based anomaly detection;Adaptive gain feedback;Network Digital Twin (NDT);Edge;Sustainable AI monitoring;Environmental efficiency;Heartbreak signal (HB);Closed-loop control;Cyber-physical systems;Industrial IoT;Operational Intelligence (OI)","6G mobile communication;Data analysis;5G mobile communication;Cooling;Image edge detection;Bandwidth;Telemetry;Artificial intelligence;Monitoring;Optimization","","","","25","IEEE","9 Mar 2026","16-19 Feb. 2026","16-19 Feb. 2026","IEEE","IEEE Conferences"
"Network Digital Twins of MEC Servers in 6G Systems: Models, Functions and Interfaces","C. Campolo; A. Iera; A. Molinaro; L. Rachiele","University Mediterranea of Reggio Calabria, Italy; University of Calabria, Italy; University Mediterranea of Reggio Calabria, Italy; Consorzio Nazionale Interuniversitario per le Telecomunicazioni (CNIT), Italy",2024 IEEE International Mediterranean Conference on Communications and Networking (MeditCom),"12 Aug 2024","2024","","","91","96","The operation and management of upcoming sixth generation (6G) networks will be heavily challenged by a variety of increasingly complex and sophisticated services and of their stricter and unprecedented requirements. The Digital Twin (DT) concept, especially consolidated in the industrial domains, is gaining momentum as a key enabler of 6G. By interacting in real time with the paired physical network components (e.g., end-devices, routers, base stations, edge servers), Network DTs (NDTs) can monitor, predict and optimize their performance, without affecting their actual behaviour. In particular, in recent years, NDTs have been devised to be coupled with MEC servers to track their state and assist, among others, in resource allocation, task offloading and service migration optimization policies. Notwithstanding, to the best of our knowledge, it is unclear how the DT of a MEC server should be built, in terms of data models, functions and interfaces, and where it should be placed. In order to fill this gap, in this work we design a reference architecture for MEC NDTs along with the relevant components needed to support the main MEC operations and identify possible guidelines for the placement of such NDTs.","","979-8-3503-0948-5","10.1109/MeditCom61057.2024.10621300","","https://ieeexplore.ieee.org/stamp/stamp.jsp?arnumber=10621300","Network Digital Twin;MEC server;6G","6G mobile communication;Real-time systems;Data models;Digital twins;Servers;Resource management;Task analysis","","2","","35","IEEE","12 Aug 2024","8-11 July 2024","8-11 July 2024","IEEE","IEEE Conferences"
"Research on Digital Twin Technology for Future 6G","L. Li","School of Communication and Information Engineering, Shanghai Technical Institute of Electronics & Information, Shanghai, China",Intelligent and Converged Networks,"4 Apr 2025","2025","6","1","20","40","With advancement in digitalization and simulation technology, digital twin (DT) technology has emerged as a focal point of research in various industries. In response to the demands for high-quality and efficient wireless communication, it is crucial to conduct an in-depth study of core aspects and key technologies of digital twin technology. This will facilitate a better understanding and exploration of the future development direction of related digital simulation technology within the communication field. This paper provides a systematic summary and analysis of the concept of digital twins, their key technologies, and the current research landscape. Additionally, it explores the research and application fields, as well as the development prospects of digital twin technology in communications. The paper also examines diverse applications of digital twin technology in future 6th generation (6G) networks, including an end-to-end digital twin network architecture framework for non-terrestrial networks (NTNs) in the context of 6G. Finally, it discusses the challenges and opportunities for the widespread implementation of digital twins in future wireless communication networks.","2708-6240","","10.23919/ICN.2025.0002","","https://ieeexplore.ieee.org/stamp/stamp.jsp?arnumber=10949695","digital twin;communication network;overview;6th generation (6G)","6G mobile communication;Wireless communication;Industries;Systematics;Network architecture;Libraries;Digital twins;Standards;Faces;Systematic literature review","","6","","62","","4 Apr 2025","March 2025","","TUP","TUP Journals"
"Adaptive and Context-Aware Capability Exposure with Digital Twins for Beyond-5G Networks","A. Zaki-Hindi; S. Faye","Luxembourg Institute of Science and Technology (LIST), Esch-Sur-Alzette, Luxembourg; Luxembourg Institute of Science and Technology (LIST), Esch-Sur-Alzette, Luxembourg",2026 IEEE International Conference on Communications Workshops (ICC Workshops),"15 Jul 2026","2026","","","1","6","The Network Exposure Function (NEF) is a cornerstone of 5G service openness, enabling third-party applications to access network capabilities via standardized APIs. Current exposure mechanisms, however, remain largely static, offering limited adaptability to real-time network dynamics and diverse vertical requirements. This paper proposes an AI-driven evolution of network exposure by integrating a Network Digital Twin (NDT) as an intelligent companion to the NEF. The NDT continuously mirrors the live network through NEF APIs, learns from its behavior, and proactively optimizes exposure policies and service requests before they reach the operational network. This closed-loop integration enables predictive analytics, context-aware exposure, and adaptive policy enforcement, leading to measurable improvements in resource efficiency and exposure responsiveness. We demonstrate the potential of this approach through an illustrative scenario and a preliminary evaluation, highlighting trade-offs in resource allocation, signaling, latency, and computational overhead.","2694-2941","979-8-3315-7624-0","10.1109/ICCWorkshops63917.2026.11586735","","https://ieeexplore.ieee.org/stamp/stamp.jsp?arnumber=11586735","6G;AI-Native Architecture;Network Exposure Function;Network Digital Twins","Application programming interfaces;Modeling;5G mobile communication;Timing;Real-time systems;Resource management;Architecture;Computer architecture;Conferences;Printing","","","","15","IEEE","15 Jul 2026","24-28 May 2026","24-28 May 2026","IEEE","IEEE Conferences"
"Network Selection and QoS Management Algorithm for 5G Converged Shipbuilding Network Based on Digital Twin","B. Huang; D. Wang; H. Li; C. Zhao","Jiangsu Automation Research Institute, Shanghai, China; Jiangsu Automation Research Institute, Shanghai, China; Beijing University of Posts and Telecommunications, Beijing, China; Beijing University of Posts and Telecommunications, Beijing, China",2022 10th International Conference on Information and Education Technology (ICIET),"26 May 2022","2022","","","403","408","With the continuous development of intelligent manufacturing technology, in order to meet the diversified needs of network and computing power for intelligent applications in the shipbuilding process, 5G technology and edge computing technology are applied in the traditional 4G/WLAN networks, thus forming the 5G converged shipbuilding network. In order to support massive intelligent services under the converged network in the shipyard, the mechanism for access control and QoS (Quality of Services) management need further researches. In this paper, the 5G converged shipbuilding network based on digital twin is studied, and an efficient and reliable method for multi-mode terminal access and multi-QoS management is proposed. This method continuously constructs the communication environment of digital-twin network through data collection from the physical network, and performs detailed network simulation and mapping through RL (Reinforcement Learning) in digital-twin network to achieve scheduling optimization. The decisions made in digital-twin network are delivered to the physical network to achieve efficient and reliable multi-mode terminal access and multi-QoS management. The simulation results show that the proposed new architecture and method effectively can improve the efficiency of 5G converged network in the shipyard.","","978-1-6654-8048-2","10.1109/ICIET55102.2022.9779044","Beijing University of Posts and Telecommunications; MIIT(grant numbers:CJ04N20); ","https://ieeexplore.ieee.org/stamp/stamp.jsp?arnumber=9779044","5G converged network;digital twin;shipbuilding;reinforcement learning","5G mobile communication;Simulation;Quality of service;Computer architecture;Reinforcement learning;Data models;Real-time systems","","6","","12","IEEE","26 May 2022","9-11 April 2022","9-11 April 2022","IEEE","IEEE Conferences"
"Causal Behaviour Models for Network Digital Twin in Autonomous Networks","D. R. Seetharaman; R. S. Kumar; A. A. Salem; M. J. Prasath",Ericsson India; Ericsson India; Ericsson India; Ericsson India,2025 IEEE Future Networks World Forum (FNWF),"2 Jan 2026","2025","","","1","6","Network Digital Twin (NDT) is a real-time virtual representation of a telecommunications network, replicating the behaviour of the physical network. NDT is the considered to be the key enabler of the zero-touch networks to validate the configurations and policies before implementing in the actual network. For building an NDT, data-driven behaviour modelling is challenging due to the limited historical configurations changes done in the real network. We propose a method of building an NDT as a collection of causal behaviour models, replicating a specific aspect of the network. Our approach enables gradual scaling of the NDT by adding new causal behaviour models dynamically when enough observational data is available for each network configuration.","2770-7679","979-8-3315-9193-9","10.1109/FNWF66845.2025.11317215","","https://ieeexplore.ieee.org/stamp/stamp.jsp?arnumber=11317215","Network Digital Twin;Zero Touch Networks;Intent Based Networks;Causal Behavioural Model;6G","6G mobile communication;Autonomous networks;Buildings;Real-time systems;Data models;Digital twins;Telecommunications","","","","18","IEEE","2 Jan 2026","10-12 Nov. 2025","10-12 Nov. 2025","IEEE","IEEE Conferences"
"AI-Native Network Digital Twin for Intelligent Network Management in 6G","W. Wu; X. Huang; M. Qin; Q. Li; N. Cheng; T. H. Luan","Frontier Research Center, Peng Cheng Laboratory, Shenzhen, Guangdong, China; Department of Electrical and Computer Engineering, University of Waterloo, Waterloo, ON, Canada; Frontier Research Center, Peng Cheng Laboratory, Shenzhen, Guangdong, China; College of Communication Engineering, Jilin University, Changchun, China; School of Telecommunication Engineering, Xidian University, Xi’an, China; School of Cyber Science and Engineering, Xi’an Jiaotong University, Xi’an, China",IEEE Network,"","2025","PP","99","1","9","As a pivotal virtualization technology, the network digital twin (DT) is expected to accurately reflect real-time status and abstract features in the ongoing sixth generation (6G) networks. In this article, we propose an artificial intelligence (AI)-native network DT framework for 6G networks to enable the synergy of AI and network DT, thereby facilitating intelligent network management. In the proposed framework, AI models are utilized to establish network DT models to support network status prediction, network pattern abstraction, and network management decision-making. Furthermore, potential solutions are proposed to enhance the performance of network DT. Finally, a case study is presented, followed by a discussion of open research issues that are essential for the AI-native network DT in 6G networks.","1558-156X","","10.1109/MNET.2025.3628267","","https://ieeexplore.ieee.org/stamp/stamp.jsp?arnumber=11244812","","Artificial intelligence;6G mobile communication;Real-time systems;Decision making;Adaptation models;Data models;Intelligent networks;Computational modeling;Servers;Predictive models","","6","","","IEEE","13 Nov 2025","","","IEEE","IEEE Early Access Articles"
"Next-Generation Security in the 6G Era: The Role of AI in Safeguarding Future Networks","R. Kumar; J. Dutta; N. Vamsi; U. Sankararao Varri; D. Puthal","Department of Computer Science and Engineering, SRM University-AP, Amaravati, Andhra Pradesh, India; Department of Electrical Engineering, Khalifa University of Science and Technology, Abu Dhabi, United Arab Emirates; Department of Computer Science and Engineering, SRM University-AP, Amaravati, Andhra Pradesh, India; Department of Computer Science and Engineering, SRM University-AP, Amaravati, Andhra Pradesh, India; Department of Information System and Security, United Arab Emirates University, Abu Dhabi, United Arab Emirates",IEEE Access,"6 Feb 2026","2026","14","","17347","17380","The integration of Artificial Intelligence (AI) into sixth-generation (6G) networks is a foundational requirement for achieving unprecedented performance, but it also introduces a sophisticated threat landscape that legacy security frameworks cannot address. This paper presents a comprehensive review of this dual role of AI, analyzing its potential to both compromise and safeguard future networks. Since AI has the ability to both protect and compromise security and privacy, its implementation with 6G technology may sometimes be a double-edged sword. The primary objective of this survey is to systematically analyze existing research that integrates AI techniques into 6G architectures, focusing on their implications for security and privacy. Among the concerns being investigated is the fundamental privacy and security risk associated with 6G technologies. Therefore, in order to incorporate and confirm this foundational research as a platform for future research, we have developed a review on the specifics of 6G security and privacy. The methodology involves reviewing recent academic and industrial studies related to AI-enabled 6G frameworks, threat models, and defense mechanisms, with an emphasis on how AI contributes to intrusion detection, authentication, and privacy preservation. This paper begins with a historical analysis of previous networking technologies and how they impacted contemporary 6G networking improvements. Therefore, this article discusses extensively the aspects that have rendered 6G technology relevant as well as the ongoing 6G-based projects. In addition, it identifies and critically evaluates key enabling technologies, including distributed ledger technology (DLT/blockchain), physical layer security (PLS), terahertz (THz) communication, quantum computing, visible light communication (VLC), and distributed AI/ML, that underpin secure 6G environments. The paper concludes by summarizing open challenges, future research opportunities, and potential pathways for building trustworthy AI-driven 6G systems.","2169-3536","","10.1109/ACCESS.2025.3650208","Khalifa University of Science and Technology(grant numbers:KU-INT-FSU-2022-018); ","https://ieeexplore.ieee.org/stamp/stamp.jsp?arnumber=11321280","6G;security;artificial intelligence;blockchain;communication system security;federated learning;machine learning;physical layer security (PLS);privacy;quantum computing;terahertz (THz) communication","6G mobile communication;Security;Reviews;Artificial intelligence;Privacy;Surveys;Visible light communication;Terahertz communications;Next generation networking;Distributed ledger","","19","","171","CCBY","1 Jan 2026","2026","","IEEE","IEEE Journals"
"Research and Discussion on Digital Twin Architecture of 5G Bearer Network","Y. Wang; X. Cui; J. Zhu; B. Guo","China Academy of Information and Communications Technology (CAICT), Beijing, China; China Academy of Information and Communications Technology (CAICT), Beijing, China; Huawei Technologies Co. LTD, Wuhan, China; Beijing University of Posts and Telecommunications, Beijing, China",2024 22nd International Conference on Optical Communications and Networks (ICOCN),"3 Sep 2024","2024","","","1","3","Based on the research of digital twin technology in the field of information communication, this paper mainly proposes the architecture of digital twin for 5G bearer network, and the deployment strategy of digital twin technology in 5G bearer network is also discussed.","2771-3059","979-8-3503-6765-2","10.1109/ICOCN63276.2024.10648354","","https://ieeexplore.ieee.org/stamp/stamp.jsp?arnumber=10648354","5G bearer network;digital twin;layer;simulation;autonomous network;architecture","5G mobile communication;Optical fiber communication;Digital twins","","","","4","IEEE","3 Sep 2024","26-29 July 2024","26-29 July 2024","IEEE","IEEE Conferences"
"A Survey on Digital Twin Networks: Architecture, Technologies, Applications, and Open Issues","Y. Pan; L. Lei; G. Shen; X. Zhang; P. Cao","College of Electronic and Information Engineering/College of Integrated Circuits, Nanjing University of Aeronautics and Astronautics, Nanjing, China; College of Electronic and Information Engineering/College of Integrated Circuits, Nanjing University of Aeronautics and Astronautics, Nanjing, China; Fundamental Experimental Teaching Department, Nanjing University of Aeronautics and Astronautics, Nanjing, China; College of Electronic and Information Engineering/College of Integrated Circuits, Nanjing University of Aeronautics and Astronautics, Nanjing, China; College of Electronic and Information Engineering/College of Integrated Circuits, Nanjing University of Aeronautics and Astronautics, Nanjing, China",IEEE Internet of Things Journal,"11 Jun 2025","2025","12","12","19119","19143","Digital Twin (DT) technology represents a cutting-edge methodology that digitally maps physical entities with high fidelity, leading to the digital twin network (DTN) through its integration with network technologies. DTN establishes bidirectional communication between virtual and physical spaces, enabling real-time monitoring, dynamic optimization, and precise control of physical networks. This addresses challenges posed by network expansion and service diversification, revolutionizing the management and optimization of complex network systems. Despite its potential, DTN implementation remains challenging, with research still nascent and lacking detailed guidelines. This article aims to bridge this gap by presenting a comprehensive survey of the reference architecture for real-world DTN implementation and its key enabling technologies. It begins by defining the conceptual foundation of DTN and reviewing related architectural studies. This is followed by the proposal of a universal and scalable modular DTN architecture, encompassing the physical layer, data layer, DT model layer, and service layer. We then explore the critical enabling technologies required for implementing this architecture and analyze applications enhanced by DTN. Notably, We propose a five-level digital twin model evolution taxonomy framework that systematically reveals the evolution path from basic mapping to ultrahigh-fidelity autonomous inference. This framework provides a structured evaluation benchmark for optimizing and advancing digital twin models. Finally, we discuss the primary open issues in DTN, offering theoretical and practical guidance for future research in this field.","2327-4662","","10.1109/JIOT.2025.3565265","National Natural Science Foundation of China(grant numbers:62371232); Natural Science Foundation of Jiangsu Province(grant numbers:BK20241387); China Postdoctoral Science Foundation(grant numbers:2024M764237); ","https://ieeexplore.ieee.org/stamp/stamp.jsp?arnumber=10979998","Architecture;artificial intelligence (AI);blockchain;data;deep reinforcement learning (DRL);digital twin network (DTN);federated learning (FL);graph neural network (GNN);model;service","Digital twins;Surveys;Artificial intelligence;Data models;Wireless communication;Internet of Things;6G mobile communication;Optimization;Reviews;Predictive models","","26","","150","IEEE","29 Apr 2025","15 June15, 2025","","IEEE","IEEE Journals"
"Protecting Digital Twin Networks for 6G-enabled Industry 5.0 Ecosystems","C. Alcaraz; J. Lopez","University of Malaga, Spain; University of Malaga, Spain",IEEE Network,"5 Sep 2023","2023","37","2","302","308","New industrial paradigms, such as the Industrial Internet of Things (IIoT) and Industry 5.0, are emerging in industrial contexts with the aim of fostering quality in operational processes. With the expected launch of 6G in the coming years, IIoT networks in Industry 5.0 ecosystems can leverage 6G technology and its support for training machine learning models using Digital Twins (DTs), embedded in DT Networks (DTNs), to transparently and continuously optimize their communications. Unfortunately, the use of these technologies, in turn, intensifies the attack surface and poses a serious threat to the new goals of Industry 5.0, such as improving the user experience, sustainability and resilience. This article therefore proposes a layered protection framework for 6G-enabled IIoT environments, where not only DTs and DTNs are fully protected, but also the whole 6G ecosystem, complying with the expected goals of Industry 5.0. To achieve this, the framework identifies for each protection layer a set of security and privacy services to subsequently relate them to existing computing infrastructures (cloud, edge, edge-cloud) and provide the best approach for future IIoT deployments.","1558-156X","","10.1109/MNET.004.2200529","","https://ieeexplore.ieee.org/stamp/stamp.jsp?arnumber=10239369","","Industries;6G mobile communication;Training;Ecosystems;User experience;Digital twins;Security","","32","","15","IEEE","5 Sep 2023","March/April 2023","","IEEE","IEEE Magazines"
"On Effectiveness of Graph Neural Network Architectures for Network Digital Twins (NDTs)","I. Zacarias; O. Ben Taarit; A. Jukan","Technische Universität Braunschweig, Braunschweig, Germany; Technische Universität Braunschweig, Braunschweig, Germany; Technische Universität Braunschweig, Braunschweig, Germany",2025 IEEE Conference on Network Function Virtualization and Software-Defined Networking (NFV-SDN),"29 Jan 2026","2025","","","1","6","Future networks, such as 6G, will need to support a vast and diverse range of interconnected devices and applications, each with its own set of requirements. While traditional network management approaches may not suffice, automated solutions are becoming a must. However, network automation frameworks are prone to errors, and often they employ Machine Learning (ML)-based techniques that require training to learn how the network can be optimized. In this sense, network digital twins are a useful tool that allows for the simulation, testing, and training of AI models without affecting the real-world networks and users. This paper presents an AI-based Network Digital Twin (AI-NDT) that leverages a multi-layered Knowledge Graph (KG) architecture and graph neural networks to predict network metrics that directly affect the Quality of Service (QoS) perceived by users. An evaluation of the four most prominent Graph Neural Networks (GNNs) architectures was conducted to assess their effectiveness in developing network digital twins. We trained the digital twin on publicly available measurement data from RIPE Atlas, therefore obtaining results close to what is expected in real-world applications. The results show that among the four architectures evaluated, GraphTransformer presents the best performance. However, other architectures might fit better in scenarios where shorter training time is important, while also delivering acceptable results. The results of this work are indicative of what might become common practice for proactive network management, offering a scalable and accurate solution aligned with the requirements of the next-generation networks.","2832-2231","978-1-6654-6577-9","10.1109/NFV-SDN66355.2025.11349484","Horizon Europe; ","https://ieeexplore.ieee.org/stamp/stamp.jsp?arnumber=11349484","network digital twin;network management;networking;6G;graph neural networks","Training;6G mobile communication;Accuracy;Network topology;Computer architecture;Quality of service;Graph neural networks;Digital twins;Topology;Internet of Things","","1","","14","IEEE","29 Jan 2026","10-12 Nov. 2025","10-12 Nov. 2025","IEEE","IEEE Conferences"
"From Monitoring to Prediction: Hands-on Experience on Building a Cloud-Native Network Digital Twin for 5G Core","L. Zanzi; X. Li; M. Liebsch; F. Satoshi; D. Kalaswan; S. Mio","NEC Laboratories Europe, Germany; NEC Laboratories Europe, Germany; NEC Laboratories Europe, Germany; NEC Corporation, Tokyo, Japan; NEC Corporation, Tokyo, Japan; NEC Corporation, Tokyo, Japan",ICC 2026 - IEEE International Conference on Communications,"14 Jul 2026","2026","","","1","6","The increasing complexity and dynamism of modern communication networks have driven the need for Network Digital Twins (NDTs)—virtual replicas that enable real-time monitoring, analysis, and predictive management of network behavior. However, realizing operational NDTs requires an integrated data pipeline capable of continuous telemetry ingestion, scalable computation, and intelligent decision support. This paper presents a cloud-native monitoring and prediction framework that enables the creation of functional NDT instances for commercial 5G Core performance management. The system fuses real-time telemetry with machine learning–driven analytics to forecast critical performance indicators such as CPU and memory stress, allowing for proactive fault management and network resource control. Built on a modular and containerized architecture and embedded into Amazon Web Service (AWS), the framework supports seamless deployment and interoperability within Kubernetes environments. Experimental validation on stressing network workloads demonstrates its capability to deliver accurate predictions of system degradation and facilitate closed-loop control strategies. The proposed approach opens a practical path toward the realization of self-optimizing, AI-enhanced network digital twins for next-generation autonomous networks.","1938-1883","979-8-3195-4209-0","10.1109/ICC59461.2026.11587512","","https://ieeexplore.ieee.org/stamp/stamp.jsp?arnumber=11587512","","Modeling;5G mobile communication;Timing;Digital twins;Central Processing Unit;Measurement;Real-time systems;Training;Machine learning;Forecasting","","","","10","IEEE","14 Jul 2026","24-28 May 2026","24-28 May 2026","IEEE","IEEE Conferences"
"Machine and Deep Learning for Digital Twin Networks: A Survey","B. Qin; H. Pan; Y. Dai; X. Si; X. Huang; C. Yuen; Y. Zhang","Frontier Information Technology Research Institute, Zhongyuan University of Technology, Zhengzhou, China; Frontier Information Technology Research Institute, Zhongyuan University of Technology, Zhengzhou, China; Research Center of 6G Mobile Communications, School of Cyber Science and Engineering, Huazhong University of Science and Technology, Wuhan, China; Frontier Information Technology Research Institute, Zhongyuan University of Technology, Zhengzhou, China; School of Information and Communication Engineering, University of Electronic Science and Technology of China, Chengdu, China; School of Electrical and Electronics Engineering, Nanyang Technological University, Nanyang Ave, Singapore; Department of Informatics, University of Oslo, Oslo, Norway",IEEE Internet of Things Journal,"25 Oct 2024","2024","11","21","34694","34716","Digital twin (DT) is a technology that precisely replicates physical entities and seamlessly connects physical entities with virtual counterparts, which facilitates precise understanding, optimization, and decision-making. DT network (DTN) can be regarded as an information-sharing network, comprising a constellation of interconnected DT nodes. This survey provides an in-depth exploration of the concepts and potential of DTN, with a particular focus on the role of machine and deep learning in improving the efficiency of DTN systems, including anomaly monitoring, system state estimation, resource allocation, task offloading, model optimization, and security and privacy protection. Incorporating machine and deep learning into DTN stands to revolutionize industries by enabling the extraction of critical insights, enhancing anomaly detection capabilities, refining the accuracy of predictive models, and optimizing the allocation of resources. Finally, we discuss the challenges and future research directions in the application of machine and deep learning in DTN.","2327-4662","","10.1109/JIOT.2024.3416733","National Natural Science Foundation of China(grant numbers:62201219); State Key Laboratory of Rail Traffic Control and Safety at Beijing Jiaotong University(grant numbers:RCS2023K010); Pre-Research Project of Songshan Laboratory(grant numbers:YYJC032022021); Key Research Project for Higher Education of Henan Province(grant numbers:24A520059); Advantageous Discipline Strengthening Plan of Zhongyuan University of Technology(grant numbers:GG202425); ","https://ieeexplore.ieee.org/stamp/stamp.jsp?arnumber=10570372","Deep learning;digital twin (DT);digital twin network (DTN);federated learning (FL);Internet of Things (IoT);machine learning;transfer learning","Deep learning;Optimization;Monitoring;Internet of Things;Real-time systems;Data models;Computational modeling","","66","","116","IEEE","24 Jun 2024","1 Nov.1, 2024","","IEEE","IEEE Journals"
"6G Digital Twin Networks: From Theory to Practice","X. Lin; L. Kundu; C. Dick; E. Obiodu; T. Mostak; M. Flaxman","NVIDIA, USA; NVIDIA, USA; NVIDIA, USA; NVIDIA, USA; HEAVY.AI, USA; HEAVY.AI, USA",IEEE Communications Magazine,"23 Nov 2023","2023","61","11","72","78","Digital twin networks (DTNs) are real-time replicas of physical networks. They are emerging as a powerful technology for design, diagnosis, simulation, what-if-analysis, and artificial intelligence (AI)/ machine learning (ML) driven real-time optimization and control of the sixth generation (6G) wireless networks. Despite the great potential of what digital twins can offer for 6G, realizing the desired capabilities of DTNs requires tackling many design aspects including data, models, and interfaces. In this article we provide an overview of DTNs by presenting prominent use cases and their service requirements, describing a reference architecture, and discussing fundamental design aspects. We also present a real-world example to illustrate how DTNs can be built upon and operated in a real-time reference development platform - Omniverse.","1558-1896","","10.1109/MCOM.001.2200830","","https://ieeexplore.ieee.org/stamp/stamp.jsp?arnumber=10148936","","6G mobile communication;Data models;Real-time systems;Surveys;Digital twins;Computer architecture;Analytical models","","165","","15","IEEE","12 Jun 2023","November 2023","","IEEE","IEEE Magazines"
"Integrating Generative AI with Network Digital Twin for 6G: An Edge-Cloud Collaborative Approach","W. Guan; P. Li; H. Zhang; Y. Wu","School of Computer and Communication Engineering, University of Science and Technology, Beijing, China; State Key Laboratory of Internet of Things for Smart City, University of Macau, China; Key Laboratory of Space-Air-Ground Intelligent Communication, Beijing, China; State Key Laboratory of Internet of Things for Smart City, University of Macau, China",IEEE Communications Magazine,"4 Nov 2025","2025","63","11","181","187","The sixth-generation (6G) of wireless systems aim to support the emerging Internet of Everything (IoE) applications and provide Artificial Intelligence-Generated Content (AIGC) services to diverse mobile devices. The strict communication requirements of various IoE applications and the personalized user requirements of mobile AIGC services pose great challenges to the 6G network management. Creating a digital twin (DT) to represent the wireless networks can facilitate the achievement of zero-touch and autonomous wireless network management with accurate modeling of the physical network and proactive analysis of its behavior. In this article, a hybrid deployment architecture of a joint DT for 6G network is introduced, integrating with the generative artificial intelligence (GenAI) models which are trained and deployed in an edge-cloud collaborative way. A integration framework between GenAI and network DT is presented to realize a cycle of benefits. GenAI models offer efficient solutions for ubiquitous intelligent decision-making during the life cycle of DT while the joint DT provides assistance in mobile AIGC services provisioning to reduce the resource consumption and improve user experience. A case study is presented for illustrating how to utilize DT capabilities to enhance the computing resource allocation for fine-tuning and inference, providing personalized AIGC services.","1558-1896","","10.1109/MCOM.001.2500002","National Natural Science Foundation of China(grant numbers:62225103,U22B2003,U2441227,U24A20211); Beijing Natural Science Foundation(grant numbers:L241008); Fundamental Research Funds for the Central Universities(grant numbers:FRF-TP-22-002C2); ","https://ieeexplore.ieee.org/stamp/stamp.jsp?arnumber=11193665","","6G mobile communication;Data models;Servers;Computational modeling;Collaboration;Resource management;Cloud computing;Wireless networks;Real-time systems;Predictive models","","6","","15","IEEE","3 Oct 2025","November 2025","","IEEE","IEEE Magazines"
"Network GDT: GenAI Based Digital Twin for Automated Network Performance Evaluation","S. Singh; S. Kumar; P. M. Hong; A. Jain; M. R. Kanagarathinam; K. M. Sivalingam; H. K. Narsani","Samsung R&D India, Bangalore, India; Samsung R&D India, Bangalore, India; Samsung Research, Seoul, South Korea; Samsung R&D India, Bangalore, India; Samsung R&D India, Bangalore, India; Indian Institute of Technology Madras; George Mason University, USA",ICC 2025 - IEEE International Conference on Communications,"26 Sep 2025","2025","","","2150","2155","This paper proposes a Generative AI-based Digital Twin (GDT) platform for automated network feature performance evaluation, designed for Beyond 5G (B5G) networks. The platform addresses the inefficiencies of manual evaluation by utilizing a conditional Generative Adversarial Network (cGAN) to simulate network performance based on historical data and new AI/ML features. The Network GDT integrates a novel Digital Twin Augmenting Condition (DTAC) framework, allowing for real-time simulation and performance evaluation of network features. This system significantly reduces the time and cost associated with manual evaluations, improves decision-making, and optimizes Quality of Service (QoS) and Quality of Experience (QoE). The cGAN-based model dynamically generates synthetic data, enabling comprehensive performance insights and proactive AI solution testing under various network scenarios. Experimental results demonstrate high prediction accuracy for congestion use case, validating the robustness of the proposed system. The platform's dual-phase strategy ensures that AI-based solutions are rigorously tested in simulated environments before deployment in real networks, minimizing risks and enhancing stability. This approach provides a scalable and efficient solution for future B5G networks, paving the way for more reliable and optimized wireless communication systems.","1938-1883","979-8-3315-0521-9","10.1109/ICC52391.2025.11162038","","https://ieeexplore.ieee.org/stamp/stamp.jsp?arnumber=11162038","Beyond 5G Networks;Machine Learning;Digital Twin;Big Data;Artificial Intelligence;Automation","Wireless communication;Costs;Accuracy;5G mobile communication;Quality of service;Generative adversarial networks;Stability analysis;Digital twins;Telecommunication network reliability;Quality of experience","","1","","6","IEEE","26 Sep 2025","8-12 June 2025","8-12 June 2025","IEEE","IEEE Conferences"
"Security Framework in Digital Twin for O-RAN","D. Attanayaka; Y. Rumesh; J. Pinola; P. Porambage","VTT Technical Research Centre, Finland; VTT Technical Research Centre, Finland; VTT Technical Research Centre, Finland; VTT Technical Research Centre, Finland",2024 Joint European Conference on Networks and Communications & 6G Summit (EuCNC/6G Summit),"19 Jul 2024","2024","","","889","894","With the vision of 6G networks, the Radio Access Networks (RAN) are expected to entail increased programmability, efficiency, and flexibility. The current trends in Open RAN architecture that promote openness, disaggregation, and inherent intelligence are well aligned with these aspects. The Open RAN architecture’s highly dynamic nature and the data-driven approaches necessitate more cognitive and proactive security measures with robust defensive mechanisms. Digital Twin (DT) is proven to be an ideal platform to integrate into such dynamic systems for testing and optimizing configurations and security algorithms. In this paper, we propose a DT-based security framework for Open RAN (O-RAN) with an elaboration of a use case of security service level agreement (SSLA) assurance management. Moreover, we describe how to integrate energy-aware solutions, such as green security policies, within the proposed framework.","2575-4912","979-8-3503-4499-8","10.1109/EuCNC/6GSummit60053.2024.10597007","","https://ieeexplore.ieee.org/stamp/stamp.jsp?arnumber=10597007","Open radio access network;Network digital twin;Security service level agreement;Machine Learning","6G mobile communication;Heuristic algorithms;Current measurement;Open RAN;Market research;Digital twins;Security","","2","","15","IEEE","19 Jul 2024","3-6 June 2024","3-6 June 2024","IEEE","IEEE Conferences"
"Generative AI-enabled Digital Twins for 6G-enhanced Smart Cities","K. Duran; L. V. Cakir; M. Ozdem; K. Gursu; B. Canberk","School of Computing, Engineering and The Built Environment, Edinburgh Napier University, UK; School of Computing, Engineering and The Built Environment, Edinburgh Napier University, UK; Turk Telekom, Istanbul, Türkiye; BTS Group, Türkiye, Istanbul; School of Computing, Engineering and The Built Environment, Edinburgh Napier University, UK",2024 IEEE Globecom Workshops (GC Wkshps),"12 Aug 2025","2024","","","1","6","6G networks are envisioned to enable a wide range of applications, such as autonomous vehicles and smart cities. However, this rapid expansion of network topologies makes the management of 6G wireless networks more complex and leads to performance degradation. Even though state-of-the-art applications on network services are providing promising results, they also risk disrupting the network’s performance. To overcome this, the services have to leverage what-if implementations covering a variety of scenarios. At this point, traditional simulations fall short of encompassing the dynamism and complexity of a physical network. To overcome these challenges, we propose the Generative AI-based Digital Twins. For this, we derive an optimization formula to differentiate different network scenarios by considering the specific key performance indicators (KPIs) for wireless networks. Then, we fed this formula to the generative AI with the historical twins and real-time twins to start generating the desired topologies. To evaluate the performance, we implement network and smart-city-oriented services, namely massive connectivity, tiny instant communication, right-time synchronization, and truck path routes. The simulation results reveal that our approach can achieve 38% more stable network throughput in high device density scenarios. Furthermore, the generated scenario accuracy is able to reach up to 98% level, surpassing the baselines.","2166-0077","979-8-3315-0567-7","10.1109/GCWkshp64532.2024.11101058","","https://ieeexplore.ieee.org/stamp/stamp.jsp?arnumber=11101058","digital twin;generative artificial intelligence;6g;smart city","6G mobile communication;Accuracy;Smart cities;Network topology;Generative AI;Wireless networks;Throughput;Real-time systems;Digital twins;Synchronization","","9","","27","Crown","12 Aug 2025","8-12 Dec. 2024","8-12 Dec. 2024","IEEE","IEEE Conferences"
"AI-Native Use Cases in 6G","S. N. Karahan; İ. Yazici; İ. Duru; S. Çimen","R&D Department, Türk Telekom, Ankara, Türkiye; R&D Department, Türk Telekom, Türkiye; R&D Department, Türk Telekom, Türkiye; R&D Department, Türk Telekom, Türkiye","2025 7th International Congress on Human-Computer Interaction, Optimization and Robotic Applications (ICHORA)","2 Jun 2025","2025","","","1","9","The advent of 6G networks promises to transform communication systems by deeply integrating artificial intelligence (AI) as a native component, enabling unprecedented levels of efficiency, customization, and intelligence within networks. This paper presents a literature review of AI-native use cases in 6G networks, addressing the key research question: How can AI be leveraged as a foundational element in 6G to enable advanced functionalities and services? Key use cases identified encompass AI-driven network optimization and self-management, AI-powered service customization and personalization, AI for ultra-reliable low-latency communication (URLLC), AI-native security and privacy, and AI for integrated sensing and communication (ISAC). Beyond that, this review sheds light on AI applications in mobility management, beamforming, digital twins, edge-device collaboration, energy efficiency, and multimodal services, positioning 6G as a knowledge network. By synthesizing current research, this paper identifies gaps and challenges in the existing literature and provides a forward-looking perspective on future directions. The findings highlight the transformative potential of AI in 6G, ushering in an era for intelligent, adaptive, and sustainable next-generation networks.","2996-4393","979-8-3315-1088-6","10.1109/ICHORA65333.2025.11017221","","https://ieeexplore.ieee.org/stamp/stamp.jsp?arnumber=11017221","AI-Native Architecture;6G Networks;AI-Driven Network Optimization","6G mobile communication;Privacy;Adaptive systems;Ultra reliable low latency communication;Integrated sensing and communication;Energy efficiency;Digital twins;Security;Artificial intelligence;Optimization","","4","","48","IEEE","2 Jun 2025","23-24 May 2025","23-24 May 2025","IEEE","IEEE Conferences"
"Network Digital Twin-enhanced QoE Optimization for Adaptive Video Streaming in 6G IoV Networks","O. I. Ladipo; S. D. Okegbile; J. Cai","Department of Electrical and Computer Engineering, Concordia University, Montreal, Canada; Department of Physics and Computer Science, Wilfrid Laurier University, Milton, Canada; Department of Electrical and Computer Engineering, Concordia University, Montreal, Canada",2025 IEEE 102nd Vehicular Technology Conference (VTC2025-Fall),"6 Jan 2026","2025","","","1","6","Maintaining continuous quality of experience (QoE) for adaptive video streaming in internet of vehicle (IoV) networks is significantly challenging due to rapid user mobility and highly dynamic network conditions. To address this, we present a network digital twin (NDT)-enhanced QoE optimization scheme tailored for the unique demands of IoV environments. Our approach integrates a context-aware gated recurrent unit (GRU) within the NDT to proactively predict short-term bandwidth fluctuations and enable anticipatory bitrate adaptation. We introduce a user-centric QoE model that dynamically incorporates the real-time perceptual QoE factors derived from vehicular user digital twins (VUEDTs). Furthermore, we formulate a joint optimization problem that simultaneously determines optimal video bitrate and resource allocation to maximize user-specific QoE under high-mobility IoV scenario. This problem is modeled as a Markov decision process and solved using a proximal policy optimization learning framework. Simulation results show that our proposed scheme can achieve significantly improved user QoE when compared to other baseline schemes.","2577-2465","979-8-3315-0320-8","10.1109/VTC2025-Fall65116.2025.11309992","","https://ieeexplore.ieee.org/stamp/stamp.jsp?arnumber=11309992","Adaptive video streaming;internet of vehicles;network digital twin;quality of experience","Adaptation models;Adaptive systems;Simulation;Bit rate;Bandwidth;Real-time systems;Digital twins;Quality of experience;Vehicle dynamics;Optimization","","2","","18","IEEE","6 Jan 2026","19-22 Oct. 2025","19-22 Oct. 2025","IEEE","IEEE Conferences"
"Tactile Internet","G. Pujolle","University of Pierre and Marie Curie, France","Software Networks: Virtualization, SDN, 5G, and Security","","2020","","","227","235","Tactile internet is a new generation of networks which combines both real‐time properties and reliability. Tactile internet must remotely provide not only content, but also skills. For example, in eHealth applications for tactile internet, an end‐to‐end latency of a few milliseconds is required, as well as very high reliability in data connection and transmission. Many functionalities are required for the tactile internet. A communication architecture piloted by 5G, with a radio interface to connect the client, a radio access network and a core network, meets the requirements to perform a tactile internet. To meet the challenges of the requirements of tactile internet applications, technological innovations are necessary in many aspects of the creation of a network, a physical layer, protocols and resources management. Industry 4.0, or the fourth industrial revolution, is the tendency towards automation and data exchange in manufacturing technologies.","","9781119694687","10.1002/9781119694748.ch14","","https://ieeexplore.ieee.org/xpl/ebooks/bookPdfWithBanner.jsp?fileName=9116712.pdf&bkn=9116614&pdfType=chapter","","Tactile Internet;Real-time systems;Reliability;5G mobile communication;Quality of service;Security","","","","","","15 Jun 2020","","","Wiley","Wiley Telecom eBook Chapters"
"IDLE: A Digital Twin Framework for 6G Network Intelligence","A. Caruso; C. Grasso; R. Raftopoulos; G. Schembra","DIEEI - University of Catania, Catania, and CNIT Research Unit, Italy; DIEEI - University of Catania, Catania, and CNIT Research Unit, Italy; DIEEI - University of Catania, Catania, and CNIT Research Unit, Italy; DIEEI - University of Catania, Catania, and CNIT Research Unit, Italy",2024 IEEE 29th International Workshop on Computer Aided Modeling and Design of Communication Links and Networks (CAMAD),"7 Apr 2025","2024","","","1","6","The rapid evolution of telecommunication networks is poised to have a profound impact on the complexity of future networks, promising a revolutionary leap in the field of communications. This rapid evolution necessitates the exploration of novel techniques that enable adaptive, flexible, and intelligent decision-making in resource management, orchestration and access control. One promising approach to implementing the network intelligence paradigm is through the adoption of the Network Digital Twin (NDT) paradigm, aiming at modeling the behavior of devices, communication links, operating environments, and applications within complex networking systems. The main objective of this article is to define IDLE, an Intent-based Digital twin LEarning framework that enables the possibility of performing simultaneous What-if Scenario analyses to support decision-making for real-time network management and orchestration. A proof-of-concept (POC) of the proposed architecture is described, targeted to manage horizontal offload inside a Flying Ad-Hoc Network (FANET) providing edge computing to ground devices in remote areas. Some numerical results are presented to demonstrate the gain achieved thanks to the proposed framework.","2378-4873","979-8-3503-7764-4","10.1109/CAMAD62243.2024.10942700","","https://ieeexplore.ieee.org/stamp/stamp.jsp?arnumber=10942700","6G;Network Digital Twin;Machine Learning;Network Control;FANET","6G mobile communication;Performance evaluation;Computational modeling;Decision making;Computer architecture;Machine learning;Real-time systems;Digital twins;Resource management;Edge computing","","2","","15","IEEE","7 Apr 2025","21-23 Oct. 2024","21-23 Oct. 2024","IEEE","IEEE Conferences"
"An Updated Research Vision of the Next Generation Network After Several Years on the 6G Journey","P. Vetter","Nokia Bell Labs, Murray Hill, NJ, USA",IEEE BITS the Information Theory Magazine,"1 Apr 2024","2023","3","1","5","13","Significant progress has been made since the research community explicitly started defining a vision for 6th generation network (6G). The goal of the this article is to revisit research challenges in six key technology areas for 6G, summarize some of the main achievements so far and articulate remaining challenges. Research on new spectrum technologies mainly focuses on the upper mid-band 7–15 GHz for providing higher capacity with coverage from existing cell sites in an energy efficient way. Use of machine learning at the wireless transmitter and receiver opens opportunities for new system design paradigms and improved performances compared to conventional signal processing. Joint communication and sensing exploits base stations as a ubiquitously available wireless sensing modality with minimal impairment of the quality of service of a communication link. At the end-points of the 6G network, there will be specialized mobile subnetworks with challenging networking requirements. An important concern is to create crypto-agile networks that protect against emerging security threats, provide resilience and preserve privacy. Research on concepts and algorithms for any of these areas should be coupled with their integration into a cognitive cloud architecture to evaluate system tradeoffs and enable a flexible automated deployment involving multiple actors.","2692-4110","","10.1109/MBITS.2023.3344377","","https://ieeexplore.ieee.org/stamp/stamp.jsp?arnumber=10365204","","Antenna arrays;6G mobile communication;5G mobile communication;Information theory;Artificial intelligence;Radio transmitters;Array signal processing","","4","","39","IEEE","18 Dec 2023","March 2023","","IEEE","IEEE Magazines"
"DT-GCN Based Digital Twin for 6G Self-Intelligent Network","Y. Zhu; G. Liu; N. Li; M. Kang; Q. Zheng; T. Chen","China Mobile Research Institute, Beijing, China; China Mobile Research Institute, Beijing, China; China Mobile Research Institute, Beijing, China; Beijing University of Posts and Telecommunications, Beijing, China; China Mobile Research Institute, Beijing, China; China Mobile Research Institute, Beijing, China",2024 IEEE/CIC International Conference on Communications in China (ICCC Workshops),"4 Oct 2024","2024","","","299","304","With the rapid development of Sixth Generation (6G) self-intelligent network, higher requirements are put forward for intelligent decision, high-precision configuration, self-learning and self-optimization of the network. Digital twin, as digital representation of physical network, can enhance the capabilities of physical network in terms of data perception, intelligent decision-making, and pre-validation to enable the realization of closed-loop autonomy in 6G network. However, the precise and efficient construction of digital twin network (DTN) faces challenges due to the complexity of network, which in turn can affect the accuracy of artificial intelligence (AI) based intelligent policies pre-validation. Therefore, a data-driven Digital Twin architecture for 6G self-intelligent network is proposed in this paper. Based on this architecture, the method of digital representation based on Graph Sample and Aggregation (GraphSAGE) towards global network is innovatively proposed, aiming at mining and extracting the deep correlation of network nodes in global topology information. Moreover, a digital twin graph convolutional network (DT-GCN) which taking representation of digital twin as prior knowledge, is constructed for network decision-making pre-validation, and this provides more precision for intelligent policy. Finally, the DT-GCN is introduced to realize the application of network fault pre-validation with greater accuracy and speed. The results show that DT -GCN improves policies accuracy by 4.98% and convergence speed by 7.14% compared to traditional GCN method.","2474-9141","979-8-3503-7767-5","10.1109/ICCCWorkshops62562.2024.10693733","","https://ieeexplore.ieee.org/stamp/stamp.jsp?arnumber=10693733","6G;Graph Sample and Aggregation;self-intelligent network;intelligent decision;DT-GCN","6G mobile communication;Knowledge engineering;Accuracy;Correlation;Network topology;Graph convolutional networks;Digital representation;Decision making;Digital twins;Topology","","7","","17","IEEE","4 Oct 2024","7-9 Aug. 2024","7-9 Aug. 2024","IEEE","IEEE Conferences"
"MARE: Building a Programmable, Modular and Secure Foundation for 6G Ecosystems","X. Masip-Bruin; A. Zalonis; S. Erotokritou","CRAAX Lab, Universitat Politècnica de Catalunya, Vilanova i la Geltrú, Spain; Space Hellas S.A., Athens, Greece; Eight Bells Ltd, Nicosia, Cyprus",2026 32nd International Conference on Telecommunications (ICT),"9 Jul 2026","2026","","","298","298","The transition to 6G requires an evolution from simple connectivity to a complex “network of networks”. While this ecosystem allows for ubiquitous intelligence, it will also exponentially expand the attack surface which malicious actors may attempt to exploit, due to the massive use of entangled devices and open programmable interfaces. The MARE project addresses these vulnerabilities by introducing a programmable, modular and disaggregated Security Plane specifically designed for 6G ecosystems. This poster abstract outlines MARE's core architecture, including its AI-driven orchestration and proactive stress-testing environments, which will be validated through 11 diverse and inclusive Proof-of-Concepts (PoCs) relevant to 6G ecosystems.","2993-1916","979-8-3195-4601-2","10.1109/ICT70370.2026.11594704","","https://ieeexplore.ieee.org/stamp/stamp.jsp?arnumber=11594704","6G Security Plane;Modular & Disaggregated Security;Network Digital Twin;AI-Driven Orchestration;Programmable Security Functions","Security;Artificial intelligence;Modeling","","","","0","IEEE","9 Jul 2026","20-22 May 2026","20-22 May 2026","IEEE","IEEE Conferences"
"Leveraging 5G for Industry 4.0 Optimizing Business Processes and Driving Automation","C. Lahari; M. Y. Nayudu; V. Veeraiah; A. Gupta; R. Anand; N. Sindhwani; M. Mittal","Dept. of Management Studies, G. Pullaiah College of Engineering and Technology (Autonomous), Kurnool, AP, India; Dept. of Management Studies, G. Pullaiah College of Engineering and Technology (Autonomous), Kurnool, AP, India; Dept. of Computer Science, Sri Siddhartha Academy of Higher Education, Tumkur, Karnataka, India; Dept. of CSE, Vaish College of Engineering, Rohtak, Haryana, India; Dept. of ECE, G. B. Pant DSEU Okhla-I Campus (Formerly G. B. Pant Engineering College), New Delhi, India; AIIT Amity University, Noida, Uttar Pradesh, India; Dept. of ECE, Guru Tegh Bahadur Institute of Technology, New Delhi, India","2025 12th International Conference on Reliability, Infocom Technologies and Optimization (Trends and Future Directions) (ICRITO)","27 Nov 2025","2025","","","1","6","The arrival of 5G technology will greatly speed up Industry 4.0. This is because 5G technology makes it easy to combine advanced technologies like AI, IoT, and intelligent automation systems. 5 G provides the necessary foundation for real-time decision-making and large-scale industrial automation by offering ultra-low latency, mMTC, and URLLC. It can support the deployment of millions of IoT devices, which makes data collection, transfer, and analysis faster and more efficient. This improves operational efficiency in many industrial sectors. 5G is especially important for automation in applications that need constant connectivity and coordination, like industrial robots, self-driving cars, and drones. Practical applications include automated assembly lines, precision manufacturing, and supply chain logistics, where better connectivity makes things more flexible, reliable, and productive. Also, combining AI with 5G gives you more advanced features for predictive maintenance, resource optimization, and smart data analytics. By using real-time sensor data and AI-powered insights, businesses can find equipment failures before they happen, cut down on downtime, and save a lot of money while getting the most out of their machines. Even though it has the potential to change things, widespread use is still limited by problems like infrastructure needs, interoperability issues, security risks, and regulatory restrictions. This paper tackles these issues and offers a plan for how to best use 5G in Industry 4.0 settings, based on the study of early adopters. The results show that 5 G can be both a technological enabler and a strategic driver of business process optimization and industrial automation when it is combined with AI and IoT.","2769-2884","979-8-3315-5421-7","10.1109/ICRITO66076.2025.11241410","","https://ieeexplore.ieee.org/stamp/stamp.jsp?arnumber=11241410","5G technology;Industry 4.0;IoT;real-time analytics;supply chain management","Supply chain management;5G mobile communication;Decision making;Data collection;Real-time systems;Fourth Industrial Revolution;Maintenance;Internet of Things;Optimization;Business","","1","","17","IEEE","27 Nov 2025","18-19 Sept. 2025","18-19 Sept. 2025","IEEE","IEEE Conferences"
"Agentic AI-Based 5G and Beyond Radio Planning Framework","M. G. Tezcan; A. Yazar; S. N. Karahan; M. S. Osmanca; H. O. Altun","Research and Development Department, Türk Telekom, Ankara, Türkiye; Research and Development Department, Türk Telekom, Ankara, Türkiye; Research and Development Department, Türk Telekom, Ankara, Türkiye; Research and Development Department, Türk Telekom, Ankara, Türkiye; Institute for Data Science and Artificial Intelligence, Boğaziçi University, Istanbul, Türkiye",IEEE Access,"15 May 2026","2026","14","","72395","72413","The evolution from Fifth Generation (5G) to Sixth Generation (6G) wireless networks introduces diverse service requirements and increases radio-planning complexity. Traditional planning approaches based on static propagation models and manual optimization struggle to adapt to dense and dynamic network environments. This paper proposes an Agentic AI-based radio planning framework for 5G and beyond networks. The proposed architecture employs a multi-agent system in which specialized agents collaborate to perform intent interpretation, data aggregation, analysis, simulation, optimization, and verification tasks within a unified planning workflow. Language Models are used as reasoning engines that orchestrate domain-specific planning tools and heterogeneous data sources. The framework integrates operator intents, network measurements, geographic information, and demand-related data through interface, agent, tool, and data layers. The planning problem is formalized as a multi-objective optimization task balancing coverage, demand satisfaction, and energy efficiency. Quantitative evaluations, including preliminary simulations, control-level analysis, operator-inspired deployment scenarios, baseline comparisons, and reasoning-accuracy assessment, demonstrate the practical relevance of the proposed framework. In addition, the framework is extended to support emerging domains such as Internet of Vehicles (IoV) environments and proactive sidelink collision management in Vehicle-to-Everything (V2X) systems. The proposed approach demonstrates how agentic architectures can support scalable, explainable, and progressively autonomous radio planning for next-generation wireless networks.","2169-3536","","10.1109/ACCESS.2026.3691411","Scientific and Technological Research Council of Türkiye 1515 Frontier Research and Development Laboratories Support Program for Türk Telekom 6G Research and Development Lab(grant numbers:5249902); ","https://ieeexplore.ieee.org/stamp/stamp.jsp?arnumber=11513232","5G;6G;agentic AI;large language models;radio planning;small language models","Planning;Optimization;Modeling;Automation;5G mobile communication;Cognition;Cognitive systems;Open RAN;Architecture;Computer architecture","","","","69","CCBY","8 May 2026","2026","","IEEE","IEEE Journals"
"DTN-Core: Towards a Framework for Designing and Operating Digital Twin Networks","M. Latah; M. Fischer","Informatics Department, University of Hamburg, Hamburg, Germany; Informatics Department, University of Hamburg, Hamburg, Germany",2024 20th International Conference on Network and Service Management (CNSM),"31 Dec 2024","2024","","","1","7","This work presents, DTN-Core, a flexible and verifiable approach to create a network of digital twin models. The goal is to provide a generic design that supports location-independency and heterogeneity of messaging protocols, data formats, and data granularity. We also analyze data compatibility issues that may arise when coupling digital twins. A combination of data and behavioral coupling is used to represent each digital twin. A Timed automata approach is used as a real-time model that describes the behavior of the Digital Twin Network (DTN). System properties are defined using Timed Computation Tree Logic (TCTL) and the model is verified using an existing model-checking tool UPPAAL.","2165-963X","978-3-903176-66-9","10.23919/CNSM62983.2024.10814269","","https://ieeexplore.ieee.org/stamp/stamp.jsp?arnumber=10814269","Digital Twins;Digital Twin Networks","Couplings;Protocols;Computational modeling;Automata;Transformers;Real-time systems;Data models;Digital twins;Logic","","","","28","","31 Dec 2024","28-31 Oct. 2024","28-31 Oct. 2024","IEEE","IEEE Conferences"
"Generative Network Performance Prediction with Network Digital Twin","B. Erman; C. D. Martino","Nokia Bell Labs, USA; Nokia Bell Labs, USA",IEEE Network,"5 Sep 2023","2023","37","2","286","292","Following the successful deployments of the 5G networks, the vision for the 6G era is rapidly forming. Among the expectations of the 6G vision are the creation of digital twin, which is a fusion of the physical and digital worlds but with additional dimensions of reality allowing us to make analytic observations over the full lifecycle of systems from design to realtime operations. Despite the success of the 5G network deployments, several open problems will persist in designing, delivering, and maintaining private wireless networks for autonomous industrial settings. In these dynamic environments with changing use cases and SLA profiles, immediate detection of performance problems becomes critical. The existing instrumentation methods proven useful for public networks are not as effective for maintaining these private industrial networks, where use-case-dependent SLA compliance prediction becomes a necessity. The described solution builds on an existing Network Digital Twin platform used for continuous testing and SLA management of mission-critical wireless industrial private networks. The solution first builds an association between the field measurements and the digital representations of the environment by making use of Deep Neural Network models. Then in subsequent steps, Generative Adversarial Network methods are used to create what-if scenarios with alternate properties and layout configurations to examine potential concerns, and to explore options toward better SLA compliance outcomes.","1558-156X","","10.1109/MNET.002.2200515","","https://ieeexplore.ieee.org/stamp/stamp.jsp?arnumber=10239371","","6G mobile communication;5G mobile communication;Wireless networks;Instruments;Mission critical systems;Layout;Digital representation","","16","","15","IEEE","5 Sep 2023","March/April 2023","","IEEE","IEEE Magazines"
"Bridging Research and Standardization: Innovations and Methodology for 6G Standard Contributions","F. Conserva; F. Busacca; C. Puligheddu; S. Bizzarri; M. Fodrini; G. Cuozzo; R. Marini","CNIT, National Laboratory of Wireless Communications (WiLab), Bologna, Italy; Università di Catania, Italy; Politecnico di Torino, Italy; Fibercop S.p.A., Italy; Fibercop S.p.A., Italy; CNIT, National Laboratory of Wireless Communications (WiLab), Bologna, Italy; CNIT, National Laboratory of Wireless Communications (WiLab), Bologna, Italy",2025 IEEE International Conference on Communications Workshops (ICC Workshops),"22 Sep 2025","2025","","","1616","1621","The transition towards 6G presents unique challenges and opportunities in mobile networks design and standardization. Addressing these challenges requires a robust methodology for analyzing and selecting innovations that can be effectively translated into 3rd Generation Partnership Project (3GPP) contributions. This paper presents a systematic approach to bridging research and standardization, ensuring that cutting-edge advancements extend beyond academia and translate into concrete standardization efforts. The proposed methodology has been applied within the Italian RESTART framework to two ongoing research areas: Morphable Programmable Networks (MPNs) and Network Digital Twins (NDTs), both key enablers of next-generation networks. MPNs enhance dynamic adaptability and resource management, while NDTs enable real-time simulation, predictive analytics, and intelligent decision-making. Their integration into 3GPP Release 20 will be instrumental in shaping a flexible and future-proof mobile ecosystem. These innovations exemplify how research-driven solutions can align with 6G standardization objectives. By applying the proposed methodology, we aim to establish a systematic pathway for transitioning research into impactful 3GPP contributions, ultimately driving the evolution of next-generation networks.","2694-2941","979-8-3315-9624-8","10.1109/ICCWorkshops67674.2025.11162139","","https://ieeexplore.ieee.org/stamp/stamp.jsp?arnumber=11162139","6G;Standardization;3GPP;Methodology;Morphable Programmable Networks;Network Digital Twin","6G mobile communication;Technological innovation;Systematics;Conferences;Standardization;Digital twins;3GPP;Resource management;Next generation networking;Standards","","","","13","IEEE","22 Sep 2025","8-12 June 2025","8-12 June 2025","IEEE","IEEE Conferences"
"Enhancing the Cybersecurity of Battery Digital Twins to Ensure the Resilient Supply for Next-Generation Telecommunication Networks","M. Amirrezai; N. Tashakor; F. Naseri; A. Hashemi-Zadeh; H. Schotten; S. Goetz","RPTU Kaiserslautern, Kaiserslautern, Germany; Duke University, Durham, USA; AAU Energy, Aalborg, Denmark; RPTU Kaiserslautern, Kaiserslautern, Germany; RPTU Kaiserslautern, Kaiserslautern, Germany; Duke University, Durham, USA",2024 IEEE 3rd Industrial Electronics Society Annual On-Line Conference (ONCON),"25 Mar 2025","2024","","","1","6","Ensuring the resilience of energy supply is critical for the next generation of telecommunication networks, such as 5G and 6G, which demand high reliability and seamless functionality. This paper addresses the cyber-security challenges of digital twins (DT) used for battery management in telecommunications energy systems. Batteries are pivotal in maintaining the power continuity of telecommunication infrastructure, and DTs enhance their monitoring and fault diagnostics, thereby improving overall system resilience. However, without adequate cybersecurity, DTs themselves can become targets of cyber attacks, risking the system's integrity. This study proposes incorporating additional estimators both at the sensor level and within the DT itself to safeguard against cyber intrusions, specifically targeting false data injection (FDI) attacks. The effectiveness of this approach is demonstrated through simulations of two types of FDI attacks, proving the applicability of the proposed cyber-secured DT framework.","","979-8-3315-4031-9","10.1109/ONCON62778.2024.10931409","","https://ieeexplore.ieee.org/stamp/stamp.jsp?arnumber=10931409","Battery;Digital Twin;Cyber Attack;Telecommunication;6G","6G mobile communication;Neural networks;Communications technology;Digital twins;Batteries;Telecommunication network reliability;Monitoring;Next generation networking;Cyberattack;Resilience","","2","","32","IEEE","25 Mar 2025","8-10 Dec. 2024","8-10 Dec. 2024","IEEE","IEEE Conferences"
"Digital Twin and Artificial Intelligence for Intelligent Planning and Energy-Efficient Deployment of 6G Networks in Smart Factories","D. Xia; J. Shi; K. Wan; J. Wan; M. Martínez-García; X. Guan","South China University of Technology, China; Shanxi Datong University, China; The Hong Kong Polytechnic University, HK; South China University of Technology, China; Loughborough University, UK; Heilongjiang University, China",IEEE Wireless Communications,"13 Jul 2023","2023","30","3","171","179","Terahertz and higher frequency band wireless communication technologies represent the most promising spectrums for 6G networks. Compared to 4G/5G networks, 6G networks operate in a higher frequency band with greater propagation and penetration losses, which may bring serious challenges to network planning and green communications. The digital twin (DT) technology is able to model and simulate wireless networks to improve network performance and deployment efficiency. The artificial intelligence (AI) algorithms provide strong self-evolution and self-optimization capabilities, enabling the generation of an intelligent network. To achieve intelligent, energy-efficient, and cost-effective deployment of 6G networks in smart factories, this article proposes a DT-based system architecture and a mobile-enhanced edge computing-cloud collaborative mechanism for handling diverse and complex data. Moreover, a DT and AI-based method is developed to enable intelligent planning and deployment of 6G networks in factories, which improves network performance while reducing operational costs.","1558-0687","","10.1109/MWC.017.2200495","","https://ieeexplore.ieee.org/stamp/stamp.jsp?arnumber=10183804","","6G mobile communication;Network topology;Systems architecture;Bandwidth;Throughput;Energy efficiency;Production facilities","","37","","15","IEEE","13 Jul 2023","June 2023","","IEEE","IEEE Magazines"
"When Digital Twin Meets 6G: Concepts, Obstacles, and Research Prospects","W. Liu; Y. Fu; Z. Shi; H. Wang","Hong Kong Metropolitan University, China; Hong Kong Metropolitan University, China; Jinan University, China; Nanjing University of Posts and Telecommunications, China",IEEE Communications Magazine,"28 Feb 2025","2025","63","3","16","22","The convergence of digital twin technology and the emerging 6G network presents both challenges and numerous research opportunities. This article explores the potential synergies between digital twin and 6G, highlighting the key challenges and proposing fundamental principles for their integration. We discuss the unique requirements and capabilities of digital twin in the context of 6G networks, such as sustainable deployment, real-time synchronization, seamless migration, predictive analytic, and closed-loop control. Furthermore, we identify research opportunities for leveraging digital twin and artificial intelligence to enhance various aspects of 6G, including network optimization, resource allocation, security, and intelligent service provisioning. This article aims to stimulate further research and innovation at the intersection of digital twin and 6G, paving the way for transformative applications and services in the future.","1558-1896","","10.1109/MCOM.001.2400202","","https://ieeexplore.ieee.org/stamp/stamp.jsp?arnumber=10742568","","Digital twins;6G mobile communication;Real-time systems;Synchronization;Artificial intelligence;Computer architecture;Physical layer;Decision making;Computational modeling;Terahertz communications","","52","","15","IEEE","4 Nov 2024","March 2025","","IEEE","IEEE Magazines"
"LLM Enabled Multi-Agent System for 6G Networks: Framework and Method of Dual-Loop Edge-Terminal Collaboration","Z. Qu; W. Wang; Z. Yu; B. Sun; Y. Li; X. Zhang","Beijing University of Posts and Telecommunications, China; Beijing University of Posts and Telecommunications, China; Beijing University of Posts and Telecommunications, China; Beijing University of Posts and Telecommunications, China; Beijing University of Posts and Telecommunications, China; Beijing University of Posts and Telecommunications, China",IEEE Communications Magazine,"11 Mar 2026","2026","64","3","54","60","The ubiquitous computing resources in 6G networks provide ideal environments for the fusion of large language models (LLMs) and intelligent services through the agent framework. With auxiliary modules and planning cores, LLM-enabled agents can autonomously plan and take actions to deal with diverse environment semantics and user intentions. However, the limited resources of individual network devices significantly hinder the efficient operation of LLM-enabled agents with complex tool calls, highlighting the urgent need for efficient multi-level device collaborations. To this end, the framework and method of the LLM-enabled multi-agent system with dual-loop terminal-edge collaborations are proposed in 6G networks. Firstly, the outer loop consists of the iterative collaborations between the global agent and multiple sub-agents deployed on edge servers and terminals, where the planning capability is enhanced through task decomposition and parallel sub-task distribution. Secondly, the inner loop utilizes sub-agents with dedicated roles to circularly reason, execute, and replan the sub-task, and the parallel tool calling generation with offloading strategies is incorporated to improve efficiency. The improved task planning capability and task execution efficiency are validated through the conducted case study in 6G-supported urban safety governance. Finally, the open challenges and future directions are thoroughly analyzed in 6G networks, accelerating the advent of the 6G era.","1558-1896","","10.1109/MCOM.001.2500148","National Science Foundation of China(grant numbers:62271062); ","https://ieeexplore.ieee.org/stamp/stamp.jsp?arnumber=11359108","","6G mobile communication;Planning;Collaboration;Artificial intelligence;Cognition;Semantics;Multi-agent systems;Large language models;Artificial general intelligence;Servers;Ubiquitous computing","","1","","15","IEEE","19 Jan 2026","March 2026","","IEEE","IEEE Magazines"
"Digital Twin: Network Provisioning of Mission Critical Communication in Cyber Physical Production Systems","G. Szabó; S. Rácz; N. Reider; H. A. Munz; J. Pető","Ericsson Research; Ericsson Research; Ericsson Research; Ericsson Research; Budapest University of Technology and Economics, Hungary","2019 IEEE International Conference on Industry 4.0, Artificial Intelligence, and Communications Technology (IAICT)","5 Aug 2019","2019","","","37","43","Digital Twin (DT) is widely used in various industrial sectors to optimize the operations and maintenance of physical assets, system and manufacturing processes. This paper applies the DT concept on analyzing the effects of network on the control of a real robot where its DT runs in a complex robot cell executing agile tasks. We present the design steps applied to reach a realizable DT in the Gazebo environment. We evaluate our proposed method with real network configurations against a fully simulated scenario solving the Agile Robotics for Industrial Automation Competition (ARIAC) [1]. The evaluation results show that for low delay setups the simulation provides accurate results. For high delay setups the DT should be used for network assessment. It is also shown that 5G Ultra-Reliable Low-Latency Communication (URLLC) is required for the best productivity performance of the robot cell, while the evaluated public LTE+ network can also be used with limited overall accuracy. The DT in action can be seen on [2].","","978-1-7281-3745-2","10.1109/ICIAICT.2019.8784852","","https://ieeexplore.ieee.org/stamp/stamp.jsp?arnumber=8784852","digital twin;network effect;cyber physical system","Service robots;Feeds;Computer architecture;Velocity control;Trajectory;5G mobile communication","","20","","21","IEEE","5 Aug 2019","1-3 July 2019","1-3 July 2019","IEEE","IEEE Conferences"
"Toward the Metaverse Realization in 6G: Orchestration of RIS-Enabled Smart Wireless Environments via Digital Twins","A. Masaracchia; D. Van Huynh; G. C. Alexandropoulos; B. Canberk; O. A. Dobre; T. Q. Duong","Queen's University Belfast, U.K.; Queen's University Belfast, U.K.; National and Kapodistrian University of Athens, Greece; Edinburgh Napier University, U.K.; Memorial University, Canada; Memorial University of Newfoundland, Canada",IEEE Internet of Things Magazine,"8 Mar 2024","2024","7","2","22","28","Reconfigurable intelligent surfaces (RISs) represent an emerging technology envisioned to overcome some of the late challenges for the development of the sixth-generation (6G) such as reduced end-to-end communication latency and improved network reliability compared to 5G. In particular, in addition to its cost effectiveness and energy saving features, this technology has motivated a proliferation of studies regarding its capability of improving the propagation environments in terms of enhanced received signal. In addition, digital twins (DTs) are receiving remarkable attention for the development and maintenance of various future network services. This article discusses the complimentarity of these emerging concepts for the efficient realization of the metaverse in 6G networks. Specifically, it considers how a DT-aided RIS-based network architecture can provide substantial improvements towards the achievement of network latency and reliability necessary for the realization of metaverse in 6G. A brief overview of the latest status in the RIS and DT technologies is firstly provided, which is followed by a discussion on the potential use cases and services that can be delivered through a DT-aided RIS-based network architecture. The benefits of this architecture, in terms of communication latency, is validated through a representative simulation setup. Finally, challenges and future research directions with the proposed DT's role for RIS-enabled smart wireless environments.","2576-3199","","10.1109/IOTM.001.2300128","","https://ieeexplore.ieee.org/stamp/stamp.jsp?arnumber=10463676","","6G mobile communication;Wireless communication;Metaverse;Network architecture;Reconfigurable intelligent surfaces;Maintenance engineering;Reliability engineering;Digital twins;Energy conservation;Telecommunication network management","","42","","15","IEEE","8 Mar 2024","March 2024","","IEEE","IEEE Magazines"
"Integrating Terrestrial and Non-Terrestrial Networks for Reliable Rural Coverage in Agriculture and Smart Grids","S. Goyal; K. K. Gattupalli; B. Rallabandi; M. S. Medarametla","Department of Electrical Engineering, Graphic Era Deemed to be University, Dehradun, Uttarakhand, India; Invences Inc., Frisco, TX, USA; Invences Inc., Frisco, TX, USA; Invences Inc., Frisco, TX, USA",2025 1st IEEE Uttar Pradesh Section Women in Engineering International Conference on Electrical Electronics and Computer Engineering (UPWIECON),"23 Feb 2026","2025","","","846","850","In the context of the digital revolution of smart grids and agriculture, it is essential to have a stable connection in the country. Terrestrial networks (TN) also cannot cover very sufficiently since they may be economically and geographically limited, but non-terrestrial networks (NTN) such as Low Earth orbit (LEO) constellation, geostationary satellites (GEO), and high-altitude plat-forms (HAPS) do have wider coverage but have issues with latency, energy consumption, and cost. The paper will arrive at a combined TN-NTN model that will lead to consistent rural connectivity and targets in service level. It will involve the adoption of 5G standalone (SA) and NTN extensions, Low-Power Wide Area Networks (LPWAN) to serve the low-powered sensors, and satellite backhaul to serve last mile facilities. The metrics applied to measure them include latency, availability, throughput, energy per bit and service restoration time. A review of the use case also explains the use of architecture to bolster some of the most significant uses such as feeder protection, phasor measurement unit (PMU) streaming, smart metering and precision agriculture. The system proposed will provide less than 50 ms or grid protection, less than-minute agricultural telemetry, and 99.99% of service availability which will assist in having sustainable and dependable digital ecosystems in rural underserved communities.","","979-8-3315-6628-9","10.1109/UPWIECON67212.2025.11390331","","https://ieeexplore.ieee.org/stamp/stamp.jsp?arnumber=11390331","Terrestrial networks;non-terrestrial networks;rural connectivity;smart grids;precision agriculture;5G;LPWAN;satellite communication;NTN integration","Precision agriculture;5G mobile communication;Low earth orbit satellites;Throughput;Phasor measurement units;Smart grids;Reliability;Protection;Low-power wide area networks;Videos","","30","","21","IEEE","23 Feb 2026","30-31 Oct. 2025","30-31 Oct. 2025","IEEE","IEEE Conferences"
"Network Architectures and Technologies for Smart Culture Applications","N. Dimitriou; M. Christopoulou; I. Koufos; L. Arnellou; A. Gradou; I. Papoutsi","Institute of Informatics and Telecommunications, NCSR “Demokritos”, Agia Paraskevi, Greece; Institute of Informatics and Telecommunications, NCSR “Demokritos”, Agia Paraskevi, Greece; Institute of Informatics and Telecommunications, NCSR “Demokritos”, Agia Paraskevi, Greece; Institute of Informatics and Telecommunications, NCSR “Demokritos”, Agia Paraskevi, Greece; Institute of Informatics and Telecommunications, NCSR “Demokritos”, Agia Paraskevi, Greece; Institute of Informatics and Telecommunications, NCSR “Demokritos”, Agia Paraskevi, Greece",2025 8th International Balkan Conference on Communications and Networking (Balkancom),"30 Oct 2025","2025","","","1","5","The paper focuses on the transformative potential of combining advanced networks and immersive media technologies in Smart Culture use cases for promoting cultural heritage and education. The paper first presents indicative use case scenarios related to smart culture applications. It then presents the relevant background on the standardization of 5G+ and IoT networks and of their evolution towards 6G. The paper also describes a Smart Culture Use case in the Smart Culture Hall AiTHERION for demonstrating elements of the presented concepts.","","979-8-3315-3919-1","10.1109/Balkancom65827.2025.11186047","NextGenerationEU(grant numbers:TAEDR-0536642); ","https://ieeexplore.ieee.org/stamp/stamp.jsp?arnumber=11186047","5G/6G networks;AR/XR/VR;Metaverse;smart culture;education;edge computing;MEC","6G mobile communication;Multi-access edge computing;Metaverse;Education;Standardization;Media;Network architecture;Cultural differences","","","","21","IEEE","30 Oct 2025","17-20 June 2025","17-20 June 2025","IEEE","IEEE Conferences"
"A GenAI-Driven Framework for Context-Aware Semantic Communication in Digital Twin Networks","P. Luo; L. Zhou; H. Zhao; N. Li; K. Cao; Y. Liu; Y. Zhang; J. Wei","College of Electronic Science and Technology, National University of Defense Technology, Changsha, China; College of Electronic Science and Technology, National University of Defense Technology, Changsha, China; College of Electronic Science and Technology, National University of Defense Technology, Changsha, China; College of Electronic Science and Technology, National University of Defense Technology, Changsha, China; College of Electronic Science and Technology, National University of Defense Technology, Changsha, China; College of Electronic Science and Technology, National University of Defense Technology, Changsha, China; College of Electronic Science and Technology, National University of Defense Technology, Changsha, China; College of Electronic Science and Technology, National University of Defense Technology, Changsha, China",IEEE Open Journal of the Communications Society,"12 Feb 2026","2026","7","","1396","1413","Semantic communication (SemCom) is expected to play a key role in 6G and digital twin network (DTN) environments, where reliability depends on preserving meaning and user intent rather than reconstructing bit sequences. This paper presents a GenAI-driven, contextual-knowledge-enhanced SemCom framework that strengthens semantic recovery by integrating relational, intra-sentential, inter-sentential, and historical knowledge. At the transmitter, a context-attentive (CA) mechanism combines sentence-level semantic features with relational knowledge generated by a relation-guided knowledge base. At the receiver, a knowledge enhancement (KE) mechanism employs Transformer-XL to incorporate historical semantic context and utilizes a relational knowledge modeling module to refine semantic inference. Experimental results demonstrate that the proposed framework achieves robust semantic recovery across a wide range of signal-to-noise ratios (SNRs), with significant improvements in low-SNR conditions. Ablation studies further highlight the complementary roles of contextual knowledge at the transmitter and receiver. These results confirm the effectiveness of contextual knowledge in enhancing deep learning-based SemCom and underscore its potential for deployment within future DTN-enabled 6G architectures.","2644-125X","","10.1109/OJCOMS.2026.3657769","National Natural Science Foundation of China(grant numbers:61931020,62171449,62371462,U2441226); Natural Science Fund for Distinguished Young Scholars of Hunan Province(grant numbers:JJ10068); Key Laboratory of Satellite Navigation Technology(grant numbers:WXDHS2023106); ","https://ieeexplore.ieee.org/stamp/stamp.jsp?arnumber=11363363","Generative artificial intelligence;contextual knowledge;digital twin networks;semantic communication","Semantics;6G mobile communication;Decoding;Context modeling;Digital twins;Wireless networks;Reliability;Receivers;Knowledge based systems;Semantic communication","","2","","55","CCBY","23 Jan 2026","2026","","IEEE","IEEE Journals"
"Value of 6G","S. Wendt; H. Hallingby; C. V. Z&#xfa;&#xf1;iga; M. Matinmikko&#x2010;Blue; A. Basaure; M. Cecchi; I. Mishra; A. Pereira; A. Yagafarova","Orange Innovation, Ch&#xe2;tillon, France; Telenor, Oslo, Norway; TNO, The Hague, The Netherlands; University of Oulu, Oulu, Finland; University of Oulu, Oulu, Finland; Institute PIIU, Roma, Italy; Institute PIIU, Roma, Italy; Ubiwhere, Aveiro, Portugal; TNO, The Hague, The Netherlands",6G to Build a Sustainable Future,"","2026","","","9","54","Summary <p>Sustainability involves environmental, social, and economic dimensions forming the foundation for sustainable development. For 6G technologies, balancing these pillars is essential, focusing on ‘6G for Sustainability’ – leveraging 6G to enhance sustainability efforts across business sectors – and ‘Sustainable 6G’ – ensuring the system's own sustainability. This chapter presents a use case‐oriented methodology integrating technical, business, and sustainability evaluations, emphasizing key values and indicators. Stakeholder roles and interactions are analysed to align 6G development with societal needs. The Hexa‐X‐II project's ecosystem‐level business modelling approach, including a business model canvas, stakeholder analysis, and visualization, is also described. The overall aim is to minimize environmental impact while promoting long‐term economic growth aligned with social and environmental priorities. Additionally, this chapter presents the 6G use case families and reference cases established by Hexa‐X‐II and describes the application of the use case and sustainability analysis methodology to the cooperating mobile robots use case.</p>","","9781394363599","10.1002/9781394363605.ch2","","https://ieeexplore.ieee.org/xpl/ebooks/bookPdfWithBanner.jsp?fileName=11505310.pdf&bkn=11505008&pdfType=chapter","","Feedback;Communication systems;Mobile communication;5G mobile communication;Cellular technology;Telecommunications;Internet of Things;Communications technology;Data transfer;Ultra reliable low latency communication","","","","","","4 May 2026","","","Wiley","Wiley Telecom eBook Chapters"
"Incidence Detection and Communication with Intelligent Transport Network Digital Twin","M. Saravanan; A. C. Baktir","Ericsson Research AI, Chennai, India; Ericsson Research Networks, Istanbul, Turkey",2025 17th International Conference on COMmunication Systems and NETworks (COMSNETS),"20 Feb 2025","2025","","","641","649","With the current evolution in cellular communication towards 6G networks, it is envisioned to provide value added services and enhanced performance for vehicle-to-everything (V2X). In addition to the stringent performance requirements demanding high data rates and ultra-low latency with reliable communication, it is essential to provide safety from all aspects. One possible enabler for the overall optimisation of V2X communications is digital twin (DT) technology. Nevertheless, the DT models and capacities for vehicle communications have not been fully explored in the existing studies. Thus, we present a novel brain-inspired network DT model in the paper for event detection and placement, and subsequently for efficient communication. This proposed solution accommodates intelligent models to detect an accident and communicate with the rescue teams efficiently. The performance of the proposed solution is evaluated with a set of comprehensive experiments.","2155-2509","979-8-3315-3119-5","10.1109/COMSNETS63942.2025.10885711","","https://ieeexplore.ieee.org/stamp/stamp.jsp?arnumber=10885711","6G;Intelligent Transport Digital Twin;Accident Detection;Nodal Points;Attention Model","6G mobile communication;Performance evaluation;Brain modeling;Real-time systems;Safety;Digital twins;Reliability;Vehicle-to-everything;Optimization;Accidents","","","","17","IEEE","20 Feb 2025","6-10 Jan. 2025","6-10 Jan. 2025","IEEE","IEEE Conferences"
"A Novel 5G Digital Twin Approach for Traffic Prediction and Elastic Network Slice Management","Z. Min; Z. Liu; Z. Kang; S. Zhou; S. Gokhale; S. Shekhar; C. Mahmoudi; A. Gokhale","Dept. of CS, Vanderbilt University, Nashville, TN, USA; Dept. of CS, Vanderbilt University, Nashville, TN, USA; Dept. of CS, Vanderbilt University, Nashville, TN, USA; Dept. of CS, Vanderbilt University, Nashville, TN, USA; Dept. of CSE, University of Connecticut, Storrs, CT, USA; Siemens Technology, Princeton, NJ, USA; Siemens Technology, Princeton, NJ, USA; Dept. of CS, Vanderbilt University, Nashville, TN, USA",2024 16th International Conference on COMmunication Systems & NETworkS (COMSNETS),"16 Feb 2024","2024","","","497","505","5G and beyond cellular networks are promising technologies for Industrial Internet of Things (IIoT) because of their support for high bandwidth, low latency, reliability and differentiated services that are provided through a virtualization technique called network slicing. However, the dynamic nature of IIoT traffic and their differentiated QoS requirements makes provisioning multiple network slices on the same shared physical infrastructure a challenging problem. To address this problem, this paper presents an approach that uses a digital twin of the 5G network in predicting network traffic to improve network resource utilization, reliability, and efficiency. Specifically, the digital twin combines Holt smoothing and time series transformer models to predict end-to-end 5G network traffic over multiple time steps. Empirical evaluations comparing the performance of different machine learning algorithms used by the digital twin on two datasets: LTE 4G network traffic (497, 545 instances with 4 features) and Unicauca-Version2-87Atts (3, 577, 296 instances with 87 features) reveal that the combination of Holt smoothing and time series transformer models yields the best results. The prediction results from our approach are then used in provisioning elastic network slices.","2155-2509","979-8-3503-8311-9","10.1109/COMSNETS59351.2024.10427071","","https://ieeexplore.ieee.org/stamp/stamp.jsp?arnumber=10427071","5G;Digital Twin;Traffic Prediction;Holt smoothing;Time series Transformer","Smoothing methods;5G mobile communication;Time series analysis;Telecommunication traffic;Transformers;Digital twins;Industrial Internet of Things","","7","","22","IEEE","16 Feb 2024","3-7 Jan. 2024","3-7 Jan. 2024","IEEE","IEEE Conferences"
"A Data Space for 6G Network Digital Twins: Challenges and Opportunities","J. -S. Sottet; A. Zaki-Hindi; I. Turcanu; S. Faye","Luxembourg Institute of Science and Technology (LIST), Luxembourg; Luxembourg Institute of Science and Technology (LIST), Luxembourg; Luxembourg Institute of Science and Technology (LIST), Luxembourg; Luxembourg Institute of Science and Technology (LIST), Luxembourg",2025 IEEE Conference on Standards for Communications and Networking (CSCN),"14 Nov 2025","2025","","","1","1","The concept of Network Digital Twin (NDT) has emerged to deal with the increasing complexity of mobile network management and optimization. NDTs replicate the real network state and behavior to act as a sandbox detecting anomalies, optimizing the overall system performance, and automating processes. Data is the fuel of any DT. It notably helps in monitoring and building a future vision of the system. Beyond the volume of data, there is the question of governance, regulation, and ensuring data exchange between various stakeholders. The concept of Data Space (DS) arises as a potential governance solution for NDT data exchange – already used in several verticals, but poorly in networking. In this poster, we aim to foster discussion around DS and the related challenges and opportunities underlying NDT data exchange, in view of future 6G systems.","2644-3252","979-8-3315-5495-8","10.1109/CSCN67557.2025.11230727","Horizon Europe; ","https://ieeexplore.ieee.org/stamp/stamp.jsp?arnumber=11230727","","6G mobile communication;System performance;Machine vision;Regulation;Digital twins;Stakeholders;Fuels;Standards;Optimization;Monitoring","","2","","6","IEEE","14 Nov 2025","15-17 Sept. 2025","15-17 Sept. 2025","IEEE","IEEE Conferences"
"Digital Twin-Assisted Self-Supervised Cognitive Resource Mapping for Interference-Aware 6G Cognitive Radio Networks","J. Simon; N. Kapileswar","Department of ECE, Saveetha School of Engineering, Saveetha Institute of Medical and Technical Sciences, SIMATS, Chennai, India; Department of ECE, Saveetha School of Engineering, Saveetha Institute of Medical and Technical Sciences, SIMATS, Chennai, India",2026 International Conference on Smart Electronic Devices and Intelligent Systems (ICSEDIS),"18 May 2026","2026","","","616","621","Cognitive radio networks (CRNs) play a major role in 6G systems with its dynamic and intelligent spectrum analysis techniques. Nevertheless, the current resource allocation systems are highly reactive, in that they use the interference and the degradation of fairness only when the performance has been impaired. This research work proposes an Interference-aware 6G cognitive radio network Digital Twin assisted Self-supervised Cognitive Resource Mapping (DT-SSCRM). It builds a real-time digital twin that simulates spectrum occupancy, user mobility, and channel dynamics and allows predicting the interference patterns and resource demand. The approach involves self-supervised learning of representation using techniques that do not require the use of labeled data, towards the extraction of latent spectrum features, which are used to support proactive channel selection and adaptive scheduling. The framework that has been proposed implies the combination of predictive resource mapping and multi-timescale optimization to increase the stability of allocation, decrease the latency, and enhance the spectral efficiency. The simulation finds show better sum rate, interference reduction, and QoS stability than reactive federated learning-based models, which makes DT-SSCRM affordable to large and ultra-dense 6G networks.","","979-8-3315-8824-3","10.1109/ICSEDIS68157.2026.11518483","","https://ieeexplore.ieee.org/stamp/stamp.jsp?arnumber=11518483","Cognitive Radio Networks;Digital Twin;Self-Supervised Learning;6G;Interference-Aware Resource Allocation","Interference;Modeling;Equations;Resource management;Digital twins;Optimization;Federated learning;Cognitive radio;Tagging;Printing","","","","14","IEEE","18 May 2026","13-15 April 2026","13-15 April 2026","IEEE","IEEE Conferences"
"VoI-Driven Joint Optimization of Control and Communication in Vehicular Digital Twin Network","L. Lei; K. Zheng; J. Mei; X. Shen","College of Engineering and Physical Sciences, University of Guelph, Guelph, ON, Canada; College of Electrical Engineering and Computer Sciences, Ningbo University, Ningbo, China; College of Electrical Engineering and Computer Sciences, Ningbo University, Ningbo, China; Department of Electrical and Computer Engineering, University of Waterloo, Waterloo, ON, Canada",IEEE Network,"15 Sep 2025","2025","39","5","155","164","The vision of sixth-generation (6G) wireless networks paves the way for the seamless integration of digital twins into vehicular networks, giving rise to a Vehicular Digital Twin Network (VDTN). The large amount of computing resources as well as the massive amount of spatial-temporal data in Digital Twin (DT) domain can be utilized to enhance the communication and control performance of Internet of Vehicle (IoV) systems. In this article, we first propose the architecture of VDTN, emphasizing key modules that center on functions related to the joint optimization of control and communication. We then delve into the intricacies of the multitimescale decision process inherent in joint optimization in VDTN, specifically investigating the dynamic interplay between control and communication. To facilitate the joint optimization, we define two Value of Information (VoI) concepts rooted in control performance. Subsequently, utilizing VoI as a bridge between control and communication, we introduce a novel joint optimization framework, which involves iterative processing of two Deep Reinforcement Learning (DRL) modules corresponding to control and communication to derive the optimal policy. Finally, we conduct simulations of the proposed framework applied to a platoon scenario to demonstrate its effectiveness in ensuring the stability and transmission efficiency of VDTN.","1558-156X","","10.1109/MNET.2024.3522588","","https://ieeexplore.ieee.org/stamp/stamp.jsp?arnumber=10816008","Internet of Vehicle (IoV);Digital Twin (DT);6G and Value of Information (VoI)","Optimization;Aerospace electronics;6G mobile communication;Digital twins;Process control;Optimal control;Decision making;Systems architecture;Reliability","","8","","15","IEEE","25 Dec 2024","Sept. 2025","","IEEE","IEEE Magazines"
"Intelligent Network Selection for Big Data Optimization in 6G","M. Munjal; A. Abdurakhimov; S. Ananthi; K. Sharma; S. Sood; T. V. H. Lakshmi","Department of Electronics and Communication Engineering, Thapar Institute of Engineering and Technology, Patiala, Punjab, India; Department of Transport Engineering, Fergana State Technical University, Fergana, Uzbekistan; Department of Artificial, Intelligence and Data Science St. Joseph’s College of Engineering, Chennai, India; School of Engineering and Technology (SET), CGC University, Mohali, Punjab, India; Department of Electrical and Electronics & Communication, Rayat Bahra University, Mohali, Punjab, India; Department of Electronics and Communication Engineering, Sagi Rama Krishnam Raju Engineering College, Bhimavaram, Andhra Pradesh, India",2026 Fourth International Conference on Secure Cyber Computing and Communications (ICSCCC),"16 Jul 2026","2026","","","443","448","The most recent surge in the popularity of big data applications and the creation of sixth-generation (6G) wireless networks has resulted in the creation of the need of intelligent and adaptive network selection mechanisms. The SAW, TOPSIS and AHP methods are all too out of date when it comes to the dynamic and heterogeneous environment presented by the modern wireless environment.The authors of this paper will suggest an intelligent network selection system that uses multi-criteria decision-making (MCDM) and reinforcement learning (RL) to optimize the transmission of big data in 6G networks. The strategy considers important parameters like bandwidth, latency, cost of energy consumption, reliability, packet loss and jitter as a guideline to implement adaptive decision-making.The simulation indicates that the proposed approach is far more efficient in throughput and latency and energy consumption and the network selection accuracy is higher than the current methods. It, too, achieves greater Quality of Service (QoS) based on fewer packet loss and less jitter, which suggests the effectiveness of the 6G systems AI optimization.","","979-8-3315-7954-8","10.1109/ICSCCC69031.2026.11599983","","https://ieeexplore.ieee.org/stamp/stamp.jsp?arnumber=11599983","6G Networks;Big Data Optimization;Intelligent Network Selection;Reinforcement Learning;Multi-Criteria Decision Making (MCDM);QoS;Energy Efficiency","Equations;MCDM;Optimization;Quality of service;Weighted sum model;Big Data;Energy consumption;Printing;TOPSIS;Information rates","","","","15","IEEE","16 Jul 2026","29-31 May 2026","29-31 May 2026","IEEE","IEEE Conferences"
"Graph-Based Digital Twin Blueprint for Securing 6G Local Area Networks","Y. Yigit; B. Canberk","School of Computing, Engineering and the Built Environment, Edinburgh Napier University, Edinburgh, U.K.; School of Computing, Engineering and the Built Environment, Edinburgh Napier University, Edinburgh, U.K.",IEEE Wireless Communications,"31 Dec 2025","2025","32","6","51","58","The rise of sixth-generation (6G) wireless technologies is expected to transform local connectivity through ultra-low latency communication, autonomous network management, and massive device integration. Among these, 6G Local Area Networks (LANs) are emerging as key enablers for smart homes and industrial automation, offering decentralised and intelligent control at the network edge. However, it introduces critical security requirements. Traditional intrusion detection methods, based on static rules and signatures, are limited in addressing dynamic device interactions, strict latency constraints, and increasingly stealthy cyberattacks expected in 6G LANs. To overcome these limitations, this work introduces a graph-based security framework using digital twins (DTs) designed for 6G LANs. The proposed solution integrates three core components. First, a graph-based anomaly detection module models the real-time network structure using GraphSAGE and Graph Attention Networks (GAT) to enable efficient and context-aware threat identification. Second, an explainability module based on Shapley Additive Explanations (SHAP) provides transparent decision-making and introduces a confidence-aware mechanism to autonomously or collaboratively handle detected threats. Third, a self-healing module applies mitigation actions dynamically, enabling fast, adaptive, and explainable responses while allowing human oversight when needed. The effectiveness of the framework is validated through extensive experiments on a 6G LAN testbed and an external dataset. Results show that our solution reduces end-to-end detection latency by up to 63%, lowers mitigation reaction time by 55%, and decreases processing overhead by 20%, while improving detection accuracy by up to 25% compared to conventional methods. These results highlight the practical benefits of using DTs for real-time and explainable 6G LAN security. Our work offers a scalable and locally deployable solution that meets the performance and transparency needs of emerging autonomous networks.","1558-0687","","10.1109/MWC.2025.3602932","The Scientific and Technological Research Council of Turkey (TUBITAK) 1515 Frontier R&D Laboratories Support Program for BTS Advanced AI Hub: BTS Autonomous Networks and Data Innovation Laboratory(grant numbers:5239903); ","https://ieeexplore.ieee.org/stamp/stamp.jsp?arnumber=11205488","6G;local area networks (LANs);explainable AI (XAI);smart cities;security;digital twin;self-healing","6G mobile communication;Security;Local area networks;Real-time systems;Prevention and mitigation;Image edge detection;Digital twins;Adaptation models;Telemetry;Decision making","","2","","15","IEEE","16 Oct 2025","Dec. 2025","","IEEE","IEEE Magazines"
"Network Digital Twin for 5G-Enabled Mobile Robots","L. Roda-Sanchez; L. Zanzi; X. Li; G. Garí; X. Costa-Pérez","Universidad de Castilla-La Mancha, Albacete, Spain; NEC Laboratories Europe, Heidelberg, Germany; NEC Laboratories Europe, Heidelberg, Germany; Robotnik, Valencia, Spain; i2CAT Foundation, Barcelona, Spain",2025 IEEE Wireless Communications and Networking Conference (WCNC),"9 May 2025","2025","","","1","6","The maturity and commercial roll-out of 5 G networks and its deployment for private networks makes 5G a key enabler for various vertical industries and applications, including robotics. Providing ultra-low latency, high data rates, and ubiquitous coverage and wireless connectivity, 5G fully unlocks the potential of robot autonomy and boosts emerging robotic applications, particularly in the domain of autonomous mobile robots. Ensuring seamless, efficient, and reliable navigation and operation of robots within a 5 G network requires a clear understanding of the expected network quality in the deployment environment. However, obtaining real-time insights into network conditions, particularly in highly dynamic environments, presents a significant and practical challenge. In this paper, we present a novel framework for building a Network Digital Twin (NDT) using real-time data collected by robots. This framework provides a comprehensive solution for monitoring, controlling, and optimizing robotic operations in dynamic network environments. We develop a pipeline integrating robotic data into the NDT, demonstrating its evolution with real-world robotic traces. We evaluate its performances in radio-aware navigation use case, highlighting its potential to enhance energy efficiency and reliability for 5Genabled robotic operations.","1558-2612","979-8-3503-6836-9","10.1109/WCNC61545.2025.10978546","","https://ieeexplore.ieee.org/stamp/stamp.jsp?arnumber=10978546","","Wireless communication;Service robots;5G mobile communication;Pipelines;Radio navigation;Real-time systems;Digital twins;Reliability;Mobile robots;Robots","","9","","21","IEEE","9 May 2025","24-27 March 2025","24-27 March 2025","IEEE","IEEE Conferences"
"Automatic Performance Assessment — Step Toward Autonomous Mobile Network Management Systems","M. Panek; I. Jabłoński; M. Woźniak","Wroclaw University of Science and Technology, Poland; Brandenburg University of Technology, Germany; Wroclaw University of Science and Technology, Poland",IEEE Communications Magazine,"31 Mar 2025","2025","63","4","73","79","Despite significant advances in telecommunications technologies, as well as the use of artificial intelligence in 5G and the anticipated reliance of 6G on trustworthy artificial intelligence, there are still insufficiently automated, inefficient, and unreliable areas of wireless network operation and maintenance that rely on human expert decisions. In this article, we point out the gap in automated performance monitoring and prediction as a factor preventing the design of autonomous mobile network management systems. In addition, we systematize the basics of modeling KPIs measured in a mobile network and conditioned by their configuration and environmental states. KPI modeling recommendations summarized for different network levels were demonstrated for two applications using datasets collected from operator networks, that is, quantifying the performance change in a population of 350 5G cells with unique configuration settings updates, and predicting the performance profile for an unknown configuration in a model trained with historical data associated with different configurations applied to a population of network cells.","1558-1896","","10.1109/MCOM.001.2400101","EU(grant numbers:POIR.01.01.01-00-1329/20); Wroclaw University of Science and Technology; German Federal Ministry of Education and Research BMBF(grant numbers:FKZ 16ME0422); National Science Centre, Poland(grant numbers:2020/02/Y/ST6/00037); ","https://ieeexplore.ieee.org/stamp/stamp.jsp?arnumber=10812965","","Predictive models;Monitoring;Data models;Training;Artificial intelligence;Network architecture;5G mobile communication;Time series analysis;Throughput;Radio access networks;Telecommunication services","","2","","15","IEEE","23 Dec 2024","April 2025","","IEEE","IEEE Magazines"
"Network Data-Knowledge Engine: Supporting 6G Endogenous Intelligence With Digital Twin","D. Wang; K. Zhu; B. Song; X. Du","State Key Laboratory of Integrated Services Networks, Xidian University, Xi’an, China; State Key Laboratory of Integrated Services Networks, Xidian University, Xi’an, China; State Key Laboratory of Integrated Services Networks, Xidian University, Xi’an, China; Department of Electrical and Computer Engineering, Stevens Institute of Technology, Hoboken, NJ, USA",IEEE Network,"19 Mar 2026","2026","40","2","261","268","With the rapid development of 5G cellular systems, both industry and academia are focusing on exploring 6G communication, especially supported by artificial intelligence (AI), which has spurred heated discussions on the convergence of AI technologies and future wireless communications. It is envisioned that 6G will rely heavily on AI to enable data-driven and knowledge-driven solutions in large-scale heterogeneous networks, thereby realizing endogenous intelligence in 6G. To achieve this, digital twin (DT) technology can serve as a powerful enabler for unlocking the full potential of future 6G networks. In this paper, we introduce a six-dimensional framework of the digital twin to support endogenous intelligence in 6G through the integration of AI technology and DT. We propose a self-adaptive hierarchical digital twin network (SAHDTN) based on the above DT framework to achieve self-optimization for the 6G network. Furthermore, we incorporate several key technologies to support endogenous intelligence, including a network data-knowledge engine powered by collective reinforcement learning, transfer learning, and knowledge graphs.","1558-156X","","10.1109/MNET.2025.3575318","","https://ieeexplore.ieee.org/stamp/stamp.jsp?arnumber=11018409","6G;endogenous intelligence;data-knowledge engine;digital twin;collective reinforcement learning;transfer learning;knowledgegraph;blockchain","Digital twins;6G mobile communication;Artificial intelligence;Knowledge engineering;Optimization;Data models;Cloud computing;Real-time systems;Computational modeling;Knowledge based systems","","1","","15","IEEE","30 May 2025","March 2026","","IEEE","IEEE Magazines"
"MR-Former: Location-Agnostic RSRP Prediction Via Masked Reconstruction in Beam Space","M. Li; S. Gao; L. Wei; T. -H. Chang; Q. Shi","School of Science and Engineering, The Chinese Univ. of Hong Kong, Shenzhen, Shenzhen, China; School of Electronic and Info. Eng. Tongji University, Shanghai, China; Huawei Technologies, Xi'an, China; School of Artificial Intelligence, The Chinese University of Hong Kong, Shenzhen, Shenzhen, China; School of Computer Science and Technology, Tongji University, Shanghai, China",2026 IEEE Wireless Communications and Networking Conference (WCNC),"16 Jun 2026","2026","","","1","7","Accurate RSRP signal level prediction is crucial for network optimization but is fundamentally hindered by the sparse, heterogeneous, and location-agnostic nature of real-world Measurement Report (MR) data. This paper proposes a novel framework that reformulates RSRP signal level prediction as a self-supervised masked reconstruction task, operating purely within the RSRP beam space to obviate the need for geographical coordinates. We design a Transformer-based masked autoencoder and introduce Operational Relation Embedding (ORE), a novel feature augmentation strategy that injects domain-specific inductive biases into the model. Evaluated on two large-scale, real-world 5G datasets, our method achieves a prediction error of 3.50-3.56 dB Mean Absolute Error (MAE), significantly outperforming existing solutions. The model also demonstrates robust generalization, enabling predictive tasks for unseen network configurations, such as virtual site commissioning, and maintains exceptional stability over time. By enabling the creation of high-fidelity, location-agnostic coverage maps, our work provides a practical and scalable solution for building network digital twins. This work effectively solves the signal level prediction challenge, paving the way for advanced automated 5 G network optimization tasks.","1558-2612","979-8-3315-7729-2","10.1109/WCNC65185.2026.11555169","","https://ieeexplore.ieee.org/stamp/stamp.jsp?arnumber=11555169","5G Networks;Coverage Prediction;Self-Supervised Learning;Masked Autoencoder;Transformer;Measurement Report (MR);RSRP;Network Digital Twin","Modeling;Cells (biology);Beams;Optimization;Training;Measurement;Ores;Equations;Printing;5G mobile communication","","","","13","IEEE","16 Jun 2026","13-16 April 2026","13-16 April 2026","IEEE","IEEE Conferences"
"Machine Learning-Aided Latency Prediction in Packet-Switched Xhaul Networks","M. Klinkowski; J. Perelló; D. Careglio","National Institute of Telecommunications, Warsaw, Poland; Universitat Politècnica de Catalunya (UPC)—BarcelonaTech, Barcelona, Spain; Universitat Politècnica de Catalunya (UPC)—BarcelonaTech, Barcelona, Spain",IEEE Access,"2 Apr 2026","2026","14","","48072","48088","In this work, we address the challenge of accurately predicting latency in packet-switched Xhaul networks, enabling the convergent transport of fronthaul (FH) and midhaul (MH) traffic within radio access networks (RANs). Although deterministic worst-case (WC) models provide strict latency bounds, they tend to significantly overestimate actual flow latencies, leading to inefficient resource allocation. To address this limitation, we propose a machine learning-based (ML) latency prediction framework that leverages quantile regression (QR) to provide more accurate estimates of maximum one-way transmission latency for both FH and MH flows — an essential requirement for reliable RAN operation. Our approach enhances WC estimations by incorporating additional latency-related features and is validated using an extensive dataset generated from simulations of diverse ring and mesh topologies. We integrate the QR-based latency predictions into a mixed-integer linear programming (MILP) model for optimal flow routing and distributed unit (DU) placement. A comparative analysis reveals that QR-based latency prediction outperforms WC latency estimations, significantly improving network performance by reducing the number of active DU processing nodes by up to 20% without compromising latency constraints. The results highlight the potential of ML techniques to enhance the accuracy of latency modeling in dynamic, latency-sensitive Xhaul scenarios, thereby contributing to the realization of RAN Digital Twin systems envisioned for future 6G networks.","2169-3536","","10.1109/ACCESS.2026.3678383","National Science Centre, Poland(grant numbers:2024/53/B/ST7/02482); I+D+i Project titled BLOSSOMS funded by the Ministerio de Ciencia, Innovación y Universidades (MICIU)/Agencia Estatal de Investigación (AEI)/10.13039/501100011033/ and European Regional Development Fund (ERDF)/European Union (EU)(grant numbers:PID2024-158530OB-I00); ","https://ieeexplore.ieee.org/stamp/stamp.jsp?arnumber=11456967","5G;6G;Xhaul;packet-switched network;latency modeling;machine learning;quantile regression;digital twin;network optimization;mixed-integer linear programming","5G mobile communication;Open RAN;Optical wavelength conversion;Delays;Predictive models;Estimation;Optimization;6G mobile communication;Reliability;Routing","","","","38","CCBY","27 Mar 2026","2026","","IEEE","IEEE Journals"
"A Framework for Dynamic Configuration of Cellular Industrial Networks in Mobile Robotics Applications","J. Ansari; J. B. Caro; R. Soyak","Ericsson Research Ericsson Allee 1, Herzogenrath, Germany; Ericsson Research Ericsson Allee 1, Herzogenrath, Germany; Ericsson Research Ericsson Allee 1, Herzogenrath, Germany","2024 IEEE 35th International Symposium on Personal, Indoor and Mobile Radio Communications (PIMRC)","1 Jan 2025","2024","","","1","7","Digitalization of industries is essential for achieving the ever-increasing demands for flexible and customized production. Wireless communication plays a key role in enabling digitalization of industries. Cellular communication systems are expected to efficiently support data traffic with varying sets of requirements on latency, reliability and throughput as well as mobility and scalability in industrial applications. In this paper, we describe a framework that enables closed-loop runtime adaptation of a cellular network configuration using artificial intelligence and machine learning ($\mathrm{AI} / \mathrm{ML}$) methods based on the observed network performance characteristics and dynamic changes in application service level requirements. While most of the existing works on the use of $\mathrm{AI} / \mathrm{ML}$ methods for 5 G performance enhancement are based on computer simulations, our framework has been experimentally evaluated on an industrial 5G non-public network in an industrial environment. We present over-the-air empirical performance results of a 5 G non-public network deployment in the local industrial spectrum in Germany. Our empirical results give insights into 5G deployments in industrial environments and highlight that the desired communication robustness for a mobile robotics use case can be achieved with efficient use of radio resources using deep reinforcement learning.","2166-9589","979-8-3503-6224-4","10.1109/PIMRC59610.2024.10817458","Ministry of Education; ","https://ieeexplore.ieee.org/stamp/stamp.jsp?arnumber=10817458","Mobile robots;smart manufacturing;5G/6G industrial network;digital twin;deep reinforcement learning;link adaptation;performance optimization;over-the-air testing","Industries;Runtime;Service robots;5G mobile communication;Wireless networks;Scalability;Production;Throughput;Robustness;Testing","","1","","23","IEEE","1 Jan 2025","2-5 Sept. 2024","2-5 Sept. 2024","IEEE","IEEE Conferences"
"AI-Driven Digital Twin for Millimeter-Wave Photonic Fronthaul Links","F. Pastor-Naranjo; J. Romero-Huedo; J. Mora; V. Naranjo; B. Ortega","Instituto Universitario de Investigación en Tecnología Centrada en el Ser Humano, Universitat Politècnica de València, Valencia, Spain; Instituto de Telecomunicaciones y Aplicaciones Multimedia, Universitat Politècnica de València, Valencia, Valencia, Spain; Instituto de Telecomunicaciones y Aplicaciones Multimedia, Universitat Politècnica de València, Valencia, Valencia, Spain; Instituto Universitario de Investigación en Tecnología Centrada en el Ser Humano, Universitat Politècnica de València, Valencia, Spain; Instituto de Telecomunicaciones y Aplicaciones Multimedia, Universitat Politècnica de València, Valencia, Valencia, Spain",2025 Joint European Conference on Networks and Communications & 6G Summit (EuCNC/6G Summit),"26 Jun 2025","2025","","","109","114","This paper introduces a machine learning-based Digital Twin for Optical Networks (DTON) to model and optimize the performance of millimeter-wave (mmW) photonic fronthaul links. Using an experimentally validated simulation framework, we generate a dataset of 1,100 configurations linking key system parameters to multiple Quality of Transmission (QoT) metrics. Three machine learning models-Gaussian Process Regression (GPR), Artificial Neural Networks (ANNs), and Extreme Gradient Boosting (XGBoost)-are trained to predict these metrics, with ANN and XGBoost demonstrating superior accuracy. Furthermore, Particle Swarm Optimization (PSO) and Genetic Algorithms (GA) are applied to identify optimal system configurations that enhance performance while minimizing power consumption. The results highlight the potential of AI-driven digital twins for real-time network optimization, paving the way for more adaptive and efficient next-generation optical-wireless systems.","2575-4912","979-8-3503-9180-0","10.1109/EuCNC/6GSummit63408.2025.11036912","","https://ieeexplore.ieee.org/stamp/stamp.jsp?arnumber=11036912","Microwave photonics;machine learning;cloud radio access network;digital twin","Measurement;Millimeter wave technology;Artificial neural networks;Optical fiber networks;Real-time systems;Optical receivers;Quality of transmission;Digital twins;Optimization;Genetic algorithms","","","","15","IEEE","26 Jun 2025","3-6 June 2025","3-6 June 2025","IEEE","IEEE Conferences"
"Hierarchical Caching for Digital Twins Communications Over mURLLC-Based 6G Distributed-Computing Mobile Networks Using FBC","X. Zhang; Q. Zhu","Department of Electrical and Computer Engineering, Networking and Information Systems Laboratory, Texas A&M University, College Station, TX, USA; Department of Electrical and Computer Engineering, Networking and Information Systems Laboratory, Texas A&M University, College Station, TX, USA",2024 IEEE 44th International Conference on Distributed Computing Systems Workshops (ICDCSW),"4 Sep 2024","2024","","","53","58","The massive ultra-reliable and low-latency communications (mURLLC) services are emerging as a new traffic type to support massive numbers of mobile users (MUs) demanding the stringent delay and error-rate bounded quality-of-services (QoS) requirements over 6G. Among multiple 6G mURLLC services, digital twins (DT) has been widely envisioned as a major intelligent application to support efficient interactions between physical and virtual objects. Moreover, multi-tier caching, which is one of the key distributed computing techniques, stores the frequently-demanded data items at different wireless network tiers to efficiently reduce mURLLC streaming delay and data move. However, how to efficiently cache mURLLC-based DT data items at different caching tiers of wireless networks and how to statistically upper-bound both delay and error-rate for DT communications remain challenging problems. To overcome these difficulties, in this paper we propose a multi-tier caching mechanism to support DT communications over 6 G mobile networks. First, we propose the DT data adaptive collection scheme applying finite blocklength coding (FBC) to dynamically encode a physical object into its virtual representation according to the current network and wireless channel statuses. Second, we develop inter-tier and intra-tier collaborative caching mechanisms, where DT data items are selectively cached at different wireless network caching tiers according to their popularities including: router tier, massive-multiple-input-multiple-output (MIMO) basestation tier, and mobile device tier. Third, our proposed intertier collaborative caching mechanisms maximize the aggregate $\epsilon$ effective capacity across all three caching tiers, and our proposed intra-tier collaborative caching mechanisms minimize the sum of data transmission delay for all DT data items cached in each caching tier. Finally, we numerically validate and evaluate our developed multi-tier hierarchical caching schemes over 6G DTenabled mobile networks.","2332-5666","979-8-3503-5471-3","10.1109/ICDCSW63686.2024.00015","National Science Foundation; ","https://ieeexplore.ieee.org/stamp/stamp.jsp?arnumber=10660679","6G;mURLLC;DT;statistical delay and errorrate QoS bounded provisioning;ε-effective capacity;multi-tier caching;distributed computing;FBC","6G mobile communication;Wireless networks;Aggregates;Collaboration;Distributed databases;Quality of service;Encoding","","","","14","IEEE","4 Sep 2024","23-23 July 2024","23-23 July 2024","IEEE","IEEE Conferences"
"A Service-Based Management Architecture for Intelligent Cross-Domain Orchestration in 6G Networks","J. Baranda; A. Kliks; J. V. Martinez; L. M. Contreras; M. Pagin; E. Zeydan; G. Kedar; T. de Cola; P. Joshi; S. Spantideas; A. Giannopoulos; J. Haxhibeqiri; V. Maglogiannis; D. Naudts; J. Hoebeke; G. Fontanesi; Ł. Kułacz","Centre Tecnològic de Telecomunicacions de Catalunya (CTTC/CERCA), Castelldefels, Spain; Poznan University of Technology, Poland; Telefónica, Spain; Telefónica, Spain; Keysight Technologies, Denmark; Centre Tecnològic de Telecomunicacions de Catalunya (CTTC/CERCA), Castelldefels, Spain; Ceragon Networks, Israel; DLR, Germany; DLR, Germany; R&D Department, Four Dot Infinity, Athens, Greece; R&D Department, Four Dot Infinity, Athens, Greece; imec - IDLab, Ghent University, Belgium; imec - IDLab, Ghent University, Belgium; imec - IDLab, Ghent University, Belgium; imec - IDLab, Ghent University, Belgium; Radio Systems Research, Nokia Bell Labs, Stuttgart, Germany; Poznan University of Technology, Poland",2026 32nd International Conference on Telecommunications (ICT),"9 Jul 2026","2026","","","371","377","This paper focuses on the design of a Service-Based Management Architecture (SBMA) that enables intelligent, crossdomain, and sustainable orchestration. SBMA adopts a servicebased paradigm to abstract domain heterogeneity, integrates distributed AI-driven control, and provides a foundation for achieving unified management. The proposed architecture is illustrated by mapping specific domains (such as the radio access (RAN), transport, and core networks) to the architecture, demonstrating how domain-specific orchestration aligns with SBMA principles and interfaces. A representative experiment validates the architecture's capabilities, and the results show rapid recovery times for redeploying RAN, core, and transport components, highlighting the resilience and agility of the proposed approach.","2993-1916","979-8-3195-4601-2","10.1109/ICT70370.2026.11594765","","https://ieeexplore.ieee.org/stamp/stamp.jsp?arnumber=11594765","end-to-end services;unified network architecture;service-based architecture;orchestration","Architecture;Computer architecture;Management;Artificial intelligence;Modeling;Radio access networks;Regional area networks;Open RAN;ETSI;Displays","","","","14","IEEE","9 Jul 2026","20-22 May 2026","20-22 May 2026","IEEE","IEEE Conferences"
"Risk-Aware Network Slicing for 6G IoV: An Uncertainty-Driven and Fairness-Aware Digital Twin Optimizer Framework","T. Darshan; S. T. Reddy; H. K; S. Manasa; S. Sabapathy; D. Sasi; S. Rao","Amrita School of Artificial Intelligence, Amrita Vishwa Vidyapeetham, Coimbatore, India; Amrita School of Artificial Intelligence, Amrita Vishwa Vidyapeetham, Coimbatore, India; Amrita School of Artificial Intelligence, Amrita Vishwa Vidyapeetham, Coimbatore, India; Amrita School of Artificial Intelligence, Amrita Vishwa Vidyapeetham, Coimbatore, India; Amrita School of Artificial Intelligence, Amrita Vishwa Vidyapeetham, Coimbatore, India; Dept. of ECE, National Institute of Technology Puducherry, Karaikal, India; Dept. of ECE, K L University, Vaddeswaram, Guntur, Andhra Pradesh, India",2026 National Conference on Communications (NCC),"21 Apr 2026","2026","","","721","726","Future 6G Internet-of-Vehicles (IoV) systems must support three traffic classes: eXtreme ultra-reliable low-latency communication (xURLLC) for safety beacons, eXtreme enhanced mobile broadband (xeMBB) for infotainment, and eXtreme massive machine-type communication (xmMTC) for telemetry. IoV traffic is bursty and incident-driven, making fixed slice splits and mean-only forecasts unreliable and prone to service-level agreement (SLA) risk. This work proposes a risk- and fairness-aware slicing framework that converts traffic-forecast uncertainty into robust slice allocations. Per-slice demand is predicted using a LightGBM model that outputs point estimates and 95% prediction intervals through time-series cross-validation. These predictive distributions are transformed into safety-aware plans using Value-at-Risk (VaR), Conditional VaR (CVaR), and an optional DRO-based inflation term to guard against distribution shifts. A digital twin optimizer (DTO) maps these plans to xURLLC/xeMBB/xmMTC shares while enforcing slice floors and ceilings. It incorporates the Jain fairness index and uses EMA smoothing to stabilize allocations. A tunable risk parameter $\alpha$ and incident presets (accident, rain, parade) further adapt allocations by prioritizing xURLLC under high-risk conditions. Experiments on real IoV traces compare static, proportional fair (PF), forecast-only, and risk-aware DTO schemes. The proposed method reduces plan shortfall from 64% to 3%, maintains a Jain fairness score of 0.877, removes SLA violations, and yields negligible xURLLC tail-latency probability. Forecast accuracy reaches 95.91%, with well-calibrated uncertainty bands. The full pipeline is deployed in a Streamlit dashboard for operator use.","2993-2645","979-8-3315-4715-8","10.1109/NCC68160.2026.11478876","","https://ieeexplore.ieee.org/stamp/stamp.jsp?arnumber=11478876","6G;Internet of Vehicles;network slicing;uncertainty-aware forecasting;digital twin optimizer","Telemetry;Aerospace and electronic systems;Oscillators;5G mobile communication;Communication systems;Enhanced mobile broadband;Internet of Things;Internet of Vehicles;Massive machine type communications;Network slicing","","","","13","IEEE","21 Apr 2026","26 Feb.-1 March 2026","26 Feb.-1 March 2026","IEEE","IEEE Conferences"
"A New Virtual Network Topology-Based Digital Twin for Spatial-Temporal Load-Balanced User Association in 6G HetNets","P. Jia; X. Wang","Department of Electrical and Computer Engineering, Western University, London, Canada; Department of Electrical and Computer Engineering, Western University, London, Canada",IEEE Journal on Selected Areas in Communications,"26 Oct 2023","2023","41","10","3080","3094","Dynamically associating distributed mobile users with proper base stations in 6G heterogeneous networks (HetNets) becomes critical to achieve both diverse quality of service (QoS) requirements of all users and entire network performance. However, the significantly increased complexity of matching the irregularly distributed users and base stations as well as highly dynamic network traffic often cause unbalanced spatial-temporal loads for multi-tier base stations during user association. To overcome this challenge, we propose a new virtual network topology-based digital twin to reduce the complexity of load-balanced user association in 6G HetNets. During the digital twin construction stage, instead of using highly dynamic low-level physical layer attributes (e.g., channel conditions and SINR), we intentionally consider more stable and relevant communication performance indicators and physical statistics to effectively reflect both real-time link quality and overall network dynamics. To assist overall network operation, fast update of the digital twin for HetNets is achieved by adopting principal component analysis to discover specific network areas with changes. To improve the overall QoS provisioning and network performance, the proposed virtual topology-based digital twin is further utilized to predict the spatial-temporal dynamics of HetNets for more balanced user association by bipartite graph matching. Simulation results show that the proposed method can construct effective digital twins and support load-balanced user association with maximized network-wide QoS satisfaction.","1558-0008","","10.1109/JSAC.2023.3310104","Discovery Program of Natural Sciences and Engineering Research Council of Canada (NSERC)(grant numbers:RGPIN2018-06254); Canada Research Chair Program; ","https://ieeexplore.ieee.org/stamp/stamp.jsp?arnumber=10234545","6G;user association;heterogeneous networks;spatial-temporal analysis;digital twin;network topology","Quality of service;Digital twins;6G mobile communication;Real-time systems;Complexity theory;Optimization;Dynamic scheduling","","26","","36","IEEE","30 Aug 2023","Oct. 2023","","IEEE","IEEE Journals"
"OAI-Powered Network Digital Twin for RAN SLA Assurance","M. Babaei; E. Can","Ericsson Research Türkiye; Ericsson, Istanbul, Türkiye",2026 IEEE International Conference on Communications Workshops (ICC Workshops),"15 Jul 2026","2026","","","1","6","This paper presents a network digital twin (NDT)-based closed-loop framework for proactive service assurance in 5G networks. In the proposed approach, live network parameters and key performance indicators (KPIs) are continuously collected from the OpenAirInterface (OAI) end-to-end emulator. The NDT predicts future network states and evaluates ""what-if"" scenarios using machine learning models trained per KPI. Service level agreement (SLA) compliance is assessed by comparing predicted KPIs against predefined thresholds. When a potential SLA deviation is identified, the recommendation module is triggered to generate candidate reconfiguration actions such as TDD slot allocation, channel bandwidth adjustment, modulation and coding scheme limits, and MIMO layer selection. Each action is evaluated in terms of its predicted KPI impact and cost and ranked according to the utility score. The highest-ranked action is actuated in the OAI network, thereby closing the loop and restoring SLA compliance. The proposed framework is demonstrated in an enhanced mobile broadband scenario with five user equipments, and results indicate that the method can maintain SLA compliance while improving network resource utilization.","2694-2941","979-8-3315-7624-0","10.1109/ICCWorkshops63917.2026.11586732","","https://ieeexplore.ieee.org/stamp/stamp.jsp?arnumber=11586732","NDT;Closed-Loop Control;SLA;5G Networks;OAI;ML;KPI Prediction;Resource Optimization;Proactive Network Management","Service level agreements;Modeling;Key performance indicator;Printing;5G mobile communication;Resource management;Digital twins;Optimization;Information rates;Management","","","","18","IEEE","15 Jul 2026","24-28 May 2026","24-28 May 2026","IEEE","IEEE Conferences"
"Hyper-5G: A Cross-Atlantic Digital Twin Testbed for Next Generation 5G IoT Networks and Beyond","A. Hakiri; S. B. Yahia; S. Gokhale Aniruddha","ISSAT Mateur, University of Carthage, Tunisia; Dept of Software Science, Tallinn University of Technology, Tallinn, Estonia; Institute for Software Integrated Systems, Vanderbilt University, Nashville, TN, USA",2023 IEEE 26th International Symposium on Real-Time Distributed Computing (ISORC),"2 Aug 2023","2023","","","230","235","This paper introduces the Hyper-5G research project, which aims at developing and evaluating an experimental proof of concept of a cross-Atlantic Network Digital Twin for the future wireless mobile 5G and beyond (B5G). Hyper-5G project brings innovative capabilities to allow distributed twins to replicate the 5G IoT network infrastructure digitally. Hyper-5G project interconnects two geographically distributed edge-cloud infrastructures, i.e., Grid5000 in Europe and Chameleon cloud in the US, to assess the feasibility of deploying new 5G IoT services using the twin. Hyper-5G offers an open European platform to experiment with different IoT scenarios, ranging from smart agriculture to healthcare, connected cars, etc. In the USA, Hyper-5G deploys the DT Hub inside the Chameleon cloud, connected to CHI-Edge IoT testbed, to enable emulating real-world IoT scenarios such as connected robots, smart cities, and smart grids, etc.","2770-162X","979-8-3503-3902-4","10.1109/ISORC58943.2023.00041","","https://ieeexplore.ieee.org/stamp/stamp.jsp?arnumber=10196897","Digital Twin;Real-Time IoT;Federated Learning;Mobile Edge;Predictive Analytic","Wireless communication;Analytical models;5G mobile communication;Computational modeling;Europe;Distributed databases;Distance measurement","","2","","21","IEEE","2 Aug 2023","23-25 May 2023","23-25 May 2023","IEEE","IEEE Conferences"
"Quantum Deep Reinforcement Learning for Digital Twin-Enabled 6G Networks and Semantic Communications: Considerations for Adoption and Security","B. Narottama; A. U. Haq; J. A. Ansere; N. Simmons; B. Canberk; S. L. Cotton; H. Shin; T. Q. Duong","Faculty of Engineering and Applied Science, Memorial University of Newfoundland, St. John's, NL, Canada; Department of Electronics and Information Convergence Engineering, Kyung Hee University, Yongin-si, Republic of Korea; Faculty of Engineering and Applied Science, Memorial University of Newfoundland, St. John's, NL, Canada; Centre for Wireless Innovation (CWI), School of Electronics, Electrical Engineering and Computer Science, Queen's University Belfast, Belfast, U.K.; Edinburg Napier University, Edinburgh, U.K.; Centre for Wireless Innovation (CWI), School of Electronics, Electrical Engineering and Computer Science, Queen's University Belfast, Belfast, U.K.; Department of Electronics and Information Convergence Engineering, Kyung Hee University, Yongin-si, Republic of Korea; Faculty of Engineering and Applied Science, Memorial University, St. John's, NL, Canada",IEEE Transactions on Network Science and Engineering,"2 Dec 2025","2026","13","","2053","2076","Recently, quantum deep reinforcement learning (Q-DRL) has started to gain attention as a potential approach for tackling complex challenges in wireless communication systems. In particular, Q-DRL, integrating quantum operations into deep learning models, can effectively handle dynamic environments and process large-scale optimizations. As future wireless networks continue to evolve, greater emphasis is being placed on context and meaning rather than raw data. New paradigms, such as semantic communications (SemComs) are essential to effectively convey meaning between transmitters and receivers. By linking SemComs with Q-DRL, future wireless networks will be capable of large-scale extractions and decoding of meaning, thereby minimizing reliance on complete context sharing between communicating parties. Together with SemComs, digital twins (DTs) have been considered as key enablers for future wireless networks. As virtual replicas of physical networks, they serve an important role in network operation, optimization, and control. In this regard, Q-DRL will also be highly beneficial for DTs in enhancing critical functions such as data management and security. This study offers fresh outlooks on how to leverage Q-DRL for SemComs in future wireless networks, augmented by the use of DTs.","2327-4697","","10.1109/TNSE.2025.3609198","Royal Academy of Engineering(grant numbers:RF/201920/19/191); The Scientific and Technological Research Council of Turkey; Program for BTS Advanced AI Hub: BTS Autonomous Networks and Data Innovation Lab(grant numbers:5239903); Engineering and Physical Sciences Research Council; EPSRC Hub on All Spectrum Connectivity(grant numbers:EP/X040569/1,EP/Y037197/1); National Research Foundation of Korea; Korean government(grant numbers:RS-2025 00556064); Canada Excellence Research Chair(grant numbers:CERC-2022-00109); Natural Sciences and Engineering Research Council of Canada; NSERC CREATE program(grant numbers:596205-2025); ","https://ieeexplore.ieee.org/stamp/stamp.jsp?arnumber=11159156","Digital twins;quantum deep reinforcement learning;semantic communications;wireless communication networks","6G mobile communication;Wireless networks;Optimization;Training;Reliability;Quantum entanglement;Deep reinforcement learning;Real-time systems;Tutorials;Surveys","","12","","223","IEEE","11 Sep 2025","2026","","IEEE","IEEE Journals"
"Knowledge-Defined and Twin-Assisted Network Management for 6G","T. Bilen; M. Ozdem","Department of Artificial Intelligence and Data Engineering, Faculty of Computer and Informatics Istanbul Technical University, Istanbul, Turkey; Turk Telekom, Istanbul, Turkey",2025 IEEE Globecom Workshops (GC Wkshps),"7 Jul 2026","2025","","","1280","1285","The increasing complexity, dynamism, and heterogeneity of 6G networks demand management systems that can reason proactively and generalize beyond pre-defined cases. In this paper, we propose a modular, knowledge-defined architecture that integrates Digital Twin models with semantic reasoning and zero-shot learning to enable autonomous decision-making for previously unseen network scenarios. Real-time data streams are used to maintain synchronized virtual replicas of the physical network, which also forecast short-term state transitions. These predictions feed into a knowledge plane that constructs and updates a graph-based abstraction of the network, enabling context-aware intent generation via graph neural reasoning. To ensure adaptability without retraining, the management plane performs zero-shot policy matching by semantically embedding candidate intents and selecting suitable pre-learned actions. The selected decisions are translated and enforced through the control plane, while a closed-loop feedback mechanism continuously refines predictions, knowledge, and policies over time. Simulation results confirm that the proposed framework observes notable improvements in policy response time, SLA compliance rate, and intent matching accuracy.","2166-0077","979-8-3315-6741-5","10.1109/GCWkshps68340.2025.11591175","","https://ieeexplore.ieee.org/stamp/stamp.jsp?arnumber=11591175","6G;Digital Twin;Knowledge-Defined Networking;Zero-Shot Learning;Autonomous Network Management","Digital twins;Modeling;Planing;Management;Timing;Zero shot learning;Architecture;Computer architecture;Real-time systems;Cognition","","","","14","IEEE","7 Jul 2026","8-12 Dec. 2025","8-12 Dec. 2025","IEEE","IEEE Conferences"
"Incentive-Based Task Offloading for Digital Twins in 6G Native Artificial Intelligence Networks: A Learning Approach","T. Chen; X. Wang; M. Hua; Q. Tang","China Mobile Research Institute, Beijing, China; China Mobile Communications Group Corporation, Beijing, China; China Mobile Research Institute, Beijing, China; School of Information and Communication Engineering, Beijing University of Posts and Telecommunications, Beijing, China",Frontiers of Information Technology & Electronic Engineering,"16 Dec 2025","2025","26","2","214","229","A communication network can natively provide artificial intelligence (AI) training services for resource-limited network entities to quickly build accurate digital twins and achieve high-level network autonomy. Considering that network entities that require digital twins and those that provide AI services may belong to different operators, incentive mechanisms are needed to maximize the utility of both. In this paper, we establish a Stackelberg game to model AI training task offloading for digital twins in native AI networks with the operator with base stations as the leader and resource-limited network entities as the followers. We analyze the Stackelberg equilibrium to obtain equilibrium solutions. Considering the time-varying wireless network environment, we further design a deep reinforcement learning algorithm to achieve dynamic pricing and task offloading. Finally, extensive simulations are conducted to verify the effectiveness of our proposal.","2095-9230","","10.1631/FITEE.2400240","","https://ieeexplore.ieee.org/stamp/stamp.jsp?arnumber=11293427","Digital twin network;Native artificial intelligence;Stackelberg game;Task offloading;Deep reinforcement learning","Training;6G mobile communication;Heuristic algorithms;Wireless networks;Games;Pricing;Deep reinforcement learning;Digital twins;Artificial intelligence;Research and development","","","","38","","16 Dec 2025","February 2025","","ZUP","ZUP Journals"
"Engineering Edge-Oriented Digital Twin Networks for Smart Cities","A. Calvio; L. Foschini; P. Bellavista","Department of Computer Science and Engineering, University of Bologna, Italy; Department of Computer Science and Engineering, University of Bologna, Italy; Department of Computer Science and Engineering, University of Bologna, Italy",NOMS 2026-2026 IEEE Network Operations and Management Symposium,"2 Sep 2026","2026","","","1","7","The rapid surge in urbanization is placing increasing pressure on city infrastructures, which must adapt to ensure high-quality living standards and overall well-being. In this context, Digital Twins (DT) have renewed interest in the development of Smart Cities, by creating virtual replicas of city assets and processes, enabling closed-loop systems and supporting smarter urban management strategies. Although the transition from an initial centralized and cloud-based architecture to proper Digital Twin Networks (DTN) helps meet more stringent operational requirements and domain heterogeneity, it also poses new challenges due to the integration of fine-grained models spread across the Cloud Continuum. As DTN are still in an early stage of development, this work proposes new approaches to support their evolution by investigating three distinct research directions: i) a methodology for DTN scalable traffic simulations using edge federation, ii) quality-aware networking approaches to manage dynamic service requirements in 5G-enabled DTNs, iii) an extension to the ETSI MEC architecture to integrate faredge vehicles' resources and support large DTN deployments. All contributions have been thoroughly evaluated, providing a foundation for the design of next-generation DTN architectures.","2374-9709","979-8-3315-9268-4","10.1109/NOMS69089.2026.11668184","","https://ieeexplore.ieee.org/stamp/stamp.jsp?arnumber=11668184","Digital Twin;Digital Twin Networks;Edge-Computing;Adaptive Systems;QoS","Modeling;Printing;Simulation;5G mobile communication;Quality of service;Digital twins;Timing;Vehicles;Urban areas;Management","","","","30","IEEE","2 Sep 2026","18-22 May 2026","18-22 May 2026","IEEE","IEEE Conferences"
"TwinPot-Gen: A Generative Semantic Digital-Twin Honeypot Framework for Adaptive and Explainable Defence in 6G Networks","Y. Yigit; K. Huseynov; B. Canberk","School of Computing, Engineering and The Build Environment, Edinburgh Napier University, United Kingdom; School of Computing, Engineering and The Build Environment, Edinburgh Napier University, United Kingdom; School of Computing, Engineering and The Build Environment, Edinburgh Napier University, United Kingdom",ICC 2026 - IEEE International Conference on Communications,"14 Jul 2026","2026","","","1","6","The security of emerging 6G small-cell networks increasingly depends on intelligent deception mechanisms, where honeypots serve as proactive defence components. However, conventional honeypots lack semantic and behavioural realism and often risk leaking sensitive data when emulating complex network states. Existing systems remain limited by static personas, weak sanitisation, and unexplainable reactions, making them ineffective against adaptive attackers. To address this challenge, we propose TwinPot-Gen, a digital-twin-assisted honeypot framework that integrates semantic communication, graph-based knowledge modelling, and generative AI to achieve realistic and privacy-preserving deception. The framework establishes two isolated domains, the Digital-Twin Network and the Honeypot Network, connected through two secure gateways: the Generative Knowledge Gateway (GKG) and the Defence-Orchestration Gateway (DOG). GKG performs semantic sanitisation and persona generation using a large language model, while DOG enforces adaptive, policy-driven responses. Experimental results on a Kubernetes-based 6G testbed show that TwinPot-Gen improves persona realism by 35–50%, achieves a 0.94 F1-score in attack detection, and maintains sub-100 ms orchestration latency, confirming its efficiency and trustworthiness in dynamic 6G environments.","1938-1883","979-8-3195-4209-0","10.1109/ICC59461.2026.11587911","","https://ieeexplore.ieee.org/stamp/stamp.jsp?arnumber=11587911","Digital-twin;honeypot;semantic communication;generative AI;6G networks;intelligent deception;explainable security","Digital twins;Algorithms;Printing;Modeling;Signal detection;Cells (biology);Dogs;Conferences;Security;Timing","","","","21","IEEE","14 Jul 2026","24-28 May 2026","24-28 May 2026","IEEE","IEEE Conferences"
"Digital Twin Architecture Design and Testbed Deployment for Satellite-Terrestrial Integrated Networks","L. Wang; X. Ma; J. Fan; F. Li; Y. Li","School of Physics and Information Technology, Shaanxi Normal University, Xi’an, China; School of Physics and Information Technology, Shaanxi Normal University, Xi’an, China; Information Construction and Management Department, Shaanxi Normal University, Xi’an, China; School of Electronics and Information Engineering, Sun Yat-sen University, Guangzhou, China; School of Telecommunications Engineering, Xidian University, Xi’an, China",IEEE Open Journal of the Communications Society,"9 Jan 2026","2026","7","","153","168","Satellite-Terrestrial Integrated Network (STIN), with its wider coverage and more flexible network structure over its counterparts, is a crucial application scenario for the Sixth Generation (6G) mobile communications. However, the depolyment of network infrastructure and verification of related technologies are challenging. Therefore, a novel test framework is urgently needed to advance research outputs on STINs. Motivated by the recent proliferation of Digital Twin (DT) technology, the DT empowered STIN platform has been considered as a key enabling technology for the future 6G-based Internet of Everything (IoE). Nevertheless, there is still a lack of effective cases of applying DT technology in STINs. In this work, we discuss the importance of DT technology for the research and development of STINs. The prototype of the Multilayer Modular Architecture (MMA) for the DT in STIN is proposed. Through a hierarchical and modular design, the model is made more versatile and extensible. Meanwhile, aiming at the difficulties in multiple access caused by the high dynamics and large-scale delays in STINs, we propose a lightweight multiple-access protocol and take it as an application case of MMA. Furthermore, the test platform and the deployment scheme that we suggest are presented. Finally, the test results show that MMA can correctly verify the working logic of the proposed protocol in STIN, which provides an important reference for future research in IoE technology.","2644-125X","","10.1109/OJCOMS.2025.3638849","Natural Science Basis Research Plan in Shaanxi Province of China(grant numbers:2025JC-YBMS-674); Technological Innovation Guidance Program (Fund)-Three Reforms-Performance-Based Evaluation(grant numbers:2025ZC-YYDP-51); Shaanxi Key Industrial Innovation China Project in Industrial Domain(grant numbers:2023-ZDLGY-15,2023-ZDLGY-51); Scientist + Engineer Team Building in Qinchuangyuan(grant numbers:2025QCY-KXJ-169); Key Research and Development Projects of Shaanxi Province(grant numbers:2025CY-YBXM-059); Shaanxi Key Project—Key Core Technology Research and Development—Future Emerging Industries Field(grant numbers:2025CG-GJHX-16); ","https://ieeexplore.ieee.org/stamp/stamp.jsp?arnumber=11271579","6G;DT;Internet of Everything (IoE);testbed;STIN","Testing;6G mobile communication;Satellites;Internet of Things;Space-air-ground integrated networks;Routing;Prototypes;Optimization;Switches;Reliability","","3","","42","CCBY","1 Dec 2025","2026","","IEEE","IEEE Journals"
"Federated Learning for Anomaly Detection in Open RAN: Security Architecture Within a Digital Twin","Y. Rumesh; D. Attanayaka; P. Porambage; J. Pinola; J. Groen; K. Chowdhury","VTT Technical Research Centre, Finland; VTT Technical Research Centre, Finland; VTT Technical Research Centre, Finland; VTT Technical Research Centre, Finland; Northeastern University, Boston, USA; Northeastern University, Boston, USA",2024 Joint European Conference on Networks and Communications & 6G Summit (EuCNC/6G Summit),"19 Jul 2024","2024","","","877","882","The Open Radio Access Network (Open RAN) specifies the evolution of RAN with a disaggregated, open and intelligent architecture to meet the requirements of next-generation networks. While this provides flexibility and optimization for RAN, it raises new security concerns, potentially increasing vulnerability to cyber threats through disaggregated elements. We introduce a security architecture that functions as a platform to evaluate configurations and train security algorithms within a Network Digital Twin (NDT), which is compliant with the O-RAN architecture defined by the O-RAN Alliance. The elements of the security architecture reside within the NDT and facilitate the training of machine learning (ML) models, which play a pivotal role in the O-RAN security operations. To exemplify this framework, we demonstrate a hierarchical Federated Learning (FL) based anomaly detection algorithm that can be applied for three traffic slices in O-RAN. We use Colosseum, an O-RAN-compliant emulation system, to generate time-series data for training. Our trained model is able to detect anomalous traffic and identify traffic slice types with over 99% accuracy.","2575-4912","979-8-3503-4499-8","10.1109/EuCNC/6GSummit60053.2024.10597083","Academy of Finland; ","https://ieeexplore.ieee.org/stamp/stamp.jsp?arnumber=10597083","Open Radio Access Network;Network digital twin;Anomaly detection;Federated learning","Training;Machine learning algorithms;Federated learning;Emulation;Open RAN;Digital twins;Security","","24","","14","IEEE","19 Jul 2024","3-6 June 2024","3-6 June 2024","IEEE","IEEE Conferences"
"Digital Twin-Empowered Network Planning for Multi-Tier Computing","C. Zhou; J. Gao; M. Li; X. Sherman Shen; W. Zhuang","Department of Electrical and Computer Engineering, University of Waterloo, Waterloo, ON, Canada; School of Information Technology, Carleton University, Ottawa, ON, Canada; Department of Electrical, Computer, and Biomedical Engineering, Toronto Metropolitan University, Toronto, ON, Canada; Department of Electrical and Computer Engineering, University of Waterloo, Waterloo, ON, Canada; Department of Electrical and Computer Engineering, University of Waterloo, Waterloo, ON, Canada",Journal of Communications and Information Networks,"30 Sep 2022","2022","7","3","221","238","In this paper, we design a resource management scheme to support stateful applications, which will be prevalent in sixth generation (6G) networks. Different from stateless applications, stateful applications require context data while executing computing tasks from user terminals (UTs). Using a multi-tier computing paradigm with servers deployed at the core network, gateways, and base stations to support stateful applications, we aim to optimize long-term resource reservation by jointly minimizing the usage of computing, storage, and communication resources and the cost of reconfiguring resource reservation. The coupling among different resources and the impact of UT mobility create challenges in resource management. To address the challenges, we develop digital twin (DT) empowered network planning with two elements, i.e., multi-resource reservation and resource reservation reconfiguration. First, DTs are designed for collecting UT status data, based on which UTs are grouped according to their mobility patterns. Second, an algorithm is proposed to customize resource reservation for different groups to satisfy their different resource demands. Last, a Meta-learning-based approach is developed to reconfigure resource reservation for balancing the network resource usage and the reconfiguration cost. Simulation results demonstrate that the proposed DT-empowered network planning outperforms benchmark frameworks by using less resources and incurring lower reconfiguration costs.","2509-3312","","10.23919/JCIN.2022.9906937","","https://ieeexplore.ieee.org/stamp/stamp.jsp?arnumber=9906937","6G;digital twin;network planning;multitier computing;Meta-learning","Servers;Task analysis;Planning;Delays;Resource management;Costs;6G mobile communication","","29","","","","30 Sep 2022","Sept. 2022","","PTP","PTP Journals"
"Using network simulators as digital twins of 5G/B5G mobile networks","G. Nardini; G. Stea","Dipartimento di Ingegneria dell’Informazione, University of Pisa, Pisa, Italy; Dipartimento di Ingegneria dell’Informazione, University of Pisa, Pisa, Italy","2022 IEEE 23rd International Symposium on a World of Wireless, Mobile and Multimedia Networks (WoWMoM)","9 Aug 2022","2022","","","584","589","Digital Twins (DTs) have been proposed as digital replicas of physical entities (e.g., manufacturing plants), which one can observe and interact with, e.g., to perform what-if analysis. In this paper, we argue that mobile networks need DTs as well, and network simulators appear to be promising candidates to fulfill that role. We discuss the challenges that need be addressed to make this happen, e.g., centralized vs. distributed implementation, gathering input from the physical network, security issues and hosting, and the possibilities offered by network simulation in terms of what-if analysis, defining the concepts of lockstep and branching analysis. We exemplify the above concepts using Simu5G, a popular 5G/B5G simulation library for OMNeT++, as a reference case study.","","978-1-6654-0876-9","10.1109/WoWMoM54355.2022.00091","Ministry of Education; European Commission; ","https://ieeexplore.ieee.org/stamp/stamp.jsp?arnumber=9842839","Network Digital Twin;Simu5G;emulation;simulation;mobile networks","Wireless communication;Power demand;Statistical analysis;Microprocessors;Computer architecture;Network security;Throughput","","9","","19","IEEE","9 Aug 2022","14-17 June 2022","14-17 June 2022","IEEE","IEEE Conferences"
"An Evaluation of AI-RAN Techniques based on Network Digital Twin with Hardware-in-the-Loop","A. V. Rodríguez; S. Cammerer; P. Pietraski; J. Hoydis; J. Kaewell; C. N. Manchón","Keysight Technologies, Spain; NVIDIA; InterDigital, USA; NVIDIA; InterDigital, USA; Keysight Technologies, Spain",2025 IEEE International Conference on Machine Learning for Communication and Networking (ICMLCN),"3 Sep 2025","2025","","","1","2","We present a testbed to experimentally evaluate the use of artificial intelligence (AI) and machine learning techniques in the physical layer of future mobile networks. The testbed relies on the use of a digital twin of the propagation environment which, via ray-tracing, is used to generate realistic channel responses tied to a particular (digital) deployment site. Arbitrary waveform generators are used to create standard-compliant 5G radiofrequency (RF) signals whose convolution with the channel is emulated with Keysight's radio channel emulator PROPSIM. After channel convolution, the signal is processed by a commercial O-RAN radio unit by LiteOn, which delivers the digitized samples to a server for AI processing. With this setup, we illustrate two use cases: 1) a neural receiver developed by NVIDIA, capable of multi-user MIMO detection and decoding, and 2) an AI system for activity detection and classification using RF signals, developed by InterDigital.","","979-8-3315-2042-7","10.1109/ICMLCN64995.2025.11140507","","https://ieeexplore.ieee.org/stamp/stamp.jsp?arnumber=11140507","","Radio frequency;Wireless communication;Training;Convolution;RF signals;Open RAN;Machine learning;Signal generators;Transceivers;Digital twins","","","","8","IEEE","3 Sep 2025","26-29 May 2025","26-29 May 2025","IEEE","IEEE Conferences"
"Towards a Wireless Network Digital Twin Model: A Heterogeneous Graph Neural Network Approach","J. Perdomo; M. A. Gutierrez-Estevez; C. Zhou; J. F. Monserrat","Munich Research Center, Huawei Technologies Duesseldorf GmbH, Munich, Germany; Munich Research Center, Huawei Technologies Duesseldorf GmbH, Munich, Germany; Munich Research Center, Huawei Technologies Duesseldorf GmbH, Munich, Germany; ITEAM Research Institute, Universitat Politècnica de València, Valencia, Spain",2023 IEEE International Conference on Communications Workshops (ICC Workshops),"23 Oct 2023","2023","","","29","35","A digital twin of wireless networks can enable the ability to safely and rapidly recreate what-if scenarios of mobile networks for more efficient and intelligent network optimization and planning. In this work, we present a novel digital twin model of wireless networks based on Heterogeneous Message Passing Graph Neural Networks (HMPGNNs). Our digital twin model represents wireless network nodes and the underlying wireless phenomena between them as nodes and edges of different type in a heterogeneous graph. Heterogeneous graphs are fed as samples into the HMPGNN model so that the model learns to simulate the underlying wireless phenomena. Results using system-level simulations to train and evaluate our proposal, show that our approach accurately and efficiently captures the dynamics of wireless networks to produce accurate reconstruction of downlink data rates of all users while also generalizing to network deployments unseen during training.","2694-2941","979-8-3503-3307-7","10.1109/ICCWorkshops57953.2023.10283757","","https://ieeexplore.ieee.org/stamp/stamp.jsp?arnumber=10283757","wireless network modeling;heterogeneous graph neural network;beyond 5G;mobility","Training;Runtime;Wireless networks;Computational modeling;Message passing;Conferences;Downlink","","4","","21","IEEE","23 Oct 2023","28 May-1 June 2023","28 May-1 June 2023","IEEE","IEEE Conferences"
"Integrated Cellular and Cell-Free Communication Systems Toward Global Connectivity: Motivations, Challenges, and Research Roadmap","I. Ahmed; M. Z. Hassan; M. Haider; K. Hasan","Department of Electrical Engineering and Computer Science, Howard University, Washington, DC, USA; Department of Electrical and Computer Engineering, Université Laval, Quebec, QC, Canada; Howard University, Washington, DC, USA; Tennessee State University, Nashville, TN, USA",IT Professional,"25 Sep 2024","2024","26","4","29","35","Ensuring global connectivity and bridging the digital divide among urban, rural, and remote communities are the fundamental visions of 6G networks. Although various technologies, such as nonterrestrial networks, small cells, and wireless backhaul, are envisioned to enable global connectivity, their coexistence with the conventional cellular network architecture requires investigations. Meanwhile, 6G architecture is expected to accommodate a user-centric cell-free network, thanks to its robustness against inter-cell interference and offering macro-diversity. In this article, we propose a convergence of the conventional cellular and evolving cell-free communication networks to provide seamless coverage over vast geographical areas. The paper makes the following contributions. It introduces an architecture for integrated cell-free and cellular (ICFC) networks, incorporating digital twin technology and context-aware design. The paper emphasizes artificial intelligence-driven methods for managing radio resources and ensuring security. Additionally, we explore research avenues to enhance ICFC networks for seamless connectivity in the 6G era.","1941-045X","","10.1109/MITP.2024.3433511","","https://ieeexplore.ieee.org/stamp/stamp.jsp?arnumber=10693484","","6G mobile communication;Wireless communication;Systematics;Interference;Network architecture;Robustness;Communication networks;Urban areas;Global communication;Digital divide;Rural areas;Cellular networks","","7","","20","IEEE","25 Sep 2024","July-Aug. 2024","","IEEE","IEEE Magazines"
"Descriptor: Channel State Information for Digital Twin Dataset (CSI-DT)","P. Malhan; A. Puthukkulam; M. P. R. Sai Kiran; A. K. Singh","Indian Institute of Technology Jodhpur, Jodhpur, Rajasthan, India; Indian Institute of Technology Jodhpur, Jodhpur, Rajasthan, India; SKIoT Technologies Private Limited, Hyderabad, Telangana, India; Indian Institute of Technology Jodhpur, Jodhpur, Rajasthan, India",IEEE Data Descriptions,"18 Jun 2026","2026","3","","453","462","The concept of digital twin (DT) technology is growing in wireless systems to support data-driven decision-making, automated service management, and enhanced network performance. Channel State Information (CSI) datasets are a fundamental requirement for modeling and validation of DTs. However, the scarcity of real-time CSI datasets limits the accurate validation and calibration of such models. To address this, the article presents a highresolution CSI dataset collected using an indoor 5G NR (New Radio) testbed under two distinct measurement scenarios. The first scenario corresponds to measurements acquired inside a laboratory environment representing a short-range propagation setting with limited channel variability. The second scenario corresponds to measurements conducted along an indoor corridor outside the laboratory. In this scenario, two predefined paths were traversed to characterize distance-dependent path loss and environment-induced multipath propagation, shadowing, and blockage effects. By capturing CSI across multiple spatial scenarios, the dataset provides essential ground truth for constructing and validating DTs under realistic propagation conditions. The dataset is further validated using spatial and temporal analysis to evaluate its suitability for DTs and other artificial intelligence (AI)-based applications. IEEE SOCIETY/COUNCIL Communications Society (ComSoc) DATA TYPE/LOCATION Spatially indexed data; Indian Institute of Technology Jodhpur, Rajasthan, India DATA DOI/PID https://dx.doi.org/10.21227/0c4z-r920","2995-4274","","10.1109/IEEEDATA.2026.3698409","Centre for Development of Telematics (C-DOT) via Telecom Technology Development Fund (TTDF); Department of Telecommunications (DoT); Government of India, through the project Automated Service Management in 5G and Beyond Networks using AI; ","https://ieeexplore.ieee.org/stamp/stamp.jsp?arnumber=11539960","CSI dataset;channel quality indicator (CQI);digital twin (DT);indoor scenario","Modeling;Measurement;5G mobile communication;Digital twins;Data collection;Correlation;Licenses;Signal to noise ratio;Matrices;Timing","","","","14","CCBYNCND","29 May 2026","2026","","IEEE","IEEE Journals"
"What-if Analysis Framework for Digital Twins in 6G Wireless Network Management","E. Ak; B. Canberk; V. Sharma; O. A. Dobre; T. Q. Duong","Department of Computer Engineering, Istanbul Technical University, Istanbul, Turkey; School of Engineering and Built Environment, Edinburgh Napier University, Edinburgh, UK; Queen’s University Belfast, Belfast, UK; Memorial University, St. Johns, Canada; Queen’s University Belfast, Belfast, UK",2024 International Wireless Communications and Mobile Computing (IWCMC),"17 Jul 2024","2024","","","232","237","This study explores implementing a digital twin network (DTN) for efficient 6 G wireless network management, aligning with the fault, configuration, accounting, performance, and security (FCAPS) model. The DTN architecture comprises the Physical Twin Layer, implemented using NS-3, and the Service Layer, featuring machine learning and reinforcement learning for optimizing carrier sensitivity threshold and transmit power control in wireless networks. We introduce a robust “What-if Analysis” module, utilizing conditional tabular generative adversarial network for synthetic data generation to mimic various network scenarios. These scenarios assess four network performance metrics: throughput, latency, packet loss, and coverage. Our findings demonstrate the efficiency of the proposed what-if analysis framework in managing complex network conditions, highlighting the importance of the scenario-maker and the impact of twinning intervals on network performance.","2376-6506","979-8-3503-6126-1","10.1109/IWCMC61514.2024.10592526","","https://ieeexplore.ieee.org/stamp/stamp.jsp?arnumber=10592526","","6G mobile communication;Wireless sensor networks;Sensitivity;Wireless networks;Power control;Reinforcement learning;Throughput","","14","","18","IEEE","17 Jul 2024","27-31 May 2024","27-31 May 2024","IEEE","IEEE Conferences"
"Future Factories With 6G: Agentic AI and Cyber–Physical Digital Twins","H. Li; H. Madhukumar; N. Methley; X. Chen; Y. Wu; J. Parra-Ullauri; V. Sharma; J. Lee; A. Ryo Koblitz; M. Andrews; S. Liu; Y. Deng; O. Y. Kolawole; A. Tassi; D. Simeonidou","Department of Electrical and Electronic Engineering, High Performance Networks Group, Smart Internet Lab, University of Bristol, Bristol, U.K.; Department of Electrical and Electronic Engineering, High Performance Networks Group, Smart Internet Lab, University of Bristol, Bristol, U.K.; Department of Electrical and Electronic Engineering, High Performance Networks Group, Smart Internet Lab, University of Bristol, Bristol, U.K.; Department of Electrical and Electronic Engineering, High Performance Networks Group, Smart Internet Lab, University of Bristol, Bristol, U.K.; Department of Electrical and Electronic Engineering, High Performance Networks Group, Smart Internet Lab, University of Bristol, Bristol, U.K.; BT Group, University of Bristol, Bristol, U.K.; Nokia Bell Labs, Cambridge, U.K.; Nokia Bell Labs, Cambridge, U.K.; Nokia Bell Labs, Cambridge, U.K.; Nokia Bell Labs, Cambridge, U.K.; King’s College London, London, U.K.; King’s College London, London, U.K.; Samsung Electronics Research and Development Institute, Surrey, U.K.; Samsung Electronics Research and Development Institute, Surrey, U.K.; Department of Electrical and Electronic Engineering, High Performance Networks Group, Smart Internet Lab, University of Bristol, Bristol, U.K.",IEEE Internet of Things Journal,"24 Apr 2026","2026","13","9","17990","18006","Industry 5.0 envisions a cyber–physical future where humans and robots collaborate harmoniously, empowered by 6G connectivity and intelligent automation. Central to this vision is the ability to autonomously configure complex production pipelines based on diverse and evolving human intents. Existing orchestration technologies exhibit critical shortcomings in terms of self-learning, validation, error diagnosis, and rectification capabilities. To this end, we propose an Agentic AI orchestration framework that interprets human intents and dynamically assembles optimal technology pipelines using a self-improving, retrieval-augmented large language model (LLM) and a Bayesian contextual-bandit selector. This enables dynamic adaptation in unpredictable factory environments. Our solution is validated in a cyber–physical testbed integrating digital twins (DTs), distributed AI, robotics, and real-world network infrastructure. Compared to baseline LLMs, our system reduces orchestration iterations by over 94% for a given intent and by around 90% for an unseen intent, showing rapid convergence and strong generalization. Real-world deployments mirror DT results, confirming both the fidelity of the simulation and the practical value of intent-driven orchestration for human-centric manufacturing.","2327-4662","","10.1109/JIOT.2025.3623075","U.K.-funded Project REASON through the Future Open Networks Research Challenge sponsored by the Department of Science, Innovation and Technology (DSIT); NVIDIA Academic Grant Program and the U.K. Engineering and Physical Sciences Research Council (EPSRC) for TITAN Telecoms Hub(grant numbers:EP/Y037243/1,EP/X04047X/2); ","https://ieeexplore.ieee.org/stamp/stamp.jsp?arnumber=11207697","Agentic AI;digital twin (DT);large language model (LLM);network system automation;retrieval augmented generation;smart factory","Pipelines;Robots;Production facilities;Artificial intelligence;6G mobile communication;Smart manufacturing;Drones;Videos;Optimization;Monitoring","","6","","42","IEEE","20 Oct 2025","1 May1, 2026","","IEEE","IEEE Journals"
"Fault diagnosis of 5G networks based on digital twin model","X. Zhu; L. Zhao; J. Cao; J. Cai","The College of Telecommunications & Information Engineering, Nanjing University of Posts and Telecommunications, Jiangsu 210003, China; The College of Telecommunications & Information Engineering, Nanjing University of Posts and Telecommunications, Jiangsu 210003, China; The College of Telecommunications & Information Engineering, Nanjing University of Posts and Telecommunications, Jiangsu 210003, China; The College of Telecommunications & Information Engineering, Nanjing University of Posts and Telecommunications, Jiangsu 210003, China",China Communications,"26 Jul 2023","2023","20","7","175","191","Fault diagnosis of 5G networks faces the challenges of heavy reliance on human experience and insufficient fault samples and relevant monitoring data. The digital twin technology can realize the interaction between virtual space and physical space through the fusion of model and data, providing a new paradigm for fault diagnosis. In this paper, we first propose a network digital twin model and apply it to 5G network diagnosis. We then use an improved Average Wasserstein GAN with Gradient Penalty (AWGAN-GP) method to discover and predict failures in the twin network. Finally, we use XGBoost algorithm to locate the faults in physical network in real time. Extensive simulation results show that the proposed approach can significantly increase fault prediction and diagnosis accuracy in the case of a small number of labeled failure samples in 5G networks.","1673-5447","","10.23919/JCC.2023.00.040","","https://ieeexplore.ieee.org/stamp/stamp.jsp?arnumber=10056815","5G networks;fault diagnosis;digital twin;AWGAN-GP;a small number of samples","Digital twins;5G mobile communication;Fault diagnosis;Generative adversarial networks;Data models;Training;Predictive models","","8","","","","28 Feb 2023","July 2023","","IEEE","IEEE Magazines"
"Research and Application of Configuration System in Core Network Based on Digital Twin","Y. Zheng; C. Lin; S. Huang; W. Li; K. Wang; J. Lou","China Mobile Group Zhejiang Co., Ltd, Hangzhou, Zhejiang, China; China Mobile Group Zhejiang Co., Ltd, Hangzhou, Zhejiang, China; China Mobile Group Zhejiang Co., Ltd, Hangzhou, Zhejiang, China; China Mobile Research Institute, Beijing, China; China Mobile Group Zhejiang Co., Ltd, Hangzhou, Zhejiang, China; China Mobile Group Zhejiang Co., Ltd, Hangzhou, Zhejiang, China","2022 IEEE 5th Advanced Information Management, Communicates, Electronic and Automation Control Conference (IMCEC)","26 Jan 2023","2022","5","","293","297","With the rapid development of IoT and 5G technology, the core network of operators is becoming more and more complex, which makes it difficult for traditional network configuration methods to meet the explosive business needs. Therefore, based on digital twin technology, we first combine atoms and various types of data. Then, through capability modules such as atomic arrangement and capability control, twin services are constructed to complete the mapping between physical entity and twin entity from the perspective of services. Finally, the upper application realizes the prediction and analysis of the physical entity by invoking the twin service. The twin configuration system developed in this paper can effectively overcome the shortcomings of traditional methods and improve the ability of network operation and maintenance.","2693-2776","978-1-6654-7968-4","10.1109/IMCEC55388.2022.10020133","","https://ieeexplore.ieee.org/stamp/stamp.jsp?arnumber=10020133","Digital twin;core network;network configuration;atomic capability;operating maintenance","Industries;Costs;5G mobile communication;Maintenance engineering;Explosives;Data models;Digital twins","","3","","17","IEEE","26 Jan 2023","16-18 Dec. 2022","16-18 Dec. 2022","IEEE","IEEE Conferences"
"WIND: A Wireless Intelligent Network Digital Twin for Federated Learning and Multi-Layer Optimization","S. K. Singh; I. -S. Comsa; R. Trestian; L. V. Cakir; R. Singh; A. Kaushik; B. Canberk; P. Shah; B. Kumbhani; S. Darshi","Department of Electrical Engineering, Indian Institute of Technology Ropar, Rupnagar, India; Institute for Research in Open, Distance and eLearning, Swiss Distance University of Applied Sciences, Brig, Switzerland; London Digital Twin Research Centre, Middlesex University, London, U.K; School of Computing, Engineering and Built Environment, Edinburgh Napier University, Edinburgh, U.K; Department of Electronics and Communication, Dr. B. R. Ambedkar National Institute of Technology Jalandhar, Jalandhar, India; Department of Computing and Mathematics, Manchester Metropolitan University, Manchester, U.K; School of Computing, Engineering and Built Environment, Edinburgh Napier University, Edinburgh, U.K; London Digital Twin Research Centre, Middlesex University, London, U.K; Department of Electrical Engineering, Indian Institute of Technology Ropar, Rupnagar, India; Department of Electrical Engineering, Indian Institute of Technology Ropar, Rupnagar, India",IEEE Communications Standards Magazine,"12 Sep 2025","2025","9","3","136","144","The forthcoming wireless network is expected to support a wide range of applications, from supporting autonomous vehicles to massive Internet of Things (IoT) deployments. However, the coexistence of diverse applications under a unified framework presents several challenges, including seamless resource allocation, latency management, and system-wide optimization. Considering these requirements, this paper introduces WIND (Wireless Intelligent Network Digital Twin), a self-adaptive, self-regulating, and self-monitoring framework that integrates Federated Learning (FL) and multi-layer digital twins to optimize wireless networks. Unlike traditional Digital Twin (DT) models, the proposed framework extends beyond network modeling, incorporating both communication infrastructure and application-layer DTs to create a unified, intelligent, and context-aware wireless ecosystem. Besides, WIND utilizes local Machine Learning (ML) models at the edge node to handle low-latency resource allocation. At the same time, a global FL framework ensures long-term network optimization without centralized data collection. This hierarchical approach enables dynamic adaptation to traffic conditions, providing improved efficiency, security, and scalability. Moreover, the proposed framework is validated through a case study on federated reinforcement learning for radio resource management. Furthermore, the paper emphasizes the essential aspects, including the associated challenges, standardization efforts, and future directions opening the research in this domain.","2471-2833","","10.1109/MCOMSTD.2025.3575511","Institutional seed grant by the Dr. B. R. Ambedkar National Institute of Technology Jalandhar, Jalandhar, Punjab; ","https://ieeexplore.ieee.org/stamp/stamp.jsp?arnumber=11029276","5G;Digital Twin;Artifical Intelligence;Machine Learning;Federated Learning;Radio Resource Management;Multi-Layer Optimization","Optimization;Resource management;Real-time systems;Adaptation models;Wireless networks;Digital twins;Quality of service;Data models;Training;Autonomous vehicles;Internet of Things;Intelligent networks;Federated learning;Context modeling;Communication system security;Vehicle dynamics","","5","","15","IEEE","10 Jun 2025","Sept. 2025","","IEEE","IEEE Magazines"
"Service Discovery and Provisioning in Social Digital Twin Networks: a Name-based Approach","M. Amadeo; G. Ruggeri; C. Marche; M. Nitti","university mediterranea of  reggio, calabria, italy; university mediterranea of  reggio, calabria, italy; university of cagliari, italy; university of cagliari, italy","2024 20th International Conference on Wireless and Mobile Computing, Networking and Communications (WiMob)","4 Dec 2024","2024","","","295","300","Digital Twin (DT) technology is expected to cover a crucial role in a variety of 6G application scenarios, including smart automotive, smart home and smart city. By leveraging advanced Artificial Intelligence (AI) modules alongside cutting-edge communication and networking architectures, DTs will be able to develop cognitive and social skills and build relationships with each other, thus facilitating the sharing of services and experience. However, in current implementations, DTs typically engage with their physical counterpart only, for predictive main-tenance and optimization, while protocols for inter-twin commu-nications and service discovery are still unexplored. In this paper, we focus on service discovery and provisioning in DT networks hosted at the network edge. In our design, the Social Internet of Things (SIoT) notion is applied to build social networks among DTs and, in parallel, name-based primitives, according to the Information Centric Networking (ICN) paradigm, are consid-ered to support inter-twin interactions. Two distributed name-based service discovery mechanisms are envisioned: a social-driven scheme, leveraging friendship and similarities among DTs' names, and a network-driven scheme, leveraging the ICN forwarding fabric only. A performance evaluation shows the benefits of the conceived solution in terms of reduced discovery latency compared to legacy centralized approaches.","2160-4894","979-8-3503-8744-5","10.1109/WiMob61911.2024.10770426","","https://ieeexplore.ieee.org/stamp/stamp.jsp?arnumber=10770426","Digital Twin;Social Internet of Things;Information Centric Networking;Intertwin Communications","Wireless communication;Performance evaluation;Protocols;Social networking (online);Smart cities;Smart homes;Social Internet of Things;Digital twins;Artificial intelligence;Optimization","","5","","22","IEEE","4 Dec 2024","21-23 Oct. 2024","21-23 Oct. 2024","IEEE","IEEE Conferences"
"Real-Time Network Digital Twin: Experimental Setup for Proof of Concept","O. Stenhammar; S. Sorrentino; F. Chernogorov; R. Blasco; G. Fodor; C. Fischione","Ericsson Research Sweden and Finland; Ericsson Research Sweden and Finland; Ericsson Research Sweden and Finland; Ericsson Research Sweden and Finland; Ericsson Research Sweden and Finland; KTH Royal Institute of Technology, Sweden",IEEE Wireless Communications,"27 May 2025","2025","32","3","114","121","Network digital twins (NDTs) are virtual representations of network assets and processes, such as in 5G or 6G networks, synchronized with physical properties. NDTs can be leveraged for network monitoring, automation, and optimization tasks. Simulations and predictions from the NDT can be provided to scout the feasibility of important processes from a network connectivity quality perspective. The real-time modeling of a key performance indicator (KPI) enables continuous network management. This article presents results and insights from a proof-of-concept NDT for an enterprise use case using real-time data from commercially available communication equipment. Neural networks, assisted by comprehensive feature selection and extraction, are integrated into the NDT to model the KPI, namely the downlink user throughput. KPI evaluations from the NDT are provided based on requests from the real-world generated demanding scenarios. The results provide general insights into an accurate real-time N DT that can support continuous network configuration updates.","1558-0687","","10.1109/MWC.001.2400462","Knut and Alice Wallenberg Foundation; ","https://ieeexplore.ieee.org/stamp/stamp.jsp?arnumber=11016216","","Key performance indicator;Predictive models;Throughput;Feature extraction;Downlink;Real-time systems;Digital twins;Synchronization;Optimization;Monitoring","","2","","15","IEEE","27 May 2025","June 2025","","IEEE","IEEE Magazines"
"Looking Ahead","S. Balasubramanian",NA,Mobile Communication Systems for Private Networks,"","2025","","","551","561","Summary <p>Private networks are one of the key growth areas for wireless communications. This book has detailed the fundamentals of LTE and NR systems, covered the key technological aspects involved in deploying private networks and illustrated some potential use cases / industry verticals in play now. All this is very much in its infancy and will rapidly evolve as the demands of the market change. This chapter provides some leading thoughts to where the standards and the industry is heading towards and with pointers to where the reader can pursue further investigations. The spectrum aspects, AI / ML (artificial intelligence / machine learning), some of potential use case evolution including private network integration, digital twins, Metaverse, use of block chains are discussed. With costs for these deployments being a primary driver, aspects of commoditizing LTE and NR device in the both the network and end user devices is presented.</p>","","9781394201815","10.1002/9781394201822.oth","","https://ieeexplore.ieee.org/xpl/ebooks/bookPdfWithBanner.jsp?fileName=10854721.pdf&bkn=10854693&pdfType=chapter","","","","","","","","27 Jan 2025","","","IEEE","Wiley-IEEE Press eBook Chapters"
"Digital Twins for Next-Generation Mobile Networks: Applications and Solutions","N. Apostolakis; L. E. Chatzieleftheriou; D. Bega; M. Gramaglia; A. Banchs","IMDEA Networks Institute, Spain; IMDEA Networks Institute, Spain; Nokia Bell Labs, Germany; Nokia Bell Labs, Germany; IMDEA Networks Institute, Spain",IEEE Communications Magazine,"23 Nov 2023","2023","61","11","80","86","Digital Twins (DTs) create fully-synchronized virtual representations of real-world systems, which can serve as interactive counterparts for artificial intelligence (AI) and machine learning (ML) algorithms, and hold significant importance for the upcoming 6G mobile networks. In this article we argue that DTs can improve all phases of the intelligent networks' workflow due to their adaptability and scalability properties that would allow them to transparently integrate new AI/ML algorithms faster, more scalably, and with better precision. Our contribution is two-fold: first, we propose three specific application scenarios of DT-enhanced network architectures in the context of 6G. Second, using open-source tools, we implement and evaluate in detail one of the scenarios. Our results demonstrate that our DT reflects the characteristics of the physical object, successfully and scalably twinning it, and adapting it to changing contextual conditions.","1558-1896","","10.1109/MCOM.001.2200854","","https://ieeexplore.ieee.org/stamp/stamp.jsp?arnumber=10121572","","6G mobile communication;Behavioral sciences;Real-time systems;Digital twins;Data models;Training;Predictive models","","32","","15","IEEE","8 May 2023","November 2023","","IEEE","IEEE Magazines"
"Hierarchical Digital Twin-Assisted RAN Resource Scheduling in Low-Altitude Scenarios","J. Yao; B. Li; L. Zhou; T. Liang; S. Zhang; M. Guizani","School of Information Engineering, Guangdong University of Technology, Guangzhou, China; School of Information Engineering, Guangdong University of Technology, Guangzhou, China; Singapore University of Technology and Design, Singapore, Singapore; School of Information Science and Technology, Harbin Institute of Technology (Shenzhen), Shenzhen, China; Singapore University of Technology and Design, Singapore, Singapore; Mohamed Bin Zayed University of Artificial Intelligence (MBZUAI), Abu Dhabi, UAE",IEEE Transactions on Vehicular Technology,"","2026","PP","99","1","6","Radio Access Network (RAN) has been attracting wide attentions which can serve mobile applications to meet time-critical requirements in 6G scenarios, such as Uncrewed Aerial Vehicles (UAVs)-based parcel distributions. The reason behind this is to enable a RAN slicing technology to achieve customized resource scheduling for data transmission. Nonetheless, conventional RAN slicing solutions usually focus on RAN network optimization, while neglecting the impact of UAV data volume on slicing performance. To address this, we propose a Hierarchical Digital Twin (DT)-Assisted RAN Resource Scheduling (HDT-RAN) framework. In this framework, we derive two DT modules: UAV-DT and RAN-DT. The UAV-DT can imitate UAV state to dynamically adjust data compression ratios using a Contextual Multi-Armed Bandit (Contextual MAB) method. The RAN-DT can imitate RAN states to accurately predict network node loads with a hybrid-sampling attention mechanism. Experimental results show that our solution performs feasible compression ratios and reduces network loads significantly compared to baseline methods.","1939-9359","","10.1109/TVT.2026.3706174","","https://ieeexplore.ieee.org/stamp/stamp.jsp?arnumber=11574549","AI-native radio access network;digital twin;RAN resource scheduling;multi-agent reinforcement learning","Radio access networks;Regional area networks;Modeling;Optimization;Loading;Algorithms;Timing;Autonomous aerial vehicles;Scheduling;Data compression","","","","","IEEE","22 Jun 2026","","","IEEE","IEEE Early Access Articles"
"A Digital Twin Approach for Self-optimization of Mobile Networks","J. Deng; Q. Zheng; G. Liu; J. Bai; K. Tian; C. Sun; Y. Yan; Y. Liu","Future Mobile Technology Lab, China Mobile Research Institute, Beijing, China; Future Mobile Technology Lab, China Mobile Research Institute, Beijing, China; Future Mobile Technology Lab, China Mobile Research Institute, Beijing, China; Beijing University of Posts and Telecommunications, Beijing, China; Beijing University of Posts and Telecommunications, Beijing, China; Beijing University of Posts and Telecommunications, Beijing, China; Beijing University of Posts and Telecommunications, Beijing, China; Beijing University of Posts and Telecommunications, Beijing, China",2021 IEEE Wireless Communications and Networking Conference Workshops (WCNCW),"7 May 2021","2021","","","1","6","Most of the methods in operators' current 5G networks use expert knowledge assisted by machine learning algorithms to generate optimization decisions. However, these methods are inadaptive to the dynamic changes of high-dimensional network states, thus the result is often suboptimal. Reinforcement learning can better cope with high-dimensional network state space and parameter space. However, when applied to real network, challenges arise such as difficult to obtain data samples, time-consuming and risky to explore real networks during model training. To solve these problems, this paper proposes a combined approach of expert knowledge, reinforcement learning and digital twin for the self-optimization of mobile networks. By constructing a digital twin of the current network, the future network state is predicted based on which optimization decisions are generated by expert knowledge and reinforcement learning respectively, and then input into the digital twin. Digital twin simulates their rewards and decides a final action for execution. Simulation results have confirmed that the proposed scheme can achieve higher rewards than either expert knowledge or reinforcement learning, and can avoid negative impact on real network performance. This paper also describes several potential application scenarios for the proposed approach in 6G networks and discusses key issues for future research.","","978-1-7281-9507-0","10.1109/WCNCW49093.2021.9420037","","https://ieeexplore.ieee.org/stamp/stamp.jsp?arnumber=9420037","mobile network self-optimization;digital twinning;reinforcement learning","Knowledge engineering;Training;6G mobile communication;Machine learning algorithms;Digital twin;Conferences;Simulation","","56","","14","IEEE","7 May 2021","29-29 March 2021","29-29 March 2021","IEEE","IEEE Conferences"
"Digital Twin as a Service for 6G Radio Access Networks: Functional Model and Key Challenges","D. Campoy; I. Vilà; J. Pérez-Romero; O. Sallent","Universitat Politècnica de Catalunya (UPC), Barcelona, Spain; Universitat Politècnica de Catalunya (UPC), Barcelona, Spain; Universitat Politècnica de Catalunya (UPC), Barcelona, Spain; Universitat Politècnica de Catalunya (UPC), Barcelona, Spain",2025 31st International Conference on Telecommunications (ICT),"26 Jun 2025","2025","","","1","7","This paper presents a scalable and flexible functional model for the 6G-Radio Access Network Digital Twin (6G-RANDT), designed through a service-oriented approach to support next-generation radio access network optimization and intelligent management. The proposed model includes an application programming interface for seamless interaction with a 6G-RANDT consumer, 6G-RANDT instances for RAN emulation and simulation, and a 6G-RANDT orchestrator for management and data integration. Several 6G-RANDT typologies and measurement requirements are explored to address diverse use cases. Moreover, key challenges in 6GRANDT development are discussed. To evaluate the impact of modeling accuracy in 6G-RANDTs, we conducted a cellular capacity modeling experiment in which different 6G-RANDT instances were used to train a reinforcement learning (RL)based capacity-sharing algorithm. Results show that the impact of capacity modeling strategies on the 6G-RANDT instance accuracy and RL agent performance is highly dependent on the cell environment, emphasizing the need for tailored 6G-RANDT services based on specific RAN environment conditions and applications.","2993-1916","979-8-3315-1447-1","10.1109/ICT65093.2025.11046305","","https://ieeexplore.ieee.org/stamp/stamp.jsp?arnumber=11046305","6G;RAN;Digital Twin;functional model;network optimization;capacity modeling","6G mobile communication;Accuracy;Emulation;Data integration;Reinforcement learning;Data models;Digital twins;Optimization;Next generation networking;Radio access networks","","1","","27","IEEE","26 Jun 2025","28-29 April 2025","28-29 April 2025","IEEE","IEEE Conferences"
"Demo: Emulation Platform to Build Digital Twins of Edge Computing Environments","U. Muslim; S. Recker","Department of Computer Science, University of Applied Sciences and Arts, Dortmund, Germany; Department of Computer Science, University of Applied Sciences and Arts, Dortmund, Germany",2024 IEEE/ACM Symposium on Edge Computing (SEC),"1 Jan 2025","2024","","","512","514","A Digital Twin (DT) offers a significant advancement in network analysis, enabling the creation of precise and comprehensive digital representations of network environments at a relatively low cost. This technology leverages its sophisticated capability to precisely emulate the control plane behavior of hypervisors and network systems. This paper presents a demonstration of a hybrid system that seamlessly integrates physical hardware devices with network emulation, thereby increasing flexibility in validating a diverse range of use cases. The demonstration utilizes the containerlab tool for network emulation, facilitating the deployment of an application on an edge server while offloading the application's control logic to a physical client.","2837-4827","979-8-3503-7828-3","10.1109/SEC62691.2024.00062","","https://ieeexplore.ieee.org/stamp/stamp.jsp?arnumber=10818004","digital twin;network emulator;edge computing;containerlab","Virtual machine monitors;5G mobile communication;Emulation;Hardware;Digital twins;Servers;Usability;Wireless fidelity;Edge computing;Graphical user interfaces","","1","","18","IEEE","1 Jan 2025","4-7 Dec. 2024","4-7 Dec. 2024","IEEE","IEEE Conferences"
"A Graph Neural Network-Based Digital Twin for Network Slicing Management","H. Wang; Y. Wu; G. Min; W. Miao","Department of Computer Science, College of Engineering, Mathematics, and Physical Sciences, University of Exeter, Exeter, U.K.; Department of Computer Science, College of Engineering, Mathematics, and Physical Sciences, University of Exeter, Exeter, U.K.; Department of Computer Science, College of Engineering, Mathematics, and Physical Sciences, University of Exeter, Exeter, U.K.; Department of Computer Science, College of Engineering, Mathematics, and Physical Sciences, University of Exeter, Exeter, U.K.",IEEE Transactions on Industrial Informatics,"29 Oct 2021","2022","18","2","1367","1376","Network slicing has emerged as a promising networking paradigm to provide resources tailored for Industry 4.0 and diverse services in 5G networks. However, the increased network complexity poses a huge challenge in network management due to virtualized infrastructure and stringent quality-of-service requirements. Digital twin (DT) technology paves a way for achieving cost-efficient and performance-optimal management, through creating a virtual representation of slicing-enabled networks digitally to simulate its behaviors and predict the time-varying performance. In this article, a scalable DT of network slicing is developed, aiming to capture the intertwined relationships among slices and monitor the end-to-end (E2E) metrics of slices under diverse network environments. The proposed DT exploits the novel graph neural network model that can learn insights directly from slicing-enabled networks represented by non-Euclidean graph structures. Experimental results show that the DT can accurately mirror the network behaviour and predict E2E latency under various topologies and unseen environments.","1941-0050","","10.1109/TII.2020.3047843","Engineering and Physical Sciences Research Council(grant numbers:EP/R030863/1); ","https://ieeexplore.ieee.org/stamp/stamp.jsp?arnumber=9310275","Digital twins (DT);end-to-end (E2E) modeling;graph neural networks (GNN);network slicing","Network slicing;Quality of service;5G mobile communication;Topology;Resource management;Substrates;Monitoring","","191","","29","IEEE","29 Dec 2020","Feb. 2022","","IEEE","IEEE Journals"
"Synergizing AI and Digital Twins for Next-Generation Network Optimization, Forecasting, and Security","Z. Zhang; M. Fang; D. Chen; X. Yang; Y. Liu","North Carolina State University, USA; University of Louisville, USA; University of Maryland, USA; University of Maryland, USA; North Carolina State University, USA",IEEE Wireless Communications,"27 May 2025","2025","32","3","98","105","Digital network twins (DNTs) are virtual representations of physical networks designed to enable real-time monitoring, simulation, and optimization of network performance. When integrated with machine learning (ML) techniques, particularly federated learning (FL) and reinforcement learning (RL), DNTs emerge as powerful solutions for managing the complexities of network operations. This article presents a comprehensive analysis of the synergy of DNTs, FL, and RL techniques, showcasing their collective potential to address critical challenges in 6G networks. We highlight key technical challenges that need to be addressed, such as ensuring network reliability, achieving joint data-scenario forecasting, and maintaining security in high-risk environments. Additionally, we propose several pipelines that integrate DNT and ML within coherent frameworks to enhance network optimization and security. Case studies demonstrate the practical applications of our proposed pipelines in edge caching and vehicular networks. In edge caching, the pipeline achieves over 80 percent cache hit rates while balancing base station loads. Autonomous vehicular systems ensure a 100 percent no-collision rate, showcasing its reliability in safety-critical scenarios. By exploring these synergies, we offer insights into the future of intelligent and adaptive network systems that automate decision-making and problem-solving.","1558-0687","","10.1109/MWC.002.2400416","U.S. National Science Foundation(grant numbers:CNS-2312138,SaTC-2350075); ","https://ieeexplore.ieee.org/stamp/stamp.jsp?arnumber=11016253","","6G mobile communication;Adaptive systems;Decision making;Real-time systems;Security;Reliability;Forecasting;Vehicle dynamics;Optimization;Digital twins;Artificial intelligence","","5","","15","IEEE","27 May 2025","June 2025","","IEEE","IEEE Magazines"
"Computing Force Network self-intelligence Based on Intent Driven and Digital Twin","X. Li; Y. Cai; J. Tian","6G Research Centre, China Telecom Beijing Research Institude, Beijing, China; 6G Research Centre, China Telecom Beijing Research Institude, Beijing, China; 6G Research Centre, China Telecom Beijing Research Institude, Beijing, China",2023 3rd International Conference on Electronic Information Engineering and Computer Science (EIECS),"21 Feb 2024","2023","","","929","936","Introducing intent-driven network technology and digital twin network technology into the computing force network can solve the problem of unified management and scheduling of the computing force network and the high delay of data routing. Intent-driven network, based on technologies such as AI (artificial intelligence) and NFV (network function virtualization), can translate the service, performance and networking intents expected by users or operators into actual networking policies, so as to realize efficient and flexible reconfiguration of computing force networks. Digital twin network realizes efficient analysis, diagnosis and control of the computing force network by high-fidelity virtual real-time interaction. Combining intent-driven and digital twin, a self-intelligent optimization process of computing force network is proposed, which realizes the low delay self-organizing closed-loop control of user intent-based computing force network and the cross-domain regulation of computing force resources.","","979-8-3503-1667-4","10.1109/EIECS59936.2023.10435576","","https://ieeexplore.ieee.org/stamp/stamp.jsp?arnumber=10435576","computing force network;intent-driven;digital twin","Processor scheduling;Force;Routing;Digital twins;Network function virtualization;Delays;Artificial intelligence","","2","","13","IEEE","21 Feb 2024","22-24 Sept. 2023","22-24 Sept. 2023","IEEE","IEEE Conferences"
"Integrate: Intent-Driven Router Queue Depth Configuration via Reinforcement Learning","A. Kattepur; P. Batista; A. Previti; K. Vandikas","Ericsson Research Artificial Intelligence, Bangalore, India; Ericsson Research Artificial Intelligence, Kista, Sweden; Ericsson Research Artificial Intelligence, Kista, Sweden; Ericsson Research Artificial Intelligence, Kista, Sweden",2024 3rd International Conference on 6G Networking (6GNet),"2 Dec 2024","2024","","","258","266","With the emergence of 6G networks, autonomous configuration management of transport routers and switches becomes crucial. Active Queue Management (AQM) policies in routers and switches are employed to effectively maintain network slice Quality of Service (QoS) in cellular networks. However, routers and switches are statically configured with specific buffer (queue depth) capacities that can restrict performance, especially within intent-driven networks. In this paper, we propose an Artificial Intelligence (AI) based approach towards intelligent management of queue depths in 6G transport networks. Through the use of exhaustive experiments on a network digital twin, we characterize the effect of changing queue depth on throughput, packet drop and packet delay of various network flows. The experimental data is then used to train a model based reinforcement learning (RL) model to learn and optimally configure the router queue depth. Changes in intents can be dynamically mapped to the reward structure used to execute the RL policies. This technique is generic and may be applied to multiple types of routers and switches at cell site, front haul, back haul and data-center fabrics.","","979-8-3503-7859-7","10.1109/6GNet63182.2024.10765667","","https://ieeexplore.ieee.org/stamp/stamp.jsp?arnumber=10765667","Active queue management;Router buffer;Reinforcement Learning;Intents","6G mobile communication;Scalability;Markov decision processes;Reinforcement learning;Quality of service;Throughput;Data models;Fabrics;Digital twins;Artificial intelligence","","","","29","IEEE","2 Dec 2024","21-24 Oct. 2024","21-24 Oct. 2024","IEEE","IEEE Conferences"
"Multi-Objective Route Optimization via Dueling DQN for Teleoperated Driving","I. Zellagui; S. -M. Senouci; I. El Korbi; S. Hossain","DRIVE UR 1859, Université Bourgogne Europe, Nevers, France; DRIVE UR 1859, Université Bourgogne Europe, Nevers, France; DRIVE UR 1859, Université Bourgogne Europe, Nevers, France; DRIVE UR 1859, Université Bourgogne Europe, Nevers, France",GLOBECOM 2025 - 2025 IEEE Global Communications Conference,"19 Mar 2026","2025","","","1123","1128","This paper presents a new approach to route optimization for teleoperated driving systems, addressing the multi-objective challenge of simultaneously minimizing travel distance, network latency, and maximizing available bandwidth. We model a real-world urban environment as a graph with stochastic network parameters and employ a Dueling Deep Q-Network (Dueling DQN) architecture, chosen for its ability to decouple state value and action advantage estimation, making it effective for routing problems requiring evaluation of both position quality and transition decisions.Our approach achieves the highest combined performance score (1.3956), representing 3.4% and 4.3% improvements over Lowest Latency (1.3815) and Shortest Path (1.3380) algorithms respectively. This demonstrates effective multi-objective trade-off management: 56.9% KPI compliance (30ms latency, 20Mbps bandwidth) with minimal distance overhead (40 vs 30 spatial units). Single-objective approaches fail to balance requirements—Shortest Path achieves only 22.6% KPI compliance, while Highest Bandwidth produces impractically long routes (120 spatial units) despite 99.2% KPI rate.Results demonstrate our Dueling DQN’s effectiveness in dynamically balancing competing objectives, providing intelligent adaptation to changing network conditions—a capability traditional single-objective optimization approaches cannot achieve.","2576-6813","979-8-3315-7781-0","10.1109/GLOBECOM59602.2025.11432339","Horizon Europe; ","https://ieeexplore.ieee.org/stamp/stamp.jsp?arnumber=11432339","Teleoperated Driving;Reinforcement Learning;Dueling DQN;Multi-Objective Optimization;Route Optimization;Digital Twin;6G Networks","Measurement;Urban areas;Stochastic processes;Bandwidth;Reinforcement learning;Routing;Minimization;Vehicle dynamics;Optimization;Next generation networking","","","","17","IEEE","19 Mar 2026","8-12 Dec. 2025","8-12 Dec. 2025","IEEE","IEEE Conferences"
"Design for sustainability - an imperative for future mobile networks","D. Remedios; L. Levrau; S. Kanugovi; S. Kallio","Nokia, Kanata, Canada; Nokia, Massy, France; Nokia, Bengaluru, India; Nokia, Espoo, Finland",2023 15th International Conference on COMmunication Systems & NETworkS (COMSNETS),"15 Feb 2023","2023","","","626","631","While the pressure significantly increases in acting towards energy efficiency of communication networks, there is the ever-increasing demand for faster data rates and higher capacities to support a plethora of applications across all industrial and societal sectors driven by exponential traffic growth. Besides, there is a growing concern towards the adverse impacts of climate change, scarcity of raw materials, the rising cost of energy, as well as inequity and bias in the use of technology. Therefore, in addition to the conventional KPIs, key dimensions to be considered for now and in the future is the environmental footprint, energy consumption, resource usage, as well as, inclusivity and fairness. The paper discusses the opportunities, design aspects, challenges and tradeoffs to improve energy efficiency and responsible use of technology, in building sustainable networks for the future.","2155-2509","978-1-6654-7706-2","10.1109/COMSNETS56262.2023.10041347","","https://ieeexplore.ieee.org/stamp/stamp.jsp?arnumber=10041347","Energy Efficiency;Sustainable AI;6G mobile networks","Energy efficiency;6G mobile communication;Climate change;Artificial intelligence;Mobile communication;Sustainable development","","3","","19","IEEE","15 Feb 2023","3-8 Jan. 2023","3-8 Jan. 2023","IEEE","IEEE Conferences"
"Toward an Intelligent Energy Efficient and Trustworthy 6G M&O Architecture","N. Toumi; J. Cáceres; F. Lamela; S. Rodríguez; C. Ayimba; I. Tzanettis; A. Zafeiropoulos; L. Karaçay; V. Lamprousi; M. Karaca; F. Ruggeri; I. L. Pavón","TNO, The Netherlands; Atos Research and Innovation, Spain; Optare Solutions, Spain; Optare Solutions, Spain; University Carlos III of Madrid (UC3M), Spain; Institute of Communication and Computer Systems of the National Technical University of Athens, Greece; Institute of Communication and Computer Systems of the National Technical University of Athens, Greece; Ericsson Research Turkey; WINGS ICT Solutions, Greece; Ericsson Research Turkey; Ericsson AB and KTH Royal Institute of Technology, UK; Atos Research and Innovation, Spain",IEEE Communications Magazine,"6 Feb 2026","2026","64","2","141","147","6G networks aim to further improve QoS while optimizing environmental sustainability metrics, and integrate increased levels of intelligence for automated control and performance optimization. However, directly applying AI/ML-driven decisions can pose risks if the models are not adequately trained. Additionally, balancing performance with energy efficiency is essential due to the high energy demands of complex AI/ML models. Finally, the use of AI/ML introduces additional vulnerabilities that must be mitigated in addition to the need for explainable decisions to ensure trustworthiness. This article aims to address these aspects by jointly integrating intelligence, energy efficiency, and trust-worthiness into M&O for 6G. The proposed framework combines AI/ML-based solutions for dynamic network and service orchestration that optimize performance and energy metrics, and Network Digital Twin management to support AI/ML processes. Additionally, the framework introduces distributed and sustainable MLOps to monitor and further minimize the energy consumption of AI/ML processes, as well as security and explainability mechanisms to enhance the system's trustworthiness. Evaluations of the framework's components demonstrate its feasibility and performance.","1558-1896","","10.1109/MCOM.001.2500296","","https://ieeexplore.ieee.org/stamp/stamp.jsp?arnumber=11306329","","6G mobile communication;Energy efficiency;Security;Computer architecture;Energy consumption;Sustainable development;Resource management;Federated learning;Robots;Quality of service;Trusted computing","","","","15","IEEE","19 Dec 2025","February 2026","","IEEE","IEEE Magazines"
"Network Digital Twins: A Threat Analysis","A. Raghuramu; M. Liljenstam; S. Ujjwal; U. Gülen; G. Phillips; Z. Laaroussi; L. Karaçay","Ericsson Research, USA; Ericsson Research, USA; Ericsson Research, Finland; Ericsson Research, Turkey; Ericsson Research, USA; Ericsson Research, Finland; Ericsson Research, Turkey",2023 IEEE International Conference on Communications Workshops (ICC Workshops),"23 Oct 2023","2023","","","733","739","Digital Twin (DT) technologies are being explored for the development and operations of mobile networks. Extensive use of digital twins – so called massive twinning – is also being proposed, in the EU project Hexa-X, as an important use case family of 6G applications. In this study, we examine security aspects of digital twins, focusing on network-related digital twins by means of a threat analysis. We identify and systematize threats affecting these network digital twin systems by using the STRIDE methodology, discuss the different DT threat surfaces and examine the role of DT specific threat surfaces. We also discuss how networks can be impacted by such threats as well as provide examples of threat impact on salient networking focused DT use case families such as network operations and management, network optimization & modeling, etc. Further, we identify aspects of twin architecture which give rise to DT-specific threats. These include not only the overall increased threat surface due to the detailed system data being exported to the DT, but also the introduction of new communication channels and the synchronization process which play a role. Finally, we briefly outline promising directions to explore for mitigating the identified threats in future network digital twin environments.","2694-2941","979-8-3503-3307-7","10.1109/ICCWorkshops57953.2023.10283573","Scientific and Technological Research Council of Turkey, under 1515 Frontier R&D Laboratories Support Program(grant numbers:5169902); ","https://ieeexplore.ieee.org/stamp/stamp.jsp?arnumber=10283573","6G;Threat Analysis;Digital Twins","6G mobile communication;Conferences;Focusing;Digital twins;Synchronization;Security;Communication networks","","4","","19","IEEE","23 Oct 2023","28 May-1 June 2023","28 May-1 June 2023","IEEE","IEEE Conferences"
"FacTwin: Design and Validation of a Radio Propagation Framework for Factory Network Digital Twins","A. Makvandi; N. Hesham; F. Ademaj-Berisha; D. Hamidovic; D. Klepatsch; M. J. Hossain; H. -P. Bernhard; A. Chaaban","School of Engineering, University of British Columbia, Kelowna, BC, Canada; School of Engineering, University of British Columbia, Kelowna, BC, Canada; Silicon Austria Labs GmbH, Linz, Austria; Silicon Austria Labs GmbH, Linz, Austria; Silicon Austria Labs GmbH, Linz, Austria; School of Engineering, University of British Columbia, Kelowna, BC, Canada; Silicon Austria Labs GmbH, Linz, Austria; School of Engineering, University of British Columbia, Kelowna, BC, Canada",2026 IEEE International Mediterranean Conference on Communications and Networking (MeditCom),"13 Aug 2026","2026","","","1","6","Enabling ultra-reliable, low-latency communication (URLLC) for industrial mobile robots fundamentally relies on accurate, site-specific channel characterization. Stochastic models cannot account for environmental clutter deterministically. Furthermore, current site-specific radio propagation frameworks of network digital twins (NDTs) remain largely unvalidated against continuous 5G measurements in the complex environment of factories. In this paper, we present the design and physical validation of a site-specific radio propagation framework, called FacTwin, for factory NDTs. To achieve high precision, a detailed 3D factory floor model is developed using Blender, incorporating explicit radio frequency (RF) material properties to accurately model wave propagation. NVIDIA Sionna, an open source GPU-accelerated ray-tracing library, is integrated to compute high-resolution radio maps and Reference-Signal-Received-Power (RSRP). For validation, a measurement campaign was conducted in an operational private 5G network in a factory, utilizing an industrial mobile robot to continuously capture RSRP along dynamic paths. A Monte Carlo spatial sampling methodology computationally filters ray-tracing fast-fading artifacts while accounting for robot localization and 3D modeling uncertainties. Compared with ground-truth measurements, FacTwin simulations demonstrate strong spatial alignment, achieving relatively low root mean square error (RMSE) values of 6.78 dB, 5.81 dB, and 7.52 dB across three remote radio units (RRUs). The Monte Carlo spatial sampling improves 90th-percentile accuracy by 3–4 dB and bounds extreme prediction outliers. The results validate the efficacy of FacTwin for site-specific network planning and proactive radio resource management in complex factory environments.","","979-8-3315-5143-8","10.1109/MeditCom67211.2026.11641130","","https://ieeexplore.ieee.org/stamp/stamp.jsp?arnumber=11641130","Radio Propagation;Channel Modeling;Network Digital Twin;Smart Factory;Industrial Mobile Robots","Modeling;Production facilities;Three-dimensional displays;Ray tracing;5G mobile communication;Measurement;Mobile robots;Printing;Radio propagation;Radio frequency","","","","17","IEEE","13 Aug 2026","6-9 July 2026","6-9 July 2026","IEEE","IEEE Conferences"
"DTQFL: A Digital Twin-Assisted Quantum Federated Learning Algorithm for Intelligent Diagnosis in 5G Mobile Network","Z. Qu; Y. Li; B. Liu; D. Gupta; P. Tiwari","Engineering Research Center of Digital Forensics, Ministry of Education, Jiangsu Collaborative Innovation Center of Atmospheric Environment, the Equipment Technology and the School of Computer Science, Nanjing University of Information Science and Technology, Nanjing, China; School of Computer Science, Nanjing University of Information Science and Technology, Nanjing, China; Hubei University of Science and Technology, Xianning, China; Department of Computer Science & Engineering, Maharaja Agrasen Institute of Technology, Delhi, India; School of Information Technology, Halmstad University, Halmstad, Sweden",IEEE Journal of Biomedical and Health Informatics,"12 Jan 2026","2026","30","1","17","26","Smart healthcare aims to revolutionize medical services by integrating artificial intelligence (AI). The limitations of classical machine learning include privacy concerns that prevent direct data sharing among medical institutions, untimely updates, and long training times. To address these issues, this study proposes a digital twin-assisted quantum federated learning algorithm (DTQFL). By leveraging the 5G mobile network, digital twins (DT) of patients can be created instantly using data from various Internet of Medical Things (IoMT) devices and simultaneously reduce communication time in federated learning (FL) at the same time. DTQFL generates DT for patients with specific diseases, allowing for synchronous training and updating of the variational quantum neural network (VQNN) without disrupting the VQNN in the real world. This study utilized DTQFL to train its own personalized VQNN for each hospital, considering privacy security and training speed. Simultaneously, the personalized VQNN of each hospital was obtained through further local iterations of the final global parameters. The results indicate that DTQFL can train a good VQNN without collecting local data while achieving accuracy comparable to that of data-centralized algorithms. In addition, after personalized training, the VQNN can achieve higher accuracy than that without personalized training.","2168-2208","","10.1109/JBHI.2023.3303401","National Natural Science Foundation of China(grant numbers:61373131,62071240); PAPD and CICAEET funds; ","https://ieeexplore.ieee.org/stamp/stamp.jsp?arnumber=10210652","Smart healthcare;federated learning;quantum neural network;digital twin;mobile network","Training;Quantum cascade lasers;Medical services;Hospitals;Federated learning;Servers;Privacy","Humans;Algorithms;Neural Networks, Computer;Machine Learning;Telemedicine;Diagnosis, Computer-Assisted;Federated Learning","39","","31","IEEE","8 Aug 2023","Jan. 2026","","IEEE","IEEE Journals"
"Intelligent Congestion Control in QUIC for Reliable E2E Communication Network: A Digital Twin-Based Approach","T. Yang; Q. Li; F. Hu","College of Communication Engineering, Jilin University, Changchun, Jilin, China; College of Communication Engineering, Jilin University, Changchun, Jilin, China; College of Communication Engineering, Jilin University, Changchun, Jilin, China",2024 IEEE/CIC International Conference on Communications in China (ICCC Workshops),"4 Oct 2024","2024","","","282","287","In this paper, we propose a digital twin-based intelligent congestion control approach to enhance the packet transmission adaptability and efficiency of the QUIC protocol within dynamic network environments. Specifically, by integrating actor-critic learning methods, the proposed approach adaptively tailors the pre-defined congestion control parameter settings to suit various application scenarios, thereby optimizing QUIC's performance under fluctuating network conditions. In addition, utilizing digital twin technology, the algorithm constructs a simulation model that mirrors the physical network within a digital framework. This model facilitates the rapid collection of network data, precise monitoring of congestion levels, and detailed analysis of historical transmission records and network state changes. These capabilities enable the predictive adjustment of model parameters and timely modifications to the congestion control strategy, ensuring optimal performance. Simulation results demonstrate that the proposed digital twin-based intelligent approach can enhance QUIC's transmission capabilities across diverse network conditions. Notably, it increases data throughput, reduces transmission delays, improves the convergence speed of the intelligence algorithm, and ensures reliable end-to-end transmissions within 5G networks.","2474-9141","979-8-3503-7767-5","10.1109/ICCCWorkshops62562.2024.10693770","","https://ieeexplore.ieee.org/stamp/stamp.jsp?arnumber=10693770","digital twin;congestion control;QUIC;end-to-end","Adaptation models;Protocols;5G mobile communication;Heuristic algorithms;Simulation;Predictive models;Prediction algorithms;Throughput;Digital twins;Reliability","","","","19","IEEE","4 Oct 2024","7-9 Aug. 2024","7-9 Aug. 2024","IEEE","IEEE Conferences"
"A Survey on Applications of Large Language Model-Driven Digital Twins for Intelligent Network Optimization","Z. Guo; F. Tang; L. Luo; M. Zhao; N. Kato","School of Computer Science and Engineering, Central South University, Changsha, China; School of Computer Science and Engineering, Central South University, Changsha, China; School of Computer Science and Engineering, Central South University, Changsha, China; School of Computer Science and Engineering, Central South University, Changsha, China; Graduate School of Information Sciences, Tohoku University, Sendai, Japan",IEEE Communications Surveys & Tutorials,"1 Jan 2026","2026","28","","3388","3411","With the widespread application of digital twin (DT) technology in network optimization and intelligent management, its integration with large language models (LLMs) presents immense potential. LLMs excel in natural language processing, multimodal analysis, and real-time optimization, enabling innovative solutions for intelligent monitoring, resource allocation, and decision-making in complex network environments. This paper systematically reviews the development of DTs and LLMs, elaborates on their core principles and application scenarios, and examines the capabilities of LLM-driven DTs in key network optimization tasks, including traffic prediction, fault diagnosis, resource allocation, and multi-objective optimization. By leveraging real-time data from DTs, LLMs can dynamically generate optimization strategies, enabling precise monitoring and intelligent tuning. Furthermore, this paper explores the potential of integrating LLMs and DTs to address complex challenges such as data quality, latency sensitivity, and energy consumption demands, while summarizing existing technical bottlenecks. Finally, the paper proposes several potential research directions to address these challenges, offering a comprehensive perspective for advancing the efficiency and automation of next-generation intelligent networks.","1553-877X","","10.1109/COMST.2025.3568637","National Natural Science Foundation of China(grant numbers:62302527); Hunan Provincial Natural Science Foundation(grant numbers:2023jj40774); High Performance Computing Center of Central South University; ","https://ieeexplore.ieee.org/stamp/stamp.jsp?arnumber=10994494","Digital twin;large language model;network optimization;intelligent management;real-time optimization;multi-objective optimization","Optimization;Real-time systems;Intelligent networks;6G mobile communication;Surveys;Resource management;Monitoring;Fourth Industrial Revolution;Decision making;Training","","52","","172","IEEE","9 May 2025","2026","","IEEE","IEEE Journals"
"Resource Allocation for Aerial Assisted Digital Twin Edge Mobile Network","Q. Guo; F. Tang; N. Kato","Graduate School of Information Sciences (GSIS), Tohoku University, Sendai, Japan; School of Computer Science and Engineering, Central South University, Changsha, China; Graduate School of Information Sciences (GSIS), Tohoku University, Sendai, Japan",IEEE Journal on Selected Areas in Communications,"26 Oct 2023","2023","41","10","3070","3079","In the context of the 5G/6G mobile network, high levels of requirements such as ultra-high data transmission rate, support for the high mobility node and seamless connection need to be handled. Additionally, ensuring user quality of service (QoS) in high-density and high-traffic mobile networks presents a significant challenge. Unmanned aerial vehicles (UAVs) have emerged as key components in providing flexible assistance in aerial spaces. To further enhance the network performance in dynamic and heterogeneous environments, an intelligent resource allocation strategy with low communication overhead is essential. In this paper, we construct a UAV-assisted mobile network to provide efficient communication for all mobile users in high-density and high-traffic environments, at the same time, a digital twin-empowered dynamic resource allocation strategy based on online training with low communication overhead is proposed. Our proposal employs digital twin-empowered multi-task learning to meet various resource allocation requirements for different node types. Moreover, we propose a deep-Q network-based reinforcement learning mechanism with experience replay memory to execute resource allocation decisions based on evaluated rewards. The simulation results show that the proposal achieves significant network performance compared with baseline algorithms.","1558-0008","","10.1109/JSAC.2023.3310065","","https://ieeexplore.ieee.org/stamp/stamp.jsp?arnumber=10234388","Resource allocation;edge computing;multi-task reinforcement learning (RL);digital twin (DT);unmanned aerial vehicle (UAV);device-to-device (D2D) communication;5G;6G","Autonomous aerial vehicles;Resource management;Quality of service;Digital twins;Optimization;Relays;Data models","","83","","33","IEEE","30 Aug 2023","Oct. 2023","","IEEE","IEEE Journals"
"Research on Architecture Design and Intelligent Scenario Applications of Computing Power Network Based on Deep Reinforcement Learning and Network Collaboration","X. Cao","Nanjing University of Posts and Telecommunications, Nanjing, China",2025 IEEE 7th International Conference on Civil Aviation Safety and Information Technology (ICCASIT),"29 Jan 2026","2025","","","902","906","With the integration of 5G/6G, edge computing and AIoT, real-time intelligent applications have put forward higher requirements for computing power supply. Traditional cloud computing and edge computing are difficult to meet the deterministic requirements of scenarios such as industrial control due to bottlenecks such as latency and resource scheduling. The Computing Power Network (CPN) realizes the global optimal matching of user needs, computing power supply and network transmission through the ""end-edge-cloud-network"" hierarchical architecture, resource pooling, intelligent scheduling and other technologies, empowering smart cities, Internet of Vehicles and other scenarios, and demonstrating value in latency optimization (such as autonomous driving decision latency to 50 milliseconds) and cross-domain collaborative computing. In the future, CPN needs to address technical, ecological and ethical challenges such as the trade-off between low latency and wide coverage, and the monopoly of computing power resources. It can be promoted through innovative directions such as bionic security architecture, and its evolution is the engine for the transformation of production paradigms and social collaboration models in the intelligent era.","","979-8-3315-0374-1","10.1109/ICCASIT66611.2025.11348784","","https://ieeexplore.ieee.org/stamp/stamp.jsp?arnumber=11348784","Computing Power Network (CPN);5G/6G;Edge Computing;Resource Scheduling;Delay Optimization","Job shop scheduling;Processor scheduling;Power supplies;Smart cities;Collaboration;Computer architecture;Safety;Security;Optimization;Edge computing","","","","10","IEEE","29 Jan 2026","22-24 Oct. 2025","22-24 Oct. 2025","IEEE","IEEE Conferences"
"Jamming-Resilient Physical-to-Virtual Communications in Digital Twin Edge Networks","L. Yang; Y. Zou; Z. Zhang; P. Wang; D. Yu; A. Zubow; F. Dressler; X. Cheng","Institute of Intelligent Computing, School of Computer Science and Technology, Shandong University, Qingdao, China; Institute of Intelligent Computing, School of Computer Science and Technology, Shandong University, Qingdao, China; Electrical and Computer Engineering Department, The George Washington University, Washington, DC, USA; Institute of Intelligent Computing, School of Computer Science and Technology, Shandong University, Qingdao, China; Institute of Intelligent Computing, School of Computer Science and Technology, Shandong University, Qingdao, China; School of Electrical Engineering and Computer Science, TU Berlin, Berlin, Germany; School of Electrical Engineering and Computer Science, TU Berlin, Berlin, Germany; Institute of Intelligent Computing, School of Computer Science and Technology, Shandong University, Qingdao, China",IEEE Transactions on Networking,"20 Aug 2025","2025","33","4","1731","1745","As an integration of digital twin and edge computing, the digital twin edge networks (DITENs) have been proposed in recent years to fill the gap between physical edge networks and digital systems. Meanwhile, the multi-access wireless environments in edge computing make it hard to provide ultra-reliable and low-latency communications for digital twin, especially when the jamming attacks can be launched by the adversaries. This paper studies the jamming-resilient physical-to-virtual communication (PTVC) problem in DITENs despite strong cooperative jamming. Note that the previous jamming models mainly focus on the jamming behaviors from individual adversaries and are restricted by the energy budget limitation and uniform jamming assumption. In this paper, we consider a more comprehensive jamming model, in which f adversaries can cooperatively launch their jamming attacks in totally k wireless channels with unlimited power budget and non-uniform jamming signals. Then, based on the new proposed  $(k,f)$ -cooperative jamming model, we show that  $k\gt f$  is the necessary and also sufficient condition to solve the PTVC problem. On one hand, we prove that the PTVC problem is insoluble when  $f\leq k$ ; on the other hand, two distributed algorithms are given as the solutions of the PTVC problem among n physical objectives and one sink node when  $k\gt f$ , the time complexity of which are  $O\left ({{\frac {n \log n}{k (\log k-\log f)}}}\right)$  and  $O\left ({{\frac {n \log n}{\log k-\log f}}}\right)$  based on the communication modes with/without acknowledgement, respectively. Both of the theoretical results and empirical simulations are conducted to show the resilience of our algorithms despite such a strong cooperative jamming model.","2998-4157","","10.1109/TON.2025.3550426","Federal Ministry of Education and Research within the 6G Research and Innovation Cluster 6G-RIC(grant numbers:16KISK020K); German Research Foundation within the Project ResCTC(grant numbers:DR 639/30-1); Joint Key Funds of National Natural Science Foundation of China(grant numbers:U24A20244); Shandong Science Fund for Excellent Young Scholars(grant numbers:2023HWYQ-007); ","https://ieeexplore.ieee.org/stamp/stamp.jsp?arnumber=10946669","Digital twin edge networks;physical-to-virtual communications;cooperative jamming;multiple wireless channels","Jamming;Adaptation models;Wireless communication;Digital twins;Protocols;Real-time systems;History;Edge computing;Wireless networks;Servers","","3","","49","IEEE","1 Apr 2025","Aug. 2025","","IEEE","IEEE Journals"
"A Digital Twin-Enabled Approach for Resource Allocation in Cross-Domain Network Slicing","R. Wen; Q. Xu; C. Li; G. Feng; Y. Liu; J. Tang; Y. Fu","College of Computer Science and Artificial Intelligence, Southwest Minzu University, Chengdu, China; College of Computer Science and Artificial Intelligence, Southwest Minzu University, Chengdu, China; College of Computer Science and Artificial Intelligence, Southwest Minzu University, Chengdu, China; Laboratory of Wireless Communications, University of Electronic Science and Technology of China, China; Laboratory of Wireless Communications, University of Electronic Science and Technology of China, China; Shien-Ming Wu School of Intelligent Engineering, South China University of Technology, China; Electronic Engineering and Computer Science, Hong Kong Metropolitan University, China",2026 IEEE International Conference on Communications Workshops (ICC Workshops),"15 Jul 2026","2026","","","1","6","Network Digital Twin (NDT) and network slicing are key technologies for the next-generation mobile networks (6G), enabling a transformation in network planning, construction, and operation. However, existing 5G networks face issues such as heterogeneous resource types, differing management strategies among operators, and cross-domain data privacy constraints, which hinder the interoperability of node resources and state information. This paper proposes the use of a DT network to create virtual counterparts of physical nodes, enabling cross-domain information exchange and collaborative optimization across Radio Access Network (RAN) and Core Network (CN) domains. The main contributions are: (1) a DT-based cross-domain heterogeneous network slicing architecture, using Software Defined Network (SDN) to mirror the operating states of physical nodes for interaction and collaboration between slices and twins; (2) a physical network model for pretraining resource scheduling strategies at the physical network layer; (3) a transfer learning mechanism to migrate pretrained strategy parameters from the physical to the virtual twin network, establishing collaborative resource allocation between the twin and physical networks. This mechanism further supports coordination between AI-RAN and the CN. Simulation results show that the proposed solution outperforms the baseline in multi-agent resource scheduling tasks, demonstrating significant improvements in cross-domain collaboration and joint resource scheduling in a multi-slice heterogeneous environment.","2694-2941","979-8-3315-7624-0","10.1109/ICCWorkshops63917.2026.11586436","National Natural Science Foundation of China; Southwest Minzu University; ","https://ieeexplore.ieee.org/stamp/stamp.jsp?arnumber=11586436","Cross-domain Mobile Networks;DT;MAPPO;SDN;Transfer Learning","Equations;Radio access networks;Regional area networks;Optimization;Resource management;Modeling;Tagging;Training;Network slicing;Printing","","","","17","IEEE","15 Jul 2026","24-28 May 2026","24-28 May 2026","IEEE","IEEE Conferences"
"Addressing the Scalability of Network Digital Twins: A Network Sampling Approach","M. Kellil; S. Ben Hadj Said; M. -T. Thi; C. Janneteau; A. Olivereau","Université Paris-Saclay, CEA, List, Palaiseau, France; Université Paris-Saclay, CEA, List, Palaiseau, France; Université Paris-Saclay, CEA, List, Palaiseau, France; Université Paris-Saclay, CEA, List, Palaiseau, France; Université Paris-Saclay, CEA, List, Palaiseau, France",2024 20th International Conference on Network and Service Management (CNSM),"31 Dec 2024","2024","","","1","7","With the increasing complexity of mobile communication networks like 5G/6G networks, characterized by the diversity of network devices, technologies, and applications, advanced network management solutions are needed to ensure real-time network optimization with risk-free decision making operations (e.g., safe network reconfiguration). To achieve this objective, a Network Digital Twin (NDT) paradigm represents an attractive perspective, enabling the manipulation of the virtual counterpart of a real communication network. Nonetheless, generating a Digital Twin of a complex network, comprising thousands of heterogeneous devices and highly dynamic network characteristics (resource usage, network topology, link quality, etc.) poses a serious scalability problem. This paper aims at addressing the scalability problem for the generation of a Digital Twin of a complex network like a 5G/6G network. In particular, the paper proposes a sampling approach in conjunction with a structured network information representation, as well as zoom-in/out operations to enable a modular generation of the NDT.","2165-963X","978-3-903176-66-9","10.23919/CNSM62983.2024.10814373","","https://ieeexplore.ieee.org/stamp/stamp.jsp?arnumber=10814373","Network sampling;network management;Digital Twin","Scalability;Decision making;Complex networks;Information representation;Mobile communication;Dynamic scheduling;Real-time systems;Digital twins;Complexity theory;Optimization","","2","","20","","31 Dec 2024","28-31 Oct. 2024","28-31 Oct. 2024","IEEE","IEEE Conferences"
"Investigating the network traffic of Industry 4.0 applications – methodology and initial results","G. Soós; D. Ficzere; P. Varga","Dept. of Telecommunications and Media Informatics, T-Systems Magyarország Zrt., Budapest University of Technology and Economics, Budapest, Hungary; Dept. of Telecommunications and Media Informatics, T-Systems Magyarország Zrt., Budapest University of Technology and Economics, Budapest, Hungary; Dept. of Telecommunications and Media Informatics, T-Systems Magyarország Zrt., Budapest University of Technology and Economics, Budapest, Hungary",2020 16th International Conference on Network and Service Management (CNSM),"30 Nov 2020","2020","","","1","6","Industrial networks - both wired and wireless - have been used by manufacturing plants and factories for many years. These networks are not always considered as primary elements of industrial architecture, although they should be. With the advent of Industry 4.0, there are already many innovation initiatives, industry recommendations, and standards in the topic of industrial network infrastructure - but integration guidelines on Industry 4.0 and the networking architectures are incomplete. In the absence of a better methodology, the networks are usually over-designed, but still rigid and are not ready to cover future needs.This paper aims to provide methods on determining some key parameters of existing industrial traffic. Building upon the state-of-the-art, the paper presents a method for testing and analyzing an existing data transfer network traversing industrial traffic. Furthermore, we provide insights on how it is worth to examine industrial networks, and find out whether a given transmission technology can meet the demands - based on the analysis of existing industrial traffic.","2165-963X","978-3-903176-31-7","10.23919/CNSM50824.2020.9269093","","https://ieeexplore.ieee.org/stamp/stamp.jsp?arnumber=9269093","Industry 4.0;Private LTE;Communication Systems;Cellular Mobile Network;Cybersecurity;Digital Twin;Network profiling","5G mobile communication;Industries;Protocols;Length measurement;Delays;Current measurement;Wireless sensor networks","","10","","20","","30 Nov 2020","2-6 Nov. 2020","2-6 Nov. 2020","IEEE","IEEE Conferences"
"Design and key technology of digital twin body for mobile network","Y. Lian; W. Li; X. Wu; Y. Lu; Q. Li; L. Lu","Department of Basic Network Technology Research, China Mobile Research Institute, Beijing, China; Department of Basic Network Technology Research, China Mobile Research Institute, Beijing, China; Network and Network Management Research Center Asiainfo Technology (China) Co. Ltd, Beijing, China; Network and Network Management Research Center Asiainfo Technology (China) Co. Ltd, Beijing, China; Department of Basic Network Technology Research, China Mobile Research Institute, Beijing, China; Department of Basic Network Technology Research, China Mobile Research Institute, Beijing, China","2024 4th International Signal Processing, Communications and Engineering Management Conference (ISPCEM)","14 Feb 2025","2024","","","512","517","To solve the problems of high risk, high frequency, significant difficulty, and the challenge of ensuring reliability when implementing dynamic network operations directly in actual networks, this paper proposes a network architecture natively supporting digital twins for mobile networks and provides a detailed design of the digital twin body within the network architecture. This design creates a virtual twin of the physical network entity in a digital manner, empowering the network with capabilities for evaluation, analysis, management, prediction, and optimization. The paper also studies the data technology, modeling technology, and simulation technology within the proposed scheme. Finally, based on the proposed architecture and key technologies, a network digital twin platform is designed, and simulation verification is carried out on this platform for the scenario of network slicing business opening. The experimental results indicate that the proposed scheme can accurately and efficiently achieve verification of slicing parameter con-figuration, business volume prediction, and effectively enhance the efficiency of business opening.","","979-8-3315-2867-6","10.1109/ISPCEM64498.2024.00092","","https://ieeexplore.ieee.org/stamp/stamp.jsp?arnumber=10874327","mobile network;digital twin body;data technology;modeling technology;simulation technology","Simulation;Process control;Signal processing;Ontologies;Reliability engineering;Data models;Digital twins;Optimization;Next generation networking;Business","","","","14","IEEE","14 Feb 2025","28-30 Nov. 2024","28-30 Nov. 2024","IEEE","IEEE Conferences"
"Implementation-Aware AI Management Framework for AI-Native Networks","S. Kukliński; R. Kołakowski; B. Mastej","Warsaw University of Technology, Warsaw, Poland; Warsaw University of Technology and Orange Polska, Warsaw, Poland; Warsaw University of Technology, Warsaw, Poland",2025 4th International Conference on 6G Networking (6GNet),"1 Jan 2026","2025","","","16","24","The paper concerns the implementation of AI Function (AIF) management in AI-native networks, i.e., networks in which AIFs are densely deployed across any network plane. The management of such functions involves observing their behaviour and making decisions on whether to retrain or update the ML model. The 3GPP and ITU-T have already addressed the problem, but so far, no comprehensive solution has been proposed for the networking environment, and the existing descriptions are at a very high level. The main contributions of the paper are: the definition of the internal structure of a generic manageable AIF, the AIF Runtime Pipeline (RTP) and Model Training Pipelines (MTP) used for AIF model observation, training, and update, and additional components for efficient integration of the approach with the network Management Plane (MP) and Network Digital Twin (NDT). Three variants of training have been proposed: local (in situ), using an operator cloud, and using an external Machine Learning Operations (MLOps) platform, along with guidelines for selecting the training variant based on performance.","","979-8-3315-5141-4","10.1109/6GNet68413.2025.11314139","","https://ieeexplore.ieee.org/stamp/stamp.jsp?arnumber=11314139","6G;AI;NDT;AI-Native networks;MLOps","Training;6G mobile communication;Runtime;Costs;Uncertainty;Pipelines;Concept drift;Laboratories;Estimation;3GPP","","","","37","IEEE","1 Jan 2026","17-19 Dec. 2025","17-19 Dec. 2025","IEEE","IEEE Conferences"
"Intent-Driven Agentic AI for Safe Energy-Efficient Open RAN Optimization via a 5G Network-in-a-Box Digital Twin","Y. Fan; A. Salama; M. M. Hameed Qazzaz; M. Hafeez; S. A. Raza Zaidi; A. Murad; M. Sharara; V. P. Talari","School of Electronic and Electrical Engineering, University of Leeds, Leeds, UK; School of Electronic and Electrical Engineering, University of Leeds, Leeds, UK; School of Electronic and Electrical Engineering, University of Leeds, Leeds, UK; School of Electronic and Electrical Engineering, University of Leeds, Leeds, UK; School of Electronic and Electrical Engineering, University of Leeds, Leeds, UK; VIAVI Solutions; VIAVI Solutions; Amazon Web Services",2026 IEEE International Conference on Communications Workshops (ICC Workshops),"15 Jul 2026","2026","","","1","6","As networks evolve with virtualization and disaggregation, operators face increasing complexity, rising energy costs, heterogeneous devices, and highly dynamic demand. This work responds to the challenge of enabling networks operating with high levels of autonomy, understanding the directives of the operator in natural language, reasoning over scenarios, and acting intelligently to optimize themselves using Agentic AI. This paper presents an end-to-end demonstration architecture that couples a portable 5G network-in-a-box with an AI-enabled Open RAN (O-RAN) digital twin for intent-driven energy-efficient network optimization. The framework is deployed in a cloud-native configuration aligned with O-RAN principles, exploiting Amazon Web Services (AWS) scalable rApp hosting, elastic compute, and MLOps support, while the VIAVI AI Radio System Generator (AI-RSG) which provides a realistic digital twin for repeatable benchmarking and safe policy validation. The framework contains two tightly coupled agentic subsystems: (i) an intent and scenario generation agent that translates natural-language operator inputs into structured simulation schemas; and (ii) a traffic forecasting and energy optimization agent based on a Long Short-Term Memory (LSTM) model, which provides short-horizon per-RU load prediction and confidence-aware three-class classification to guide base station sleep decisions. A purpose-built energy-efficiency optimizer executes these control actions on a real OpenAirInterface gNB testbed with Universal Software Radio Peripheral (USRP) hardware and commercial user equipment (UE), where controlled channel impairments provide labeled ground-truth events for supervised learning. Experimental results demonstrate a 45.6% reduction in RAN power consumption while maintaining full UE connectivity, corresponding to 6.03 kWh/day energy savings (513 kg CO2/year). The LSTM forecasting model achieves 96.3% training accuracy and 95.7% validation accuracy, with stable validation loss, indicating strong generalization across traffic regimes. These results demonstrate a practical pathway toward safe and autonomous energy management in next-generation 5G/6G RAN systems.","2694-2941","979-8-3315-7624-0","10.1109/ICCWorkshops63917.2026.11586482","","https://ieeexplore.ieee.org/stamp/stamp.jsp?arnumber=11586482","O-RAN;Agentic AI;Energy Efficiency;Digital Twin;Network-in-a-Box;OpenAirInterface","Optimization;Modeling;Sleep;Open RAN;Forecasting;Long short term memory;Artificial intelligence;Conferences;Energy efficiency;Timing","","","","9","IEEE","15 Jul 2026","24-28 May 2026","24-28 May 2026","IEEE","IEEE Conferences"
"Energy-efficient Network Operation During Low-traffic Hours","S. Chakraborty; A. Bedewy; W. Li; N. Abedini",Qualcomm Technologies Inc.; Qualcomm Technologies Inc.; Qualcomm Technologies Inc.; Qualcomm Technologies Inc.,2025 IEEE International Conference on Communications Workshops (ICC Workshops),"22 Sep 2025","2025","","","1196","1202","As wireless network technology advances towards the sixth generation (6G), increasing network energy consumption has become a critical concern due to the growing demand for diverse services, radio deployments at various frequencies, larger bandwidths, and more antennas. Network operators must manage energy usage not only to reduce operational cost and improve revenue but also to minimize environmental impact by reducing the carbon footprint. The 3rd Generation Partnership Project (3GPP) has introduced several network energy savings (NES) features. However, the implementation details and system-level aspects of these features have not been thoroughly investigated. In this paper, we explore system-level resource optimization for network energy savings in low-traffic scenarios. We introduce multiple NES optimization formulations and strategies, and further analyze their performance using a detailed network digital twin. Our results demonstrate promising NES gains of up to 44%. Additionally, we provide practical considerations for implementing the proposed schemes and examine their impacts on user equipment (UE) operation.","2694-2941","979-8-3315-9624-8","10.1109/ICCWorkshops67674.2025.11162199","","https://ieeexplore.ieee.org/stamp/stamp.jsp?arnumber=11162199","6G;Green networks;Sustainability;Digital twin","6G mobile communication;Costs;Conferences;Wireless networks;Energy conservation;Energy efficiency;Digital twins;3GPP;Sustainable development;Optimization","","","","19","IEEE","22 Sep 2025","8-12 June 2025","8-12 June 2025","IEEE","IEEE Conferences"
"A Data-Driven Wireless Intrusion Detection Framework Based on Digital Twin","H. Quan; R. Ding; X. Zhang; Y. Wang; Y. Cao; F. Zhou","The University of Sydney, Australia; Nanjing University of Aeronautics and Astronautics, China; The University of Sydney, Australia; The University of Sydney, Australia; The University of Sydney, Australia; Nanjing University of Aeronautics and Astronautics, China",2025 3rd International Conference on Ubiquitous Communication (Ucom),"20 Jan 2026","2025","","","148","152","Wireless intrusion detection (WID) faces persistent challenges of high false alarm rates and scarcity of attack data for training. This paper proposes a digital twin-assisted WID framework that integrates real-time network simulation with live data feeds to enhance detection accuracy. A network digital twin, implemented in network simulator version 3 (ns-3), runs in parallel with the physical wireless network and mirrors its behavior via online synchronization by using Message Queuing Telemetry Transport (MQTT), and generates simulated traffic for anomaly analysis. We leverage real wireless intrusion datasets, including the Aegean Wi-Fi Intrusion Dataset (AWID2), the Canadian Institute for Cybersecurity - Internet of Things (CICIoT) 2023 dataset, and a 5G Core Packet Forwarding Control Protocol (PFCP) dataset, to train and evaluate our intrusion detection models, and the system architecture, data pipeline, simulation-physical coupling mechanisms, anomaly scoring algorithm, and automated attack script generation are described in detail. Experimental results demonstrate that our digital twinassisted IDS achieves higher F1-scores and true positive rates with lower false positive rates than baseline IDS approaches on the real datasets.","","979-8-3315-6831-3","10.1109/Ucom67224.2025.11337218","National Natural Science Foundation of China(grant numbers:62222107); ","https://ieeexplore.ieee.org/stamp/stamp.jsp?arnumber=11337218","Digital twin;wireless intrusion detection (WID);ns3 simulation;anomaly detection;machine learning;5G security;Isolation Forest;FPR","Training;Couplings;5G mobile communication;Wireless networks;Intrusion detection;Forestry;Real-time systems;Digital twins;Communication system security;Wireless fidelity","","1","","13","IEEE","20 Jan 2026","19-21 Sept. 2025","19-21 Sept. 2025","IEEE","IEEE Conferences"
"Disaggregated Computing Access Network using Newly Structured Hollow-Core fiber for AIoT Platform (Invited Talk)","N. Yamanaka; T. Ishiyama; S. Okamoto; H. Tsuda; K. Mukasa","Keio Frontier Research & Education Collaborative Square at Shin-Kawasaki, Keio University, Kawasaki-shi, Kanagawa, Japan; Faculty of Science and Technology, Keio University, Yokohama-shi, Kanagawa, Japan; Keio Frontier Research & Education Collaborative Square at Shin-Kawasaki, Keio University, Kawasaki-shi, Kanagawa, Japan; Faculty of Science and Technology, Keio University, Yokohama-shi, Kanagawa, Japan; Telecom and Energy Laboratories Furukawa Electric Co. Ltd., Kameyamashi, Mie, Japan",2024 IEEE Annual Congress on Artificial Intelligence of Things (AIoT),"20 Sep 2024","2024","","","105","109","The Artificial Intelligence (AI) platform is needed to control the dynamic Internet of Things (IoT)-network with many IoT devices, such as self-driving vehicles, robots, etc., whose movements are changing. We describe the architecture of an access network that should serve as an AI platform for this purpose, connecting an area of about 10 km with low latency and tightly integrating edge computers, etc. We propose a time-space-synchronous digital twin, part of which is being developed as a proof of concept (PoC). For AI applications, information from sensors and other IoT devices will be sent to the network (digital twin) in real time, where AI processing will be performed by linking edge devices and the center cloud. For this purpose, we have created an IoT Box for AI that can be powered from the network, and can link AI networks with low power consumption.For this comprehensive research, Keio University created the ""Keio Future Optical Network Open Research Center"" with the support of the Ministry of Internal Affairs and Communications (MIC), and began research on a testbed.","","979-8-3503-9229-6","10.1109/AIoT63253.2024.00057","Research and Development; National Institute of Information and Communications Technology; ","https://ieeexplore.ieee.org/stamp/stamp.jsp?arnumber=10677646","Beyond 5G;Low latency;Hollow-core fiber;Optical Network;IOWN;Digital Twin","Computers;Optical fiber sensors;Cloud computing;Optical fiber networks;Digital twins;Sensors;Internet of Things","","7","","24","IEEE","20 Sep 2024","24-26 July 2024","24-26 July 2024","IEEE","IEEE Conferences"
"Enhancing 5G-based Localization in Dynamic Environments through Network Digital Twins","Z. Xu; S. Mura; F. Linsalata; L. Cazzella; D. Badini; U. Spagnolini","DEIB, Politecnico di Milano, Milan, Italy; DEIB, Politecnico di Milano, Milan, Italy; DEIB, Politecnico di Milano, Milan, Italy; DEIB, Politecnico di Milano, Milan, Italy; Huawei Italy Research Center; DEIB, Politecnico di Milano, Milan, Italy",GLOBECOM 2025 - 2025 IEEE Global Communications Conference,"19 Mar 2026","2025","","","2312","2317","The increasing demand for reliable Vehicle-to-Everything (V2X) communications and autonomous mobility necessitates sophisticated simulation frameworks and intelligent optimization strategies. This paper presents a Network Digital Twin (NDT) that integrates high-fidelity ray-tracing with real vehicular traffic data to model wireless propagation in dynamic urban environments and derive theoretical localization bounds. By explicitly exploiting multipath reflections, both line-of-sight (LOS) and non-line-of-sight (NLOS), from static and mobile reflectors such as vehicles, the framework supports the design of an optimized precoding scheme for enhanced user equipment (UE) positioning. Numerical results indicate that the proposed NDT-guided method reduces the Position Error Bound (PEB) by approximately 35%, underscoring NDT benefits and the utility of NLOS exploitation for high-accuracy localization in dense urban scenarios.","2576-6813","979-8-3315-7781-0","10.1109/GLOBECOM59602.2025.11431735","","https://ieeexplore.ieee.org/stamp/stamp.jsp?arnumber=11431735","V2X;Network Digital Twin (NDT);localization","Location awareness;Wireless communication;Simulation;Urban areas;Reliability theory;Ray tracing;Reflection;Digital twins;Vehicle dynamics;Vehicle-to-everything","","","","13","IEEE","19 Mar 2026","8-12 Dec. 2025","8-12 Dec. 2025","IEEE","IEEE Conferences"
"Securing Distributed Network Digital Twin Systems Against Model Poisoning Attacks","Z. Zhang; M. Fang; M. Chen; G. Li; X. Lin; Y. Liu","Department of Computer Science, North Carolina State University, Raleigh, NC, USA; Department of Computer Science and Engineering, University of Louisville, Louisville, KY, USA; Department of Electrical and Computer Engineering, Frost Institute for Data Science and Computing, University of Miami, Coral Gables, FL, USA; School of Electronic Information and Electrical Engineering, Shanghai Jiao Tong University, Shanghai, China; School of Electronic Information and Electrical Engineering, Shanghai Jiao Tong University, Shanghai, China; Department of Computer Science, North Carolina State University, Raleigh, NC, USA",IEEE Internet of Things Journal,"25 Oct 2024","2024","11","21","34312","34324","In the era of 5G and beyond, the increasing complexity of wireless networks necessitates innovative frameworks for efficient management and deployment. Digital twins (DTs), embodying real-time monitoring, predictive configurations, and enhanced decision-making capabilities, stand out as a promising solution in this context. Within a time-series data-driven framework that effectively maps wireless networks into digital counterparts, encapsulated by integrated vertical and horizontal twinning phases, this study investigates the security challenges in distributed network DT (NDT) systems, which potentially undermine the reliability of subsequent network applications, such as wireless traffic forecasting. Specifically, we consider a minimal-knowledge scenario for all attackers, in that they do not have access to network data and other specialized knowledge, yet can interact with previous iterations of server-level models. In this context, we spotlight a novel fake traffic injection attack designed to compromise a distributed NDT system for wireless traffic prediction. In response, we then propose a defense mechanism, termed global-local inconsistency detection (GLID), to counteract various model poisoning threats. GLID strategically removes abnormal model parameters that deviate beyond a particular percentile range, thereby fortifying the security of network twinning process. Through extensive experiments on real-world wireless traffic data sets, our experimental evaluations show that both our attack and defense strategies significantly outperform existing baselines, highlighting the importance of security measures in the design and implementation of DTs for 5G and beyond network systems.","2327-4662","","10.1109/JIOT.2024.3421895","National Science Foundation(grant numbers:SaTC–2350075,CNS–2312138,CNS–2312139,SaTC–2350076); ","https://ieeexplore.ieee.org/stamp/stamp.jsp?arnumber=10608129","Digital twin (DT);distributed learning;poisoning attack;security;traffic prediction;wireless networks","Security;Data models;Wireless networks;Internet of Things;Adaptation models;Reliability;Communication system security","","13","","50","IEEE","24 Jul 2024","1 Nov.1, 2024","","IEEE","IEEE Journals"
"Neural Processes-Based Node Modeling to Extrapolate Router Metrics","K. Hattori; T. Korikawa; C. Takasaki","NTT Network Service Systems Laboratories, NTT Corporation, Musashino-shi, Japan; NTT Network Service Systems Laboratories, NTT Corporation, Musashino-shi, Japan; NTT Network Service Systems Laboratories, NTT Corporation, Musashino-shi, Japan",IEICE Transactions on Communications,"10 Feb 2025","2025","E108-B","2","139","151","Future network infrastructures will become more complex, which will require fast and secure service delivery in unpredictable scenarios, including diverse devices and multiple 5G/6G access lines supported by different carriers. In addition, future carrier networks are expected to adopt network disaggregation technologies that integrate superior technologies from different vendors, which are often “black-boxed”, to meet specific service requirements. We define a “black-boxed” node as a network node where the internal implementation of packet processing mechanisms is not disclosed, although hardware specifications are known, as seen in vendor products. This poses a challenge in the performance verification of network nodes and components for black-boxed network nodes. Consequently, a research issue emerges: the need to highly accurately estimate the performance of black-boxed network nodes in advance, where it is difficult to estimate the per-packet cost of how much bandwidth and computation time for a single packet consumes in the face of unexperienced scenarios. Therefore, the objective of this research is to explore the potential for digitally verifying the performance of black-boxed network nodes, focusing on refining the accuracy of extrapolation for their metrics. This extrapolation utilizes available external factors, including measured target metrics, node settings, and traffic conditions. In response, we propose a node modeling method that is a combination of neural processes, a type of meta-learner. The novelty of the proposed algorithm lies in its approach to iteratively append inferred router metrics to the training datasets based on feature importance. Experimental results demonstrate that by including router settings and inferred other router metrics in the training dataset based on software routers, the coefficient of determination for inferred router metrics; packet loss rates, throughput, and packet delays in the extrapolation domain surpasses the results obtained from the original training dataset alone.","1745-1345","","10.23919/transcom.2024EBP3089","","https://ieeexplore.ieee.org/stamp/stamp.jsp?arnumber=10746894","router metrics prediction;extrapolation of router metrics;neural processes;node modeling","Measurement;Extrapolation;Digital twins;Training;Mathematical models;Closed box;Hardware;Accuracy;Throughput;Packet loss","","1","","45","","7 Nov 2024","February 2025","","IEICE","IEICE Journals"
"Building Network Digital Twins Part I: State Synchronization","J. Sengendo; F. Granelli","Dept. of Information Engineering and Computer Science, University of Trento, Trento, ITALY; Dept. of Information Engineering and Computer Science, University of Trento, Trento, ITALY",2024 3rd International Conference on 6G Networking (6GNet),"2 Dec 2024","2024","","","182","188","The Network Digital Twin is emerging as a promising technology for future networks, including 6G, as it allows to gain deep knowledge of its Physical Twin and to perform “what-if“ analyses in a controlled environment. However, while the concept of Digital Twin reached maturity in other fields (such as manufacturing), still the application of this concept to networks presents some relevant challenges. This paper studies the problem of synchronization between the Digital and the Physical Twin, a key functionality to enable the Digital Twin to accurately replicate the behaviour of the Physical Twin. Indeed, accurate synchronization is challenging due to the amount of data to exchange and the delays due to acquisition, modeling and transmission of the related information. The paper analyzes the delay chain in the synchronization process and introduces the concept of “negative delay” through accurate prediction in order to minimize the synchronization delay and enable real-time or “near” real-time synchronization between the Physical and the Digital Twin.","","979-8-3503-7859-7","10.1109/6GNet63182.2024.10765759","","https://ieeexplore.ieee.org/stamp/stamp.jsp?arnumber=10765759","","6G mobile communication;Knowledge engineering;Accuracy;Buildings;Throughput;Real-time systems;Digital twins;Delays;Manufacturing;Synchronization","","4","","9","IEEE","2 Dec 2024","21-24 Oct. 2024","21-24 Oct. 2024","IEEE","IEEE Conferences"
"Unique RF Modeling Enhances 5G Network Scenario Simulation","E. Ribes-Vilanova; W. Rivas-Torres; P. Blood; J. Verspecht; O. Kusano; W. Liu; J. Weaver; I. Rippke","Keysight Technologies, Santa Rosa, CA, USA; Keysight Technologies, Santa Rosa, CA, USA; Keysight Technologies, Santa Rosa, CA, USA; Keysight Technologies, Santa Rosa, CA, USA; Keysight Technologies, Santa Rosa, CA, USA; Keysight Technologies, Santa Rosa, CA, USA; Keysight Technologies, Santa Rosa, CA, USA; Keysight Technologies, Santa Rosa, CA, USA",2023 IEEE/MTT-S International Microwave Symposium - IMS 2023,"28 Jul 2023","2023","","","431","434","This paper proposes novel advanced modeling techniques for capturing accurate RF impairments in a network digital twin workflow. A new DPD solution based on the recently invented Dynamic Gain model is introduced to evaluate how linearizable an amplifier is for both simulated and measured results. The modeling of active impedance and power amplifier load-pull is used to add realism to mmWave phased array designs for terrestrial and non-terrestrial applications. Incorporation of high-fidelity physical layer models in network-level simulation and validation with realistic complex scenarios for design-to-test workflows is demonstrated.","2576-7216","979-8-3503-4764-7","10.1109/IMS37964.2023.10188057","","https://ieeexplore.ieee.org/stamp/stamp.jsp?arnumber=10188057","power amplifiers;phased arrays;systems modeling;channel models;communication networks;5G mobile communication","Radio frequency;Phased arrays;Analytical models;Power amplifiers;Physical layer;Microwave theory and techniques;Digital twins","","3","","6","IEEE","28 Jul 2023","11-16 June 2023","11-16 June 2023","IEEE","IEEE Conferences"
"Evaluating the Impact of Mobile Network Quality on Robot Teleoperation Using a Remote Experience Center","A. Janes; D. Yang; J. Danek; X. Xu; Z. Becvar; E. Steinbach",NA; NA; NA; NA; NA; NA,European WIRELESS 2025; 30th European Wireless Conference,"19 Mar 2026","2025","","","275","280","The rapid development of mobile networks opens new possibilities for collaborative robotics, particularly teleoperation, which requires highly reliable communication with lowlatency. Nevertheless, researchers often face challenges due to limited cross-disciplinary expertise and restricted access to experimental infrastructure, such as advanced robotic platforms and 5G/6G testbeds. To address the fragmentation in teleoperation research, we present a modular experimental framework with graphical user interface (GUI), labeled as the Remote Experience Center (REC), which enables real-time robotic control over software-defined mobile networks. The REC integrates a mobile network testbed deployed in Prague with a robotic platform located in Munich. We demonstrate capabilities of the REC through a pick-and-place task involving human control with visual and force feedback. To improve safety and accessibility, the REC includes not only real hardware, but also digital twin of both the robotic system and the mobile network. Through real-world experiments, we investigate the impact of key mobile network parameters and characteristics, such as modulation and coding scheme (MCS), communication delay, and jitter, on user experience and system responsiveness. The experimental results reveal that increasing communication delay and jitter, as well as decreasing MCS, negatively affect the conditions for performing teleoperation tasks over a mobile network.","","978-3-8007-6526-3","","","https://ieeexplore.ieee.org/stamp/stamp.jsp?arnumber=11442753","","","","","","","","19 Mar 2026","27-29 Oct. 2025","27-29 Oct. 2025","VDE","VDE Conferences"
"6G-Ready Network Slicing for Mission-Critical Transportation and Grid Control Applications","N. Nazar; R. K; P. J; S. S; V. B; V. S","Dept. of CSE, Aarupadai Veedu Institute of Technology, Vinayaka Mission Research Foundation Deemed University, Chengalput, TN, India; Dept. of CSE, Aarupadai Veedu Institute of Technology, Vinayaka Mission Research Foundation Deemed University, Chengalput, TN, India; Dept. of CSE, Aarupadai Veedu Institute of Technology, Vinayaka Mission Research Foundation Deemed University, Chengalput, TN, India; Dept. of CSE, Aarupadai Veedu Institute of Technology, Vinayaka Mission Research Foundation Deemed University, Chengalput, TN, India; Dept. of CSE, Aarupadai Veedu Institute of Technology, Vinayaka Mission Research Foundation Deemed University, Chengalput, TN, India; Dept. of CSE, Aarupadai Veedu Institute of Technology, Vinayaka Mission Research Foundation Deemed University, Chengalput, TN, India",2026 IEEE International Conference on Interdisciplinary Approaches in Technology and Management for Social Innovation (IATMSI),"7 Apr 2026","2026","4th","","1","6","Mission-critical transportation and power grid control applications impose stringent requirements on latency, reliability, timeliness, and resilience that exceed the capabilities of existing $\mathbf{5 G}$ network slicing mechanisms. With the development of 6 G networks on the path of AI nativity and cross-domain cyber-physical system support, a critical gap in proactive, reliable and energy-efficient slice orchestration of heterogeneous transportation and grid workloads persists. The objective of this research was to design and evaluate a 6G-ready network slicing framework that that will ensure mission-critical transportation and grid control services can be delivered with ultra-reliability and low-latency. This study proposes DTSemXDRL, an artificial intelligence-based framework that combines semantic communications, a network digital twin, with federated explainable deep reinforcement learning for slice orchestration. The framework was tested using multimodal, publicly available transportation and power grid datasets under dynamic traffic, congestion, and failure scenarios. The measurement of performance was based on the latency, reliability, Age of Information (AoI), recovery time, and the computation-energy trade-off metrics. DT-SemXDRL achieved a mean end-to-end latency of 7.9 ms with p99 latency of 24.6 ms, reducing SLA violations to 0.08 %, compared to 1.21 % for baseline slicing. The framework reduced AoI to 46 ms, enabled rapid service recovery within $120-190 \text{ms}$ and maintained $\geq 99.99 \%$ reliability under increasing network load, while limiting energy consumption to $\mathbf{1. 0 9} \mathbf{J}$ per decision. Findings show that semantic-aware, digital-twin-enabled and AI-native slicing is the key to the actualization of 6 G mission-critical communication. The proposed framework will offer a scalable and robust platform of transportation and grid control systems operating over shared 6G infrastructure.","","979-8-3315-4970-1","10.1109/IATMSI68868.2026.11465625","","https://ieeexplore.ieee.org/stamp/stamp.jsp?arnumber=11465625","6 G networks;Network slicing;Semantic communications;Digital twin;Mission-critical transportation;Smart grid control","Telemetry;Aerospace and electronic systems;Payloads;Filtering;Circuits;Oscillators;Feedback;Filters;Circuits and systems;Communication systems","","","","23","IEEE","7 Apr 2026","12-14 March 2026","12-14 March 2026","IEEE","IEEE Conferences"
"Exploring the suitability of a Digital twin- and eXtended Reality-based telepresence platform for a collaborative robotics training scenario over next-generation mobile networks","D. Calandra; F. G. Pratticò; J. Fiorenza; F. Lamberti","Dipartimento di Automatica e Informatica, Politecnico di Torino, Turin, Italy; Dipartimento di Automatica e Informatica, Politecnico di Torino, Turin, Italy; Dipartimento di Automatica e Informatica, Politecnico di Torino, Turin, Italy; Dipartimento di Automatica e Informatica, Politecnico di Torino, Turin, Italy",IEEE EUROCON 2023 - 20th International Conference on Smart Technologies,"7 Aug 2023","2023","","","701","706","This paper explores the application of Digital Twins (DTs) and eXtended Reality (XR) in the context of Industry 4.0, and investigates new ways in which these technologies can be used in remote assistance/training scenarios involving Collaborative Robots (CRs). The study builds upon a previous work that examined the suitability of a novel DT/XR-based telepresence platform for CR programming in terms of network capabilities. The present work addresses some of the limitations of the previous study in the context of a new use case, integrating human pose estimation and object tracking to enhance the DT functionalities of the platform, and testing it in a riveting task scenario. The results in terms of bandwidth and latencies obtained in a laboratory setup emulating 6G performance show the potential of DTs and XR in supporting the collaboration of distant human operators and CRs over future mobile networks, paving the way for the development of new services for next-generation industry.","","978-1-6654-6397-3","10.1109/EUROCON56442.2023.10198883","European Commission(grant numbers:101015956); ","https://ieeexplore.ieee.org/stamp/stamp.jsp?arnumber=10198883","Digital Twin;Telepresence;Collaborative Robots;Industry 4.0;Augmented Reality;Virtual Reality;Human Pose Estimation;Training","Training;Telepresence;Service robots;Pose estimation;Collaboration;Programming;X reality","","6","","24","IEEE","7 Aug 2023","6-8 July 2023","6-8 July 2023","IEEE","IEEE Conferences"
"Digital-Twin-Driven End-to-End Network Slicing Toward 6G","M. Yaqoob; R. Trestian; M. Tatipamula; H. X. Nguyen","Middlesex University, London, U.K.; Middlesex University, London, U.K.; Ericsson Group Function Technologies and Architectures, Santa Clara, CA, USA; Middlesex University, London, U.K.",IEEE Internet Computing,"24 Apr 2024","2024","28","2","47","55","The diverse use-case requirements and strict expectations of latency on shared infrastructure, from future networks, calls for networking paradigms that can provide efficiency and flexibility. Network slicing is a network paradigm introduced with 5G, which is a key in realizing diverse service requirements and meeting expectations of future 6G networks. A network digital twin (NDT) model can benefit the management and orchestration of a network slicing lifecycle and provide a clear visual representation of the physical entities of a network slicing model while enabling experimentation with different resource allocation schemes without actually affecting the physical network. An NDT bridges the gap between the physical world and the digital world by having constant bidirectional communication. Hence, in this article, we make a case for NDTs as a key enabler of network slicing in 6G networks while integrating an artificial intelligence-based network slicing strategy to enable end-to-end quality-of-service provisioning.","1941-0131","","10.1109/MIC.2023.3332252","Engineering and Physical Sciences Research Council U.K.–India Future Networks Initiative(grant numbers:EP/W016524/1); ","https://ieeexplore.ieee.org/stamp/stamp.jsp?arnumber=10316185","","6G mobile communication;Artificial intelligence;Network slicing;Digital twins;Computer architecture;Virtualization;Telecommunication traffic;User centered design;Network slicing","","20","","15","IEEE","13 Nov 2023","March-April 2024","","IEEE","IEEE Magazines"
"Enhancing Network Log Clustering through Fourier Transform-Based Embeddings","J. Lee; J. Lee; J. Shim; J. Park; M. Hanh; J. Kim","Department of Intelligent Electronics and Computer Engineering, Chonnam National University, Gwangju, Republic of Korea; Department of Intelligent Electronics and Computer Engineering, Chonnam National University, Gwangju, Republic of Korea; Network Research Division, Electronics and Telecommunications Research Institute, Daejeon, Republic of Korea; Department of Intelligent Electronics and Computer Engineering, Chonnam National University, Gwangju, Republic of Korea; Department of Computational and Data Science, Astana IT University, Astana, Kazakhstan; Department of Intelligent Electronics and Computer Engineering, Chonnam National University, Gwangju, Republic of Korea",2025 16th International Conference on Information and Communication Technology Convergence (ICTC),"19 Feb 2026","2025","","","746","749","This study addresses the problem of network data analysis in 5G digital twin environments. To this end, network log data generated through simulations of real-world network failures were utilized to design a sophisticated log analysis module. The core techniques include graph embedding to capture the spatial structure of network data and the Fourier Transform algorithm to summarize and analyze log information. Subsequently, various hyperparameters, such as bandwidth settings, were adjusted to minimize noise across the entire log dataset and to extract meaningful log label types. Through this approach, the proposed method achieved a performance improvement of nearly 60% compared to conventional LLM-based embeddings, while also yielding clear and interpretable clustering results.","2162-1241","979-8-3315-5678-5","10.1109/ICTC66702.2025.11389059","","https://ieeexplore.ieee.org/stamp/stamp.jsp?arnumber=11389059","Digital Twin Network;Data Embedding;Node Clustering;Data Analysis;Fourier Transform;Text-Attribute Graph","Analytical models;Root cause analysis;Fourier transforms;Data analysis;Frequency-domain analysis;Data models;Real-time systems;Question answering (information retrieval);Digital twins;Anomaly detection","","","","7","IEEE","19 Feb 2026","14-17 Oct. 2025","14-17 Oct. 2025","IEEE","IEEE Conferences"
"Toward Building a Digital Twin for Network Operations and Management","D. González-Sánchez; L. Bellido; I. D. Martinez-Casanueva; D. Martínez-García; D. Fernández; D. R. Lopez","Dpto. de Ingeniería de Sistemas Telemáticos, ETSI Telecomunicación, Universidad Politécnica de Madrid, Madrid, Spain; Dpto. de Ingeniería de Sistemas Telemáticos, ETSI Telecomunicación, Universidad Politécnica de Madrid, Madrid, Spain; Dpto. de Ingeniería de Sistemas Telemáticos, ETSI Telecomunicación, Universidad Politécnica de Madrid, Madrid, Spain; Dpto. de Ingeniería de Sistemas Telemáticos, ETSI Telecomunicación, Universidad Politécnica de Madrid, Madrid, Spain; Dpto. de Ingeniería de Sistemas Telemáticos, ETSI Telecomunicación, Universidad Politécnica de Madrid, Madrid, Spain; Global CTIO, Telefónica Innovación Digital, Madrid, Spain",IEEE Open Journal of the Communications Society,"17 Apr 2025","2025","6","","2583","2598","With the growth of telecommunication networks driven by resource-intensive applications, the expansion of IoT, the rise of data centers, and the advancements of 5G and future 6G networks, monitoring and maintenance are becoming increasingly important for network operators. In this sense, the Network Digital Twin (NDT) is emerging as a promising technology to mirror a network’s whole operational and management lifecycle to optimize its performance without compromising the real network. In this work, we propose an NDT solution supported by a new data integration methodology and a prototypical architecture for translating information from the network management domain into a knowledge-based interoperable model. Our case study shows how this NDT can be used to reveal the capabilities of real networks in terms of configuration and operational status, providing benefits for network control and management to facilitate the application of closed-loop network automation systems.","2644-125X","","10.1109/OJCOMS.2025.3549873","European Union’s Horizon Europe Research and Innovation Program(grant numbers:101069732 (aerOS),101097122 (ACROSS)); Ministry of Economic Affairs and Digital Transformation of the Spanish Government and the NextGenerationEU (Recovery, Transformation and Resilience Plan - PRTR) Projects of the UNICO-5G I+D Program(grant numbers:TSI-063000-2021-79 (B5GEMINI-AIUC),TSI-063000-2021-81 (B5GEMINI-INFRA)); ","https://ieeexplore.ieee.org/stamp/stamp.jsp?arnumber=10919072","Data integration;model-driven telemetry (MDT);network automation;network digital twin (NDT);and network management","Digital twins;Data models;Standards;Data integration;Soft sensors;Monitoring;Telemetry;Real-time systems;Protocols;Optimization","","6","","39","CCBYNCND","10 Mar 2025","2025","","IEEE","IEEE Journals"
"Digital Twin for Context Awareness, Security, and Resilience in Vehicular Networks for 5G and Beyond: A Comprehensive Survey","M. Karim; M. Z. Hassan; M. A. Rahman","Department of Electrical and Computer Engineering, Université Laval, Québec City, QC, Canada; Department of Electrical and Computer Engineering, Université Laval, Québec City, QC, Canada; School of Mathematics and Computer Science, University of Wolverhampton, Wolverhampton, U.K.",IEEE Open Journal of the Communications Society,"7 Sep 2026","2026","7","","10687","10730","Effective vehicular network management is essential for enabling reliable communications between vehicles and infrastructure in dynamic environments. The integration of terrestrial and non-terrestrial networks (NTNs), together with the growing adoption of the Internet of Things (IoT) and diverse vehicular applications, introduces multifaceted challenges in context awareness, security, spectral resource management, and network resilience. Digital twin (DT) technology offers a promising paradigm for addressing these challenges by providing high-fidelity virtual representations of physical network entities that enable predictive simulation, what-if analysis, and proactive closed-loop control. This paper presents a comprehensive survey of DT-enabled vehicular network management. First, the bidirectional relationship between artificial intelligence (AI) and DT is explored, in which AI serves as a key enabler of DT-assisted operations by supporting intelligent sensing, state prediction, anomaly detection, and adaptive decision-making, while DT environments facilitate safe and efficient AI training and validation. Subsequently, a novel DT-driven functional taxonomy is proposed, organizing the literature by DT functionality layers (sensing, prediction, control, feedback, resilience and security), with NTNs and terrestrial networks serving as cross-layer enablers. Based on the identified research gaps, an NTN-integrated, context-aware, and multi-function DT framework is presented to support proactive, resilient, and intelligent vehicular network management for 6G and beyond. The framework addresses critical operational requirements, including DT state modeling and prediction, DT synchronization in dynamic environments, and integrated multilevel data management and computing. Two illustrative case studies are discussed, focusing on DT-assisted radio resource management under channel-modeling uncertainty and DT synchronization under constrained communication resources. Finally, open research challenges and future directions are outlined toward scalable, interoperable, and trustworthy DTs for vehicular networks.","2644-125X","","10.1109/OJCOMS.2026.3725212","NSERC Discovery Grant Program(grant numbers:RGPIN-2024-03910); FRQNT Research Support for New Accademics Program; ","https://ieeexplore.ieee.org/stamp/stamp.jsp?arnumber=11658893","Context-aware;digital twin;network management;resource management;vehicular communication","Modeling;Management;Synchronization;Optimization;Resource management;Vehicles;Digital twins;Timing;Security;Real-time systems","","","","258","CCBY","20 Aug 2026","2026","","IEEE","IEEE Journals"
"IOWN: A Revolution in Future Communication – From Optical Fiber to Intelligent Networks","J. Nazdrowicz","Fujitsu GDC, Lodz, Poland",2026 11th International Conference on Information and Network Technologies (ICINT),"10 Jun 2026","2026","","","64","68","The Innovative Optical and Wireless Network (IOWN) introduces a new communication paradigm designed to overcome the latency, bandwidth, and energy limitations of conventional electronic networks. By combining ultra-high-speed photonic transmission, advanced wireless technologies, and intelligent data processing, IOWN enables propagation-limited, energy-efficient networking for data-intensive applications driven by artificial intelligence, immersive media, and cyber-physical systems. This paper outlines the core components of IOWN, including the All-Photonics Network (APN), Digital Twin Computing, and the Cognitive Foundation, and discusses their role in enabling autonomous, cross-domain orchestration and real-time optimization. Representative application domains— industry, healthcare, transportation, and education—are examined to illustrate the potential impact of IOWN on future digital infrastructure. Overall, IOWN is positioned as a foundational architecture for scalable, sustainable, and human-centric networks toward the 6G era.","","979-8-3195-4394-3","10.1109/ICINT69379.2026.11549946","","https://ieeexplore.ieee.org/stamp/stamp.jsp?arnumber=11549946","IOWN;All-Photonics Network;Digital Twin Computing","Artificial intelligence;Photonics;Technology;Limiting;Modeling;Information rates;Throughput;Digital twins;Propagation;Optimization","","","","15","IEEE","10 Jun 2026","6-8 March 2026","6-8 March 2026","IEEE","IEEE Conferences"
"Digital Twin for Advanced Network Planning: Tackling Interference","J. C. Estrada-Jiménez; V. R. Farré-Guijarro; D. C. Alvarez-Paredes; M. -L. Watrinet","IT for Innovative Services Department, Luxembourg Institute of Science and Technology, Luxembourg; Dpto. Electrónica, Telecomunicaciones y Redes de Información, Escuela Politécnica Nacional, Ecuador; STARION Group, Luxembourg; IT for Innovative Services Department, Luxembourg Institute of Science and Technology, Luxembourg","2024 IEEE 35th International Symposium on Personal, Indoor and Mobile Radio Communications (PIMRC)","1 Jan 2025","2024","","","1","6","Operational data in next-generation networks offers a valuable resource for Mobile Network Operators to autonomously manage their systems and predict potential network issues. Machine Learning and Digital Twin can be applied to gain important insights for intelligent decision-making. This paper proposes a framework for Radio Frequency planning and failure detection using Digital Twin reducing the level of manual intervention. In this study, we propose a methodology for analyzing Radio Frequency issues as external interference employing clustering techniques in operational networks, and later incorporating this in the planning process. Simulation results demonstrate that the architecture proposed can improve planning operations through a data-aided anomaly detection strategy.","2166-9589","979-8-3503-6224-4","10.1109/PIMRC59610.2024.10817462","Horizon Europe; ","https://ieeexplore.ieee.org/stamp/stamp.jsp?arnumber=10817462","6G;network planning;interference detection;simulation;digital twin","Wireless networks;Simulation;Prevention and mitigation;Interference;Manuals;Machine learning;Planning;Digital twins;Next generation networking;Radiofrequency interference","","4","","20","IEEE","1 Jan 2025","2-5 Sept. 2024","2-5 Sept. 2024","IEEE","IEEE Conferences"
"Coverage Optimization for Large-Scale Mobile Networks With Digital Twin and Multi-Agent Reinforcement Learning","H. Liu; T. Li; F. Jiang; W. Su; Z. Wang","Department of Electronic Engineering, Tsinghua University, Beijing, China; Department of Electronic Engineering, Tsinghua University, Beijing, China; Department of Electronic Engineering, Tsinghua University, Beijing, China; Department of Electronic Engineering, Tsinghua University, Beijing, China; Department of Electronic Engineering, Tsinghua University, Beijing, China",IEEE Transactions on Wireless Communications,"11 Dec 2024","2024","23","12","18316","18330","With the exponential growth of mobile users, ensuring high-quality network coverage has become paramount. Large-scale mobile networks consist of numerous base stations (BSs), each with adjustable parameters such as angles and beam widths. Automatically optimizing network coverage can be difficult due to environmental factors and the interdependence of the adjustable parameters. Due to the inherent uncertainties and unpredictable nature of large-scale wireless networks, traditional methods such as heuristics and meta-heuristics lack the adaptability and scalability required to cope with their dynamic environment. To address these challenges, we propose utilizing digital twin and reinforcement learning (RL) techniques within mobile networks characterized by multiple collaborating agents. We initially introduce DT-SimNet, a digital twin-enabled mobile network simulator to facilitate optimization evaluation. DT-SimNet can efficiently simulate communication behaviors of network elements within a complex environment while revealing user mobility patterns. Moreover, to address challenges arising from multifaceted relationships among users, BSs, and the parameters across BSs, we introduce an innovative strategy named Optimized Multi-Agent Proximal Policy Optimization with Self-supervised Prediction (OMAPPO-SSP). Compared to MAPPO, which leads to limited applicability and inferior performance due to the dynamic characteristics of 5G networks, this approach leverages network structure optimization and a self-supervised prediction mechanism, employing multi-agent reinforcement learning (MARL) principles to enhance efficiency. By harnessing collaborative neural networks, OMAPPO-SSP facilitates the explicit learning of behavioral interactions among all BSs, enabling effective decision-making in environments characterized by intricate spatial relationships, dynamic user behaviors, and diverse interactions. Extensive experiments are conducted to validate the efficiency and effectiveness of the OMAPPO-SSP. Within the target area, OMAPPO-SSP achieves a coverage ratio of 94.66% and an average throughput of 89746 bits per second (bps), demonstrating significant improvements compared to competing methods.","1558-2248","","10.1109/TWC.2024.3464639","National Natural Science Foundation of China(grant numbers:U22B2057); National Key Research and Development Program of China(grant numbers:2020YFA0711403,2022ZD0116402); Guoqiang Institute, Tsinghua University(grant numbers:2021GQG1005); ","https://ieeexplore.ieee.org/stamp/stamp.jsp?arnumber=10697404","Coverage optimization;wireless network;multi-agent reinforcement learning;self-supervised prediction;digital twin","Optimization;5G mobile communication;Reinforcement learning;Heuristic algorithms;Digital twins;Collaboration;Wireless networks;Training;Signal to noise ratio;Complexity theory","","28","","54","IEEE","27 Sep 2024","Dec. 2024","","IEEE","IEEE Journals"
"Electromagnetic Wave Property Inspired Radio Environment Knowledge Construction and Artificial Intelligence Based Verification for 6G Digital Twin Channel","J. Wang; J. Zhang; Y. Sun; Y. Zhang; T. Jiang; L. Xia","State Key Laboratory of Networking and Switching Technology, Beijing University of Posts and Telecommunications, Beijing, China; State Key Laboratory of Networking and Switching Technology, Beijing University of Posts and Telecommunications, Beijing, China; State Key Laboratory of Networking and Switching Technology, Beijing University of Posts and Telecommunications, Beijing, China; State Key Laboratory of Networking and Switching Technology, Beijing University of Posts and Telecommunications, Beijing, China; China Mobile Research Institute, Beijing, China; China Mobile Research Institute, Beijing, China",Frontiers of Information Technology & Electronic Engineering,"16 Dec 2025","2025","26","2","260","277","As the underlying foundation of a digital twin network (DTN), digital twin channel (DTC) can accurately depict the electromagnetic wave propagation in the air interface to support the DTN-based 6G wireless network. Since electromagnetic wave propagation is affected by the environment, constructing the relationship between the environment and radio wave propagation is the key to implementing DTC. In the existing methods, the environmental information inputted into the neural network has many dimensions, and the correlation between the environment and the channel is unclear, resulting in a highly complex relationship construction process. To solve this issue, we propose a unified construction method of radio environment knowledge (REK) inspired by the electromagnetic wave property to quantify the propagation contribution based on easily obtainable location information. An effective scatterer determination scheme based on random geometry is proposed which reduces redundancy by 90%, 87%, and 81% in scenarios with complete openness, impending blockage, and complete blockage, respectively. We also conduct a path loss prediction task based on a lightweight convolutional neural network (CNN) employing a simple two-layer convolutional structure to validate REK's effectiveness. The results show that only 4 ms of testing time is needed with a prediction error of 0.3, effectively reducing the network complexity.","2095-9230","","10.1631/FITEE.2400464","","https://ieeexplore.ieee.org/stamp/stamp.jsp?arnumber=11293062","Digital twin channel;Radio environment knowledge (REK) pool;Wireless channel;Environmental information;Interpretable REK construction;Artificial intelligence based knowledge verification","Knowledge engineering;Geometry;6G mobile communication;Correlation;Redundancy;Electromagnetic scattering;Digital twins;Complexity theory;Convolutional neural networks;Testing","","3","","52","","16 Dec 2025","February 2025","","ZUP","ZUP Journals"
"AI-Empowered Communication Techniques for Power Distribution Network Protection Business","J. Bai; X. Zhao; W. Li; L. Zhang; J. Li; H. Fu; W. Jiang","State Grid Information and Telecommunication Group Company Ltd., Beijing, China; State Grid Information and Telecommunication Group Company Ltd., Beijing, China; State Grid Information and Telecommunication Group Company Ltd., Beijing, China; State Grid Information and Telecommunication Group Company Ltd., Beijing, China; State Grid Information and Telecommunication Group Company Ltd., Beijing, China; State Grid Information and Telecommunication Group Company Ltd., Beijing, China; School of Information and Communication Engineering, Beijing University of Posts and Telecommunications, Beijing, China",IEEE Internet of Things Magazine,"23 Feb 2026","2026","9","2","57","63","Power distribution networks play a crucial role in modern society by delivering electricity from transmission grids to end-users, making their security and reliability paramount. With the increasing prevalence of cyber threats targeting these networks, traditional protection methods are no longer sufficient, necessitating the integration of advanced technologies to enhance security. This paper explores artificial intelligence (AI)-empowered communication techniques, including 5G virtual local area networks (LANs), network digital twins, and radio frequency fingerprinting, to address the growing cybersecurity challenges in power distribution networks. These techniques leverage AI techniques to provide robust solutions for network protection, ensuring the safe and efficient transmission of electrical energy. However, challenges such as the lack of high-quality multi-modal data, insufficient data analysis capacity, and limited local computing resources remain. The paper proposes potential solutions, including multi-modal learning, industrial large language models (LLMs), and cloud-edge collaboration, to overcome these challenges and enhance the security and efficiency of power distribution networks. The findings highlight the significance of integrating AI and advanced communication technologies to safeguard critical infrastructure against emerging cyber threats, emphasizing the need for further research and collaboration to fully realize the potential of these solutions.","2576-3199","","10.1109/MIOT.2025.3611374","Key Technologies and Applications of Distribution Communication Network Reconstruction and Optimization for Distribution Network Protection Business(grant numbers:5700-202428257A-1-1-ZN); ","https://ieeexplore.ieee.org/stamp/stamp.jsp?arnumber=11214532","Artificial intelligence;wireless communication;network protection;power distribution network;intrusion detection","5G mobile communication;Security;Power systems;Virtual LAN;Protection;Digital twins;Business;Fingerprint recognition;Artificial intelligence;Reliability;Power distribution networks;Electrification","","1","","15","IEEE","23 Oct 2025","March 2026","","IEEE","IEEE Magazines"
"Digital Twin-Enabled Intelligent Congestion Control for QUIC-based E2E Communication","T. Yang; Q. Li; C. Guo; M. Wang; C. Liang; H. Liang","College of Communication Engineering, Jilin University, Changchun, China; College of Communication Engineering, Jilin University, Changchun, China; College of Communication Engineering, Jilin University, Changchun, China; College of Communication Engineering, Jilin University, Changchun, China; College of Communication Engineering, Jilin University, Changchun, China; School of Electrical Engineering & Intelligentization, Dongguan University of Technology, China",2025 IEEE 102nd Vehicular Technology Conference (VTC2025-Fall),"6 Jan 2026","2025","","","1","6","In this paper, we propose an intelligent congestion control approach for the QUIC protocol based on digital twin technology, aimed at improving adaptability and transmission efficiency in dynamic network environments. By incorporating actor-critic learning, the proposed approach adaptively adjusts congestion control parameters to meet the demands of different application scenarios, thereby optimizing QUIC’s performance under varying network conditions. Leveraging the capabilities of digital twins, the approach builds a virtual model that accurately replicates the physical network. This digital environment supports rapid data collection, real-time congestion monitoring, and comprehensive analysis of historical transmission patterns and state variations. These features enable proactive parameter tuning and timely strategy updates to maintain optimal control performance. Simulation results validate the effectiveness of the proposed approach, showing improvements in data throughput, reduced latency, faster convergence of the learning algorithm, and enhanced end-to-end reliability, particularly in 5G network settings.","2577-2465","979-8-3315-0320-8","10.1109/VTC2025-Fall65116.2025.11310182","National Natural Science Foundation of China; ","https://ieeexplore.ieee.org/stamp/stamp.jsp?arnumber=11310182","congestion control;QUIC;digital twin;end-to-end communication","Vehicular and wireless technologies;Protocols;5G mobile communication;Simulation;Reinforcement learning;Throughput;Digital twins;Reliability;Vehicle dynamics;Tuning","","","","19","IEEE","6 Jan 2026","19-22 Oct. 2025","19-22 Oct. 2025","IEEE","IEEE Conferences"
"Toward Trustworthy Digital Twins in AI Agent-Based Wireless Network Optimization: Challenges, Solutions, and Opportunities","Z. Tao; W. Xu; X. You","National Mobile Communications Research Laboratory, Southeast University, Nanjing 210096, China, and also with the Pervasive Communication Research Center, Purple Mountain Laboratories, Nanjing, China; National Mobile Communications Research Laboratory, Southeast University, Nanjing 210096, China, and also with the Pervasive Communication Research Center, Purple Mountain Laboratories, Nanjing, China; National Mobile Communications Research Laboratory, Southeast University, Nanjing 210096, China, and also with the Pervasive Communication Research Center, Purple Mountain Laboratories, Nanjing, China",IEEE Wireless Communications,"","2026","PP","99","1","7","Optimizing modern wireless networks is exceptionally challenging due to their high dynamism and complexity. While the AI agent powered by reinforcement learning (RL) offers a promising solution, its practical application is limited by prohibitive exploration costs and potential risks in the real world. The emerging digital twin (DT) technology provides a safe and controlled virtual environment for agent training, but its effectiveness critically depends on the DT’s reliability. Policies trained in an unreliable DT that does not accurately represent the physical network may experience severe performance degradation upon real-world deployment. In this article, we introduce a new DT evaluation framework to ensure trustworthy DTs in AI agent-based network optimization. This framework shifts from model-level accuracy, such as wireless channel and user trajectory similarities, to a more holistic, task-centric DT assessment, which relies on the Markov decision process that the agent actually perceives. We demonstrate it as an effective guideline for design, selection, and lifecycle management of wireless network DTs. A comprehensive case study on a real-world wireless network testbed shows how this evaluation framework is used to pre-filter candidate DTs, leading to a significant reduction in training and testing costs without sacrificing deployment performance. Finally, potential research opportunities are discussed.","1558-0687","","10.1109/MWC.2026.3712294","","https://ieeexplore.ieee.org/stamp/stamp.jsp?arnumber=11625736","wireless network optimization;digital twin;AI agent;task-centric evaluation;Markov decision processes (MDP)","Modeling;Optimization;Training;Wireless networks;Accuracy;Costing;Costs;Artificial intelligence;Digital twins;Resource management","","","","","IEEE","27 Jul 2026","","","IEEE","IEEE Early Access Articles"
"Design of a Wireless Resource Dynamic Scheduling Algorithm Based on Network Digital Twins","X. Wang; W. Zhu; J. Liu; Q. Li; X. Li","China Tower Corporation Limit Communication Technology Research Institute, Beijing, China; China Mobile Zijin Innovation Institute, Nanjing, China; China Mobile Zijin Innovation Institute, Nanjing, China; China Mobile Zijin Innovation Institute, Nanjing, China; China Mobile Zijin Innovation Institute, Nanjing, China","2026 IEEE 2nd International Conference on Electronics, Energy Systems and Power Engineering (EESPE)","18 Aug 2026","2026","","","581","584","The proliferation of various wireless services within 5G and 6G networks places increasing demands on the radio access network (RAN) to provide a high degree of dynamic quality of services (QoS). Dynamic wireless resource scheduling is one method to respond to these demands. One approach to implementing dynamic scheduling is to use a network digital twin (NDT) to train a deep reinforcement learning (DRL) algorithm to schedule radio resources within a RAN. Such an algorithm may utilise a duelling double deep Q-network (D3QN) that incorporates a recurrent component to consider decisions made at previous time steps within the scheduling process. By employing an NDT to train the DRL algorithm, the RAN can significantly reduce the time required to train the algorithm and the network's training overhead. Simulation results using parameters from 3GPP TR 36.814 for six algorithms indicate that the NDT-DRL algorithm outperformed all algorithms, achieving a throughput of 330 bps/Hz, an SLA of 91.2%, and a latency of 18.3 ms. These results indicate that the use of digital twin virtualisation and reinforcement learning to provide dynamic resource scheduling in 5G or 6G networks is viable and potentially scalable.","","979-8-3315-7093-4","10.1109/EESPE68405.2026.11649313","","https://ieeexplore.ieee.org/stamp/stamp.jsp?arnumber=11649313","RAN;Quality of Service;Dynamic Scheduling","Digital twins;Modeling;Schedules;Algorithms;Scheduling;Resource management;Manuals;Synchronization;Network slicing;Wireless networks","","","","15","IEEE","18 Aug 2026","26-28 June 2026","26-28 June 2026","IEEE","IEEE Conferences"
"Efficient Data Management for Secure Healthcare Using Lightweight Blockchain and Enhancement of Internet of Things: A Review and Analysis","R. Ramya; R. Nathiya; N. Moratanch; S. Kannan","Department of Computer Science and Engineering, Srinivasa Ramanujan Center, Sastra Deemed to be university, Thanjavur, India; Department of Computer Science, A.V.C College (Autonomous), Mayiladuthurai, India; Department of Computer Science and Engineering, Srinivasa Ramanujan Center, Sastra Deemed to be university, Thanjavur, India; Department of Computer Science and Engineering, Kings college of Engineering, (Autonomous), Thanjavur, India",2026 International Conference on Innovations in Emerging Technologies for Sustainable Development (ICIETSD),"7 Jul 2026","2026","","","1","6","The swift increase in progress of wearable technologies improvement and Internet of Things (IoT) systems both have led to the intermediate steady accumulation of large volumes of highly sensitive healthcare information. The information is crucial to making good clinical decisions and proactive medical diagnoses. Nevertheless, the conventional centralized data storage platforms are severely restricted, such as exposure to privacy, security threats, lack of scalability, and enhanced susceptibility to cyberattacks. In order to deal with these issues, decentralized health care systems using lightweight blockchain systems have come up as an attractive option of secure data management.This paper will carefully review and critique blockchain-based IoT systems that have been built to be used in healthcare. Unlike the current survey, there is specific focus on the lightweight models of blockchain which are considered in the light of energy efficiency, security strategies, scalability and interoperability when used in the resource constrained IoT space. Although the decentralized nature of blockchain technology, is mutable, and offers reliable data exchange, the research findings reveal that there are still significant research gaps; thus, unresolved issues to the implementation of the technology practically. Moreover, the paper provides future research objectives and design considerations that can be made to create effective, secure, and interoperable healthcare data storage infrastructures by integrating IoT and lightweight blockchain technologies.","","979-8-3315-4823-0","10.1109/ICIETSD68684.2026.11584812","","https://ieeexplore.ieee.org/stamp/stamp.jsp?arnumber=11584812","cross-platform interoperability,lightweight blockchain;decentralized architectures,optimized energy consumption","Internet of Things;Medical services;Modeling;Privacy;Federated learning;Security;Optimization;Printing;Technology;Timing","","","","19","IEEE","7 Jul 2026","9-10 April 2026","9-10 April 2026","IEEE","IEEE Conferences"
"Assessment of Survivability and Importance Analysis for Networks Managing Intricate Traffic Flows","K. B. Siddiqa; H. Rahman; H. Imam; M. T. B. Ansar; A. Al Zaiem; A. Shan-A-Alahi; M. M. T. G. Manik","School of Business, International American University, Los Angeles, CA, USA; School of Business, International American University, Los Angeles, CA, USA; School of Business, International American University, Los Angeles, CA, USA; Katz School of Science and Health, Yeshiva University, New York, NY, USA; Department of Information Technology, Washington University of Science and Technology, Alexandria, VA, USA; Department of Technology and Computer Science, University of the Potomac, Washington, DC, USA; School of Computer and Information Technology, University of the Cumberlands, Williamsburg, KY, USA",IEEE Communications Standards Magazine,"27 Aug 2026","2026","10","3","101","106","Diverse classes of traffic with distinct demands for Quality of Service (QoS) are supported by varied modern communication networks. The criticality of heterogeneous environments is ensured through survivability, with the ability to impart partial service that is maintained by a network during failures. This study introduces a unified, traffic-aware survivability and importance framework that integrates flow-level quality-of-service awareness and component criticality within a single analytical model. In contrast to the techniques of conventional topology, the amalgamation of class sensitivity to flow priorities is proposed to quantify the effect of failures on service continuity. The nodes and links that most impact network resilience are identified using a component-level importance metric. The performance of the representative backbone topology shows the higher quality of the class-conscious framework overflow-independent models in exceptionally characterising the cause as well as critical failure points. As a component of the 5G/6G and Digital Twin implementation, this research provides the foundations of the 5G/6G QoS-based resiliency and, therefore, novel creation of AI and security standards development of trustworthy twin systems.","2471-2833","","10.1109/MCOMSTD.2025.3638981","Villum Investigator Grant “WATER” from the Villum Foundation, Denmark, and the SNS JU TERRAMETA under the EU’s Horizon Europe Research and Innovation Program(grant numbers:101097101); U.K. Government’s Horizon Europe Funding Guarantee; ","https://ieeexplore.ieee.org/stamp/stamp.jsp?arnumber=11314115","","Network topology;Biological system modeling;Quality of service;Digital twins;Analytical models;Bandwidth;Mathematical models;Telecommunication traffic;Quality of service","","1","","15","IEEE","24 Dec 2025","Sept. 2026","","IEEE","IEEE Magazines"
"Secure Key Management in 5G Networks Using Elliptic Curve Integrated Encryption Scheme (ECIES) for Low-Power IoT Devices","N. Chitra Kiran.; M. Maindola; B. Kumara; S. Kaliappan; P. Bhatt; R. Maranan","Department of Electronics and Communication Engineering, Alliance University, Bengaluru, India; Department of Computer Science & Engineering, Graphic Era Deemed to be University, Dehradun, India; Department of Electronics and Communication Engineering, Ramaiah University of Applied Science, Bengaluru, India; Division of Research and Development, Lovely Professional University, Phagwara, India; Department of Computer Science and Engineering, Faculty of Engineering and Technology, Parul institute of Engineering and Technology, Parul University, Post Limda, India; Department of Research and Innovation, Saveetha School of Engineering, SIMATS, Chennai, India",2024 4th International Conference on Mobile Networks and Wireless Communications (ICMNWC),"20 Feb 2025","2024","","","1","5","The rapid proliferation of the Internet of Things (IoT) has led to a surge in cyber threats, demanding the development of robust security frameworks. This paper introduces an advanced threat detection model, leveraging Artificial Intelligence (AI) and Cyber Twin Technologies for enhanced IoT security. The proposed framework integrates a Cyber Twin-a digital replica of physical IoT devices-with real-time data analytics to detect, predict, and respond to sophisticated cyber-attacks. The Cyber Twin continuously monitors IoT networks, identifying abnormal behaviors and enabling the implementation of dynamic security measures through AI-driven intrusion detection systems (IDS). A hybrid deep learning approach combining Convolutional Neural Networks (CNN) and Recurrent Neural Networks (RNN) is utilized to enhance anomaly detection and threat classification accuracy. The system's ability to simulate various attack scenarios within a digital environment facilitates the development of effective countermeasures while minimizing the impact on actual IoT operations. Experimental results demonstrate significant improvements in detection accuracy, reduced false positives, and enhanced system resilience. The proposed AI and Cyber Twin-based threat detection model sets a new benchmark in safeguarding IoT infrastructures against emerging cyber threats.","","979-8-3315-2834-8","10.1109/ICMNWC63764.2024.10872236","","https://ieeexplore.ieee.org/stamp/stamp.jsp?arnumber=10872236","iot security;cyber twin;artificial intelligence;intrusion detection systems (IDS);anomaly detection;hybrid deep learning;cybersecurity;threat detection;digital twin;network security","Accuracy;Recurrent neural networks;Intrusion detection;Threat assessment;Real-time systems;Internet of Things;Security;Convolutional neural networks;Artificial intelligence;Monitoring","","","","20","IEEE","20 Feb 2025","4-5 Dec. 2024","4-5 Dec. 2024","IEEE","IEEE Conferences"
"Revolutionizing Network Autonomy with Intent-Based Network Digital Twins: Architecture, Challenges, and Innovations","J. Wang; L. Guo; C. Zhou; Z. Chu; J. Wu; Q. Qi; Z. Zhuang; H. Sun; J. Liao","Beijing University of Posts and Telecommunications, China; Beijing University of Posts and Telecommunications, China; China Mobile Research Institute, China; Beijing University of Posts and Telecommunications, China; Beijing University of Posts and Telecommunications, China; Beijing University of Posts and Telecommunications, China; Beijing University of Posts and Telecommunications, China; Beijing University of Posts and Telecommunications, China; Beijing University of Posts and Telecommunications, China",IEEE Communications Magazine,"29 Jul 2025","2025","63","8","85","91","As sixth-generation (6G) wireless networks evolve, it is clear that the increasing diversity of network services and architectures is making network management significantly more complex. Autonomous networks have emerged to address this challenge, aiming to deliver intelligent, large-scale autonomy and on-demand services across various environments. However, new applications have introduced more varied and stringent requirements in terms of latency, transmission speed, and reliability. User preferences and device diversity further complicate the situation. Seamless cross-service compatibility in intelligent, automated network management is now more challenging than ever. Existing management methods simply cannot meet the demands of intelligent autonomy in such diverse scenarios. We propose an intent-based network digital twin (IBN-DT) management framework to address these issues. This architecture separates the knowledge and control planes, incorporating a multi-level, knowledge-driven intent processing system. By utilizing network digital twins (NDT), the framework enables efficient simulation, policy deployment, and monitoring, creating a fully autonomous management loop. This article outlines the complete process from intent to policy execution and provides detailed use cases and experimental results. In resource-constrained scenarios, our algorithm has demonstrated a 40% improvement in revenue.","1558-1896","","10.1109/MCOM.001.2400474","National Key R&D Program of China(grant numbers:2024YFE0200800); National Natural Science Foundation of China(grant numbers:U23B2001,62471055,62321001,62101064,62171057,62201072,62071067); Fundamental Research Funds for the Central Universities(grant numbers:2024PTB-004); ","https://ieeexplore.ieee.org/stamp/stamp.jsp?arnumber=11103478","","6G mobile communication;Autonomous networks;Technological innovation;Wireless networks;Scalability;Process control;Digital twins;Reliability;Monitoring","","1","","15","IEEE","29 Jul 2025","August 2025","","IEEE","IEEE Magazines"
"Digital Twin and Machine Learning-Enabled Reliability Assessment for Distribution Networks: a Hybrid Framework","Z. Chen; Q. Li; Z. Ma; Y. Meng; Y. Yin","Extra-high Voltage Branch State Grid Liaoning Electric Power Supply Co. Ltd, Shenyang, China; Extra-high Voltage Branch State Grid Liaoning Electric Power Supply Co. Ltd, Shenyang, China; Extra-high Voltage Branch State Grid Liaoning Electric Power Supply Co. Ltd, Shenyang, China; China Energy Engineering Group Liaoning Electric Power Survey & Design Institute Co., Ltd, Shenyang, China; Shenyang Fuchuang Precision Equipment Co., Ltd, Shenyang, China",2025 Third International Conference on Cyber-Energy Systems and Intelligent Energy (ICCSIE),"20 Feb 2026","2025","","","1","6","With the integration of distributed generation (DG), electric vehicles (EVs), and smart loads, modern distribution networks (DNs) exhibit high complexity and dynamic uncertainty, posing significant challenges to traditional reliability assessment (RA) methods. This paper proposes a hybrid RA framework fusing Digital Twin (DT) and Machine Learning (ML) to address the trade-off between assessment accuracy and computational efficiency. First, a high-fidelity DT model of the DN is constructed to realize real-time mapping of physical system states (e.g., load fluctuations, DG output, and equipment health) via 5G-edge computing. Second, a long short-term memory-gated recurrent unit (LSTM-GRU) hybrid model is designed to predict key fault parameters (fault duration, affected range) by leveraging historical fault data and real-time DT feedback. Third, an improved Monte Carlo Simulation (MCS) algorithm is proposed to prune low-probability fault scenarios based on DT-realized system states, reducing computational redundancy while ensuring assessment precision. The framework is validated on IEEE 33-bus and 123 -bus test systems, with results showing that compared to traditional MCS and single ML methods, the proposed approach reduces SAIDI (System Average Interruption Duration Index) and SAIFI (System Average Interruption Frequency Index) prediction errors by $\mathbf{1 5. 2 \% - 2 0. 3 \%}$ and shortens computational time by $\mathbf{3 2. 6 \% - 4 1. 8 \%}$. This work provides a practical tool for DN operators to optimize maintenance strategies and enhance power supply reliability.","","979-8-3315-9711-5","10.1109/ICCSIE67394.2025.11379291","","https://ieeexplore.ieee.org/stamp/stamp.jsp?arnumber=11379291","Digital Twin;Transformer;reliability Assessment;5G","Computational modeling;Distribution networks;Predictive models;Real-time systems;Data models;Power system reliability;Distributed power generation;Digital twins;Reliability;Indexes","","","","22","IEEE","20 Feb 2026","3-5 Oct. 2025","3-5 Oct. 2025","IEEE","IEEE Conferences"
"Information Gain Regulation In Reinforcement Learning With The Digital Twins’ Level of Realism","G. Szabó; J. Pető; L. Németh; A. Vidács","Ericsson Research, Budapest, Hungary; HSN Lab, Budapest University of Technology and Economics, Hungary; HSN Lab, Budapest University of Technology and Economics, Hungary; HSN Lab, Budapest University of Technology and Economics, Hungary","2020 IEEE 31st Annual International Symposium on Personal, Indoor and Mobile Radio Communications","8 Oct 2020","2020","","","1","7","Digital Twin (DT) is widely used in various industrial sectors to optimize the operations and maintenance of physical assets, system and manufacturing processes. In this paper our goal is to introduce an architecture in which the radio access control happens automatically to minimize the utilized radio resources while still maximizing the production KPIs of the robot cell. To achieve this, we apply Reinforcement Learning (RL) in a simulated environment to explore the environment fast, while the DT ensures that the learned policy can be applied on the real world environment as well. We show that the application of Ultra Reliable Low Latency Communication (URLLC) connection can be reduced to approx. 30% of the total radio time while achieving real-world accurate robot control. The system in action can be seen on [1].","2166-9589","978-1-7281-4490-0","10.1109/PIMRC48278.2020.9217201","","https://ieeexplore.ieee.org/stamp/stamp.jsp?arnumber=9217201","digital twin;network effect;machine learning","5G mobile communication;Service robots;Real-time systems;Manipulators;Hardware;Switches","","5","","26","IEEE","8 Oct 2020","31 Aug.-3 Sept. 2020","31 Aug.-3 Sept. 2020","IEEE","IEEE Conferences"
"Mobility and Energy Optimization via 6G Digital Twins: Radio-Informed Deep Q-Network Approach","U. F. Zhinuk; A. Ometov; J. Säe; J. Turkka; J. Niemelä; M. Valkama","Tampere Wireless Research Center, Unit of Electrical Engineering, Tampere University, Finland; Tampere Wireless Research Center, Unit of Electrical Engineering, Tampere University, Finland; Tampere Wireless Research Center, Unit of Electrical Engineering, Tampere University, Finland; Elisa Corporation, Helsinki, Finland; Elisa Corporation, Helsinki, Finland; Tampere Wireless Research Center, Unit of Electrical Engineering, Tampere University, Finland",2026 32nd International Conference on Telecommunications (ICT),"9 Jul 2026","2026","","","315","321","Future sixth-generation (6G) mobile networks must reconcile rapidly varying traffic patterns and user mobility with aggressive energy-efficiency targets. Digital Twins (DTs) offer a path to zero-touch automation, yet most existing approaches decouple mobility from energy management and rely on statistical channel models that ignore site-specific propagation. This paper explores a Mobility-aware Network Digital Twin (MNDT) approach that integrates ray-tracing with a Double Deep Q-Network (DQN) to realize a radio propagation-informed control loop. The state space combines 3D user coordinates, multi-cell Signal-to-Interference-plus-Noise Ratio (SINR) vectors, association history, and load indicators derived from deterministic propagation forecasts. The action space selects the serving Base Station (BS), while energy-aware behavior emerges implicitly through a multi-objective reward that balances Quality of Service (QoS), energy consumption, and handover stability. Using a calibrated urban twin of an area in the city of Tampere, Finland, the proposed MNDT achieves up to 71% network power consumption reduction relative to a full-load reference baseline, while maintaining competitive throughput, stable mobility performance, and controlled handover latency. The results demonstrate that embedding deterministic radio-physics into the control loop enables scalable, Open Radio Access Network (O-RAN)-compatible, energy-aware mobility automation for future 6G systems.","2993-1916","979-8-3195-4601-2","10.1109/ICT70370.2026.11594750","","https://ieeexplore.ieee.org/stamp/stamp.jsp?arnumber=11594750","6G;Digital Twin;Mobility Management;Network Management and Automation;Energy Efficiency;O-RAN;Deep Reinforcement Learning","Modeling;Loading;Handover;Equations;Ray tracing;Digital twins;Optimization;Printing;Energy;Sleep","","","","18","IEEE","9 Jul 2026","20-22 May 2026","20-22 May 2026","IEEE","IEEE Conferences"
"Enabling 6G Campus Networks Intelligent Control with Digital Twin: A case study","Z. Ennaceur; M. Bensalem; C. V. Phung; A. C. Drummond; A. Jukan","Technische Universität, Braunschweig, Germany; Technische Universität, Braunschweig, Germany; Technische Universität, Braunschweig, Germany; Technische Universität, Braunschweig, Germany; Technische Universität, Braunschweig, Germany",NOMS 2024-2024 IEEE Network Operations and Management Symposium,"2 Jul 2024","2024","","","1","6","Campus networks are expected to include various new features compared to 4G and 5G networks, such as the exploitation of THz frequency bands and real-time network optimization. Furthermore, to enable future-proof network control, the Digital Twin Network (DTN) reference architecture can be exploited to create an autonomic network system that provides intent-based interfaces and offers a complete adaptive network control tailored for campus network applications. This paper discusses such architecture and presents a case study focused on a THz system that can adapt its coding and modulation parameters in response to channel degradation due to environmental changes. Finally, simulation results evince the advantages of the proposed architecture.","2374-9709","979-8-3503-2793-9","10.1109/NOMS59830.2024.10575904","Ministry of Education; ","https://ieeexplore.ieee.org/stamp/stamp.jsp?arnumber=10575904","THz;DTN;Modulation Schemes;Intents","6G mobile communication;Transmitters;Simulation;Modulation;Receivers;Real-time systems;Digital twins","","2","","13","IEEE","2 Jul 2024","6-10 May 2024","6-10 May 2024","IEEE","IEEE Conferences"
"Provisioning of Time-Sensitive and Non-Time-Sensitive Flows With Assured Performance","L. Velasco; G. Graziadei; S. Barzegar; M. Ruiz","Optical Communications Group, Universitat Politècnica de Catalunya, Barcelona, Spain; Optical Communications Group, Universitat Politècnica de Catalunya, Barcelona, Spain; Optical Communications Group, Universitat Politècnica de Catalunya, Barcelona, Spain; Optical Communications Group, Universitat Politècnica de Catalunya, Barcelona, Spain",IEEE Transactions on Network and Service Management,"22 Apr 2025","2025","22","2","1484","1499","Time-Sensitive Networking (TSN) standards provide scheduling and traffic shaping mechanisms to ensure the coexistence of Time-Sensitive (TS) and non-TS traffic classes on the same network infrastructure. Nonetheless, much effort is still needed on the operation of such TSN capable network infrastructure to ensure that the required performance of the different flows, defined in terms of key performance indicators, can be met once the flows are deployed in the network. In this paper, we focus on such aspects and propose a solution involving network-wide scheduling for TS flows, as well as performance estimation for non-TS flows. Specifically, a control plane architecture especially designed for provisioning TS and non-TS flows is proposed. The architecture integrates: i) a TS Flow Scheduler Planner for defining the scheduling of requested TS flows along a path so as to meet their required performance; and ii) a Network Digital Twin to estimate the performance of requested and already established non-TS flows. Differently from standardized time-aware schedulers, per-TS flow queues are assumed so as to guarantee minimal jitter. Efficient algorithms are proposed so the provisioning of flows can be carried out with high accuracy and short time. Simulation results for heterogeneous scenarios demonstrate the feasibility and efficiency of the proposed control plane architecture, as well as point out the limitations of current time-synchronization mechanisms when high-speed interfaces are considered.","1932-4537","","10.1109/TNSM.2025.3539697","European Commission thought the NextGeneration UNICO5G TIMING(grant numbers:(TSI-063000-2021-145)); HORIZON EUROPE Smart Networks and Services Joint Undertaking PREDICT-6G (G.A. 101095890) projects and from the ICREA Institution; ","https://ieeexplore.ieee.org/stamp/stamp.jsp?arnumber=10877871","Time-sensitive networking;network operation;time-aware scheduling;network digital twin","Quality of service;Delays;Resource management;Job shop scheduling;Jitter;Computer architecture;Full-duplex system;Digital twins;Wireless fidelity;Standards","","3","","27","CCBY","7 Feb 2025","April 2025","","IEEE","IEEE Journals"
"Cyber-Secured Battery Digital Twin for the Reliable Power Supply of Modern Telecommunication Networks","D. B. Soni; M. Amirrezai; H. D. Schotten; S. Goetz","RPTU Kaiserslautern, Germany; RPTU Kaiserslautern, Germany; RPTU Kaiserslautern, Germany; Duke University, USA",IECON 2025 – 51st Annual Conference of the IEEE Industrial Electronics Society,"6 Nov 2025","2025","","","1","6","Telecom base stations rely on a continuous and stable power supply for efficient operation. Batteries are the preferred choice to provide backup power during outages. With recent advances in the Internet of Things (IoT) and communication networks, telecom base stations have become complicated cyber-physical systems. However, the sharing of control signals and security-critical information over communication channels makes battery energy storage systems (BESS) vulnerable to cyberattacks. To solve this vulnerability, this study explores the role of digital twins (DT) in detecting and mitigating cyberattacks. To this end, we propose a data-driven battery digital twin architecture to characterize battery performance over a wide range of operating temperatures and state-of-charge (SOC) levels. The digital twin leverages a feedforward neural network to estimate SOC from current, voltage, and temperature measurements. Stealthy attacks are formulated using a Soft Actor-Critic (SAC) reinforcement learning agent to corrupt current and voltage sensors, which affect the estimation of SOC. The attacks are detected by comparing the SOC estimated by the data-driven model and the Coulomb counting method.","","979-8-3315-9681-1","10.1109/IECON58223.2025.11221042","","https://ieeexplore.ieee.org/stamp/stamp.jsp?arnumber=11221042","Battery;Cyber Attack;Digital Twin;Telecommunication;6G","Temperature measurement;Base stations;Power supplies;Prevention and mitigation;Batteries;Digital twins;Telecommunications;Safety;State of charge;Internet of Things","","","","24","IEEE","6 Nov 2025","14-17 Oct. 2025","14-17 Oct. 2025","IEEE","IEEE Conferences"
"Internet of Digital Twin: Framework, Applications, and Enabling Technologies","R. Liu; T. H. Luan; Y. Qu; Y. Xiang; L. Gao; D. Zhao","School of Information Technology, Deakin University, Melbourne, Australia; School of Cyber Science and Engineering, Xi’an Jiaotong University, Xi’an, Shaanxi, China; Shandong Provincial Key Laboratory of Computer Networks, Ministry of Education, Shandong Computer Science Center (National Supercomputer Center in Jinan), Qilu University of Technology (Shandong Academy of Sciences), Jinan, China; School of Information Technology, Deakin University, Melbourne, Australia; Shandong Provincial Key Laboratory of Computer Networks, Ministry of Education, Shandong Computer Science Center (National Supercomputer Center in Jinan), Qilu University of Technology (Shandong Academy of Sciences), Jinan, China; Department of Electrical and Computer Engineering, McMaster University, Hamilton, ON, Canada",IEEE Communications Surveys & Tutorials,"1 Jan 2026","2026","28","","3870","3910","Intelligent physical systems, such as smart vehicles and robotic arms, are increasingly integrated into both industrial and everyday applications. However, the systems typically face hardware limitations that constrain their computational capacities. Digital twin systems offer a solution by creating real-time digital replicas of physical systems that enhance computational efficiency, overcoming physical limitations. Moreover, multiple digital twins that hold complementary knowledge can conveniently collaborate to share information and computational resources, further improving the performance of physical systems by forming an Internet of Digital Twin (IoDT). This paper presents a comprehensive investigation of the digital twin network, tracing the evolution of digital twins and providing a classification of the key technologies, functional frameworks, and application domains of IoDT. This paper delves into the IoDT communication framework by studying the fundamental communication modes of IoDT, exploring its integration with advanced technologies such as edge computing, blockchain, 5G/6G networks, and machine learning to facilitate data transmission, interaction, and omni-directional sensing. By offering a broad perspective, the paper aims to deepen stakeholders’ understanding of current research and potential future developments, encouraging further exploration of IoDT technologies and their evolution.","1553-877X","","10.1109/COMST.2025.3554579","Australian Research Council(grant numbers:LP190100594); National Natural Science Foundation of China (NSFC)(grant numbers:U23A20276); Shandong Excellent Young Scientists Fund Program (Overseas)(grant numbers:2023HWYQ-113); Taishan Scholars Program(grant numbers:TSQNZ20230621,TSQN202211214); Qilu University of Technology (Shandong Academy of Sciences) Youth Outstanding Talent Program(grant numbers:2024QZJH02); Shandong Provincial Natural Science Foundation Projects(grant numbers:ZR2023QF152); China Scholarship Council; ","https://ieeexplore.ieee.org/stamp/stamp.jsp?arnumber=10938590","Internet of Digital Twin;wireless communication;edge/cloud computing;machine learning;5G and beyond;blockchain;security","Digital twins;Surveys;Artificial intelligence;Synchronization;Data communication;5G mobile communication;Training;Real-time systems;Tutorials;Stakeholders","","20","","218","IEEE","25 Mar 2025","2026","","IEEE","IEEE Journals"
"WirelessNet: An Efficient Radio Access Network Model Based on Heterogeneous Graph Neural Networks","J. Perdomo; M. A. Gutierrez-Estevez; C. Zhou; J. F. Monserrat","Huawei Munich Research Center, Huawei Technologies Düsseldorf GmbH, Munich, Germany; Huawei Munich Research Center, Huawei Technologies Düsseldorf GmbH, Munich, Germany; Huawei Munich Research Center, Huawei Technologies Düsseldorf GmbH, Munich, Germany; ITEAM Research Institute, Universitat Politècnica de València, Valencia, Spain",IEEE Access,"3 Mar 2025","2025","13","","36006","36023","A network digital twin can enable the ability to safely and rapidly recreate what-if scenarios of mobile networks for more cost effective and intelligent network optimization. Towards enabling a network digital twin of mobile networks, accurate and efficient radio access network models are needed. In this work, we present WirelessNet, a novel radio access network model based on Heterogeneous Message Passing Graph Neural Networks (HMPGNNs). WirelessNet represents network nodes and the underlying wireless phenomena between them as nodes and edges of different type in a heterogeneous graph. Heterogeneous graphs are fed as samples into the HMPGNN model to simulate the wireless phenomena within WirelessNet’s model architecture. Model parameters associated to the same underlying wireless phenomena are shared across network nodes. Results using system-level simulations to train and evaluate our proposal, show that WirelessNet efficiently outputs accurate downlink rates and vector representations of users, even for network deployments unseen during training, with significantly less computational runtime than a cellular network simulator and more accuracy than typical neural network architectures. With ablation experiments, we validate the downlink signal-to-interference-and-noise ratio (SINR) user equipment (UE) node feature as the most significant contributor to reconstruct downlink rates. In a more practical setting without SINR and with reference signal received power (RSRP) from serving base station (BS), WirelessNet generalizes to unseen network deployments and significantly outperforms homogeneous graph neural networks (GNNs). We further show the benefits of our proposal by implementing two network applications served by WirelessNet, namely: radio access network deployment planning and artificial intelligence/machine learning (AI/ML) model training for quality of service (QoS) prediction.","2169-3536","","10.1109/ACCESS.2025.3545120","","https://ieeexplore.ieee.org/stamp/stamp.jsp?arnumber=10902045","Wireless network modeling;heterogeneous graph neural network;network digital twins;beyond 5G;deep learning","Computational modeling;Radio access networks;Load modeling;Wireless communication;Graph neural networks;Data models;Ad hoc networks;Vectors;Mathematical models;Optimization","","5","","51","CCBY","24 Feb 2025","2025","","IEEE","IEEE Journals"
"Secure Transmissions for 6G SDN-Based Healthcare Digital Twin Networks","L. Chen; C. Xue; Z. Zhou; L. Lin; X. Wang; S. Lin; J. Fan","College of Computer and Cyber Security, Fujian Provincial Key Laboratory of Network Security and Cryptology, Fujian Normal University, Fuzhou, China; College of Computer and Cyber Security, Fujian Provincial Key Laboratory of Network Security and Cryptology, Fujian Normal University, Fuzhou, China; College of Computer and Cyber Security, Fujian Provincial Key Laboratory of Network Security and Cryptology, Fujian Normal University, Fuzhou, China; College of Computer and Cyber Security, Fujian Provincial Key Laboratory of Network Security and Cryptology, Fujian Normal University, Fuzhou, China; College of Computer and Cyber Security, Fujian Provincial Key Laboratory of Network Security and Cryptology, Fujian Normal University, Fuzhou, China; College of Computer and Cyber Security, Fujian Provincial Key Laboratory of Network Security and Cryptology, Fujian Normal University, Fuzhou, China; School of Computer Science and Technology, Soochow University, Suzhou, China",IEEE Transactions on Consumer Electronics,"8 Jun 2026","2026","72","2","4207","4218","As healthcare systems evolve toward Healthcare 5.0, secure and intelligent communication has become essential for enabling consumer-centric digital twins that integrate real-time physiological data from Internet of Medical Things devices with personalized digital replicas of patients. However, large-scale medical networks face severe challenges, including unreliable transmission, privacy threats, and abnormal device behaviors that compromise data integrity and timely synchronization between the physical and digital worlds. To address these issues, this paper proposes a sixth-generation-enabled software-defined networking-based healthcare digital twin network that ensures adaptive, privacy-preserving data routing across heterogeneous healthcare Internet of Things environments. A graph isomorphism network is deployed for anomaly detection to identify malfunctioning or compromised medical devices in real time. Furthermore, a novel path security index is introduced to quantify the reliability and privacy level of transmission paths based on non-anomalous nodes, latency, and network centrality. By integrating path security index into a security-aware routing algorithm (SALBR), which leverages deep reinforcement learning and causal inference, the system dynamically selects secure routes while avoiding risky devices and congested links. Experimental results on a large-scale Internet of Things dataset show that, at a malicious node rate of 0.30, SALBR still achieves a packet delivery rate of 94.78%, with an end-to-end delay of 27.15 millisecond, and a path security index of 0.5407. These results demonstrate that the proposed framework SALBR enables reliable, low-latency, and secure communication for consumer-centric digital twin healthcare systems.","1558-4127","","10.1109/TCE.2026.3681894","Joint Funds for the Innovation of Science and Technology of Fujian Province(grant numbers:2024Y9491); ","https://ieeexplore.ieee.org/stamp/stamp.jsp?arnumber=11477774","Security;routing;6G;Internet of Medical Things;software defined networking","Jamming;Telemetry;Aerospace and electronic systems;Electronic warfare;Feeds;Antennas;Filtering;Circuits;Feedback;Filters","","","","30","IEEE","8 Apr 2026","May 2026","","IEEE","IEEE Journals"
"Reducing Travel Times of Tele-Operated Vehicles Through Connected Road Maps","R. Roca; J. Nasreddine; D. Camps-Mur; P. Salvati","MWI Department, I2CAT Foundation, Barcelona, Spain; MWI Department, I2CAT Foundation, Barcelona, Spain; MWI Department, I2CAT Foundation, Barcelona, Spain; Connected Vehicle Department, Applus IDIADA, Spain","2025 International Conference on Modeling, Analysis and Simulation of Wireless and Mobile Systems (MSWiM)","30 Dec 2025","2025","","","145","150","Over the past decade, exchanging information between application functions and mobile networks has become essential for many services. For automotive applications like teleoperated driving, reliable connectivity and the ability to predict malfunctions are critical. This paper introduces the concept of connected road maps, which integrate network connectivity into navigation maps. This allows remote drivers to avoid areas with insufficient connectivity and select safe routes to their destination. We evaluated the concept using real operator data from an urban area, showing that it provides reliable routes faster than standard navigation tools. A simplified version of the architecture was also successfully demonstrated on a real-life test track. Index Terms—Tele-Operated Driving, 5G, Network exposure API, Network Digital Twin.","","979-8-3315-6873-3","10.1109/MSWiM67937.2025.11308948","","https://ieeexplore.ieee.org/stamp/stamp.jsp?arnumber=11308948","","Wireless communication;Navigation;Roads;Automotive applications;Urban areas;Road traffic;Digital twins;Reliability;Standards;Vehicles","","","","37","IEEE","30 Dec 2025","27-31 Oct. 2025","27-31 Oct. 2025","IEEE","IEEE Conferences"
"HoRAMA: Holistic Reconstruction with Automated Material Assignment for Ray Tracing using NYURay","M. Ying; G. Qian; X. Wang; P. Ma; D. Shakya; T. S. Rappaport","NYU WIRELESS, New York University, Brooklyn, NY, USA; NYU WIRELESS, New York University, Brooklyn, NY, USA; NYU WIRELESS, New York University, Brooklyn, NY, USA; NYU WIRELESS, New York University, Brooklyn, NY, USA; NYU WIRELESS, New York University, Brooklyn, NY, USA; NYU WIRELESS, New York University, Brooklyn, NY, USA",ICC 2026 - IEEE International Conference on Communications,"14 Jul 2026","2026","","","1","7","Next-generation wireless networks at upper mid-band and millimeter-wave frequencies require accurate site-specific deterministic channel propagation prediction. Wireless ray tracing (RT) provides site-specific predictions but demands high-fidelity three-dimensional (3D) environment models with material properties. Manual 3D model reconstruction achieves high accuracy but requires weeks of expert effort, creating scalability bottlenecks for large environment reconstruction. Traditional vision-based 3D reconstruction methods lack RT compatibility due to geometrically defective meshes and missing material properties. This paper presents Holistic Reconstruction with Automated Material Assignment (HoRAMA) for wireless propagation prediction using NYURay. HoRAMA generates RT-compatible 3D models from RGB video readily captured using a smartphone or low-cost portable camera, by integrating MASt3R-SLAM dense point cloud generation with vision language model-assisted material assignment. The HoRAMA 3D reconstruction method is verified by comparing NYURay RT predictions, using both manually created and HoRAMA-generated 3D models, against field measurements at 6.75 GHz and 16.95 GHz across 12 TX-RX locations in a 700 square meter factory. HoRAMA ray tracing predictions achieve a 2.28 dB RMSE for matched multipath component (MPC) power predictions, comparable to the manually created 3D model baseline (2.18 dB), while reducing 3D reconstruction time from two months to 16 hours. HoRAMA enables scalable wireless digital twin creation for RT network planning, infrastructure deployment, and beam management in 5G/6G systems, as well as eventual real-time implementation at the edge [1].","1938-1883","979-8-3195-4209-0","10.1109/ICC59461.2026.11587422","","https://ieeexplore.ieee.org/stamp/stamp.jsp?arnumber=11587422","ray tracing;3D reconstruction;environment model;material classification;VLM;digital twin;FR3","Three-dimensional displays;Materials;Modeling;Ray tracing;Labeling;Printing;Surfaces;Manuals;Measurement;Propagation","","","","40","IEEE","14 Jul 2026","24-28 May 2026","24-28 May 2026","IEEE","IEEE Conferences"
"Digital Twin for Intelligent Network: Data Lifecycle, Digital Replication, and AI-Based Optimizations","S. Jang; J. Jeong; J. Lee; S. Choi","Samsung Electronics, South Korea; Samsung Electronics, South Korea; Samsung Electronics, South Korea; Samsung Electronics, South Korea",IEEE Communications Magazine,"23 Nov 2023","2023","61","11","96","102","Mobile networks are becoming increasingly complex as generations evolve, thus making manual organization and management no longer a viable option for network operators. To achieve intelligent deployment, management, operation, and optimization of networks, AI/ML-based approaches are gaining a tremendous amount of interest in both academia and industry for accomplishing the full potential of 5G, Beyond 5G (B5G), and the upcoming 6G. However, AI/ML in networks is in its infancy for many practical challenges, such as the lack of AI/ML training and running frame-works/platforms, and the potential risks of service degradation when training AI models involving trial-and-error in real networks. Digital Twin, which creates virtual surrogates of real networks, thereby deriving insights into their use, is a promising approach to address the challenges. Using digitally replicated twins, one can test a newly designed algorithm without affecting user experience, predict the network status, analyze what-if scenarios, and train/validate network operating AI/ML models. This article presents the practical challenges and considerations of making use of Network Digital Twin for network management and optimization in terms of the network data lifecycle, digital replication, and finally effective and real-world applicable AI/ML-based network optimizations. As a case study, the cell on/off energy-saving problem using AI and digital twin is presented along with the results of its trial on the real network.","1558-1896","","10.1109/MCOM.001.2200837","","https://ieeexplore.ieee.org/stamp/stamp.jsp?arnumber=10198571","","Digital twins;Optimization;Artificial intelligence;Behavioral sciences;Training;Protocols;5G mobile communication","","22","","15","IEEE","1 Aug 2023","November 2023","","IEEE","IEEE Magazines"
"Edge Assisted Deep Learning Architecture for Reliable Real-Time Processing in 5G Vehicular IoT Networks","M. Jayaprakash; D. K","Department of Computer Science and Engineering, Saveetha School of Engineering, Saveetha Institute of Medical and Technical Sciences, Saveetha University, Chennai, Tamilnadu, India; Department of Computer Science and Engineering, Saveetha School of Engineering, Saveetha Institute of Medical and Technical Sciences, Saveetha University, Chennai, Tamilnadu, India",2026 9th International Conference on Computing Methodologies and Communication (ICCMC),"29 Jul 2026","2026","","","212","218","The rapid expansion of connected and autonomous vehicles has intensified the demand for intelligent, ultra-low-latency, and energy-efficient processing architectures capable of handling massive multimodal data streams in real time. Conventional cloud-centric vehicular intelligence frameworks suffer from excessive latency, bandwidth congestion, and privacy concerns, limiting their applicability in safety-critical scenarios. The current paper introduces a next generation edge assisted vehicular intelligence system, namely, Neuro-Diffusion Graph Spiking Digital-Twin Network (NDGSDT-Net) that combines self-supervised representation learning, spatio-temporal graph neural network, continuous-time Neural ODE modeling, spiking neural network based neuromorphic inference, diffusion-guided rare event generation and digital twin simulation in a cooperative edge system. The suggested architecture allows real-time perception, predictive reasoning, and decision-making and keeps a high level of energy and latency requirements. Large-scale experimental analyses indicate that NDGSDT-Net has an accuracy of 97.3%, F1-score of 96.9%, and recall of 96.6%, which are superior to the current deep learning and hybrid baselines. The edge inference latency was kept at about 22ms and energy consumption is 129mJ per inference, which further confirms its suitability to large-scale implementation. The findings affirm that combination of rare learning paradigms with the help of synergy, essentially enhances the reliability, robustness and efficiency of vehicle intelligence. The present work provides an incremental basis of scalably cooperative, privacy-compliant, and explainable intelligent transportation systems in the future.","","979-8-3315-4719-6","10.1109/ICCMC69250.2026.11624721","","https://ieeexplore.ieee.org/stamp/stamp.jsp?arnumber=11624721","Vehicular Edge Intelligence;Graph Neural Networks;Neural ODE;Spiking Neural Networks;Diffusion Models;Digital Twin","Modeling;Timing;Internet of Things;Vehicles;5G mobile communication;Architecture;Computer architecture;Graph neural networks;Manuals;Digital twins","","","","15","IEEE","29 Jul 2026","8-10 July 2026","8-10 July 2026","IEEE","IEEE Conferences"
"Adaptive Digital Twin for Vehicular Edge Computing and Networks","Y. Dai; Y. Zhang","School of Cyber Science and Engineering and Research Center of 6G Mobile Communications, Huazhong University of Science and Technology, Wuhan 430000, China; Department of Informatics, University of Oslo, 0316 Oslo, Norway",Journal of Communications and Information Networks,"30 Mar 2022","2022","7","1","48","59","To better support the emerging vehicular applications and multimedia services, vehicular edge computing (VEC) provides computing and caching services in proximity to vehicles, by reducing network transmission latency and alleviating network congestion. However, current VEC networks may face some implementation challenges, such as high mobility of vehicles, dynamic vehicular environment, and complex network scheduling. Digital twin, as an emerging technology, can make the virtual representation of physical networks to predict, estimate, and analyze the real-time network state. In this paper, we integrate digital twin into VEC networks to adaptively make network management and policy schedule. We first introduce the framework of VEC networks and present the key problems in a VEC network. Next, we give the concept of digital twin and propose an adaptive digital twin-enabled VEC network. In the proposed network, digital twin can enable adaptive network management via the two-closed loops between physical VEC networks and digital twins. Further, we propose a digital twin empowered VEC offloading problem with vehicle digital models and road side unit (RSU) digital models. A deep reinforcement learning (DRL)-based offloading scheme is designed to minimize the total offloading latency. Numerical results demonstrate the effectiveness of the proposed DRL-based algorithm for VEC offloading.","2509-3312","","10.23919/JCIN.2022.9745481","","https://ieeexplore.ieee.org/stamp/stamp.jsp?arnumber=9745481","adaptive digital twin;vehicular edge computing;deep reinforcement learning","Digital twin;Servers;Task analysis;Vehicle dynamics;Adaptive systems;Cloud computing;Resource management","","145","","","","30 Mar 2022","March 2022","","PTP","PTP Journals"
"MVNOCoreSim: A Digital Twin for Virtualized IoT-Centric Mobile Core Networks","S. Geißler; F. Wamser; W. Bauer; S. Gebert; S. Kounev; T. Hoßfeld","Department of Computer Science, University of Würzburg, Würzburg, Germany; Department of Computer Science, University of Würzburg, Würzburg, Germany; EMnify GmbH, Würzburg, Germany; EMnify GmbH, Würzburg, Germany; Department of Computer Science, University of Würzburg, Würzburg, Germany; Department of Computer Science, University of Würzburg, Würzburg, Germany",IEEE Internet of Things Journal,"26 Jul 2023","2023","10","15","13974","13987","The rapid growth of connected devices has led to the implementation of Internet of Things (IoT)-centric platforms designed to provide connectivity for machine-to-machine-type communication. Specifically, mobile virtual network operators (MVNOs) provide global service for IoT use cases by leveraging roaming in readily deployed physical networks. This global deployment of connected devices poses a significant challenge regarding the operation of centralized core networks with respect to dimensioning, scaling, as well as system survivability in case of signaling incidents. Overload control mechanisms for IoT mobile networks offer a proactive solution for mitigating excessive signaling traffic from IoT devices in mobile core networks. However, global scaling and a heterogeneous composition of devices present network operators with additional challenges. To address these challenges, this work presents a detailed, protocol-level simulation framework of a real-world IoT MVNO core network. We present both models for the expected IoT signaling load and the processing of signaling messages based on measurements in a live, production environment as well as a dedicated testbed. Finally, we present a case study on various overload mechanisms and identify critical performance characteristics to compare their performance. The results of this study categorize overload control mechanisms and shed light on the necessity for MVNOs to deal with the upcoming IoT traffic by defining appropriate overload control mechanisms in mobile core networks to ensure network survivability under unforeseen conditions.","2327-4662","","10.1109/JIOT.2023.3263258","Bavarian Ministry of Economics, Regional Development and Energy within the Project 5CALE as part of the Research and Development Program for Information and Communication Technology in the field of 5G Mobile Communications; ","https://ieeexplore.ieee.org/stamp/stamp.jsp?arnumber=10089151","GPRS tunneling protocol (GTP);Internet of Things (IoT);measurement;mobile networks;network survivability;overload control;signaling;signaling transport (SIGTRAN);simulation","Internet of Things;Performance evaluation;Protocols;Scalability;Load modeling;Behavioral sciences;Digital twins","","7","","48","IEEE","30 Mar 2023","1 Aug.1, 2023","","IEEE","IEEE Journals"
"COMIX: Generalized Conflict Management in O-RAN xApps—Architecture, Workflow, and a Power Control Case","A. E. Giannopoulos; S. T. Spantideas; G. Levis; A. S. Kalafatelis; P. Trakadas","Research and Development Department, Four Dot Infinity (FDI), Athens, Greece; Research and Development Department, Four Dot Infinity (FDI), Athens, Greece; Research and Development Department, Four Dot Infinity (FDI), Athens, Greece; Research and Development Department, Four Dot Infinity (FDI), Athens, Greece; Research and Development Department, Four Dot Infinity (FDI), Athens, Greece",IEEE Access,"11 Jul 2025","2025","13","","116684","116700","Open Radio Access Network (O-RAN) is transforming the telecommunications landscape by enabling flexible, intelligent, and multi-vendor networks. Central to its architecture are xApps hosted on the Near-Real-Time RAN Intelligent Controller (Near-RT RIC), which optimize network functions in real time. However, the concurrent operation of multiple xApps with conflicting objectives can lead to suboptimal performance. This paper introduces a generalized Conflict Management scheme for Multi-Channel Power Control in O-RAN xApps (COMIX), designed to detect and resolve conflicts between xApps. To demonstrate COMIX, we focus on two Deep Reinforcement Learning (DRL)-based xApps for power control: one maximizes the data rare across UEs, and the other optimizes system-level energy efficiency. COMIX employs a standardized Conflict Mitigation Framework (CMF) for conflict detection and resolution and leverages the Network Digital Twin (NDT) to evaluate the impact of conflicting actions before applying them to the live network. We validate the framework using a realistic multi-channel power control scenario under various conflict resolution policies, demonstrating its effectiveness in balancing antagonistic objectives. Evaluation results show that COMIX achieves up to 60% energy savings across different Service-Level Agreement (SLA) policies compared to a baseline conflict-unaware system, with negligible impact (around 3%) on system throughput. While this study considers power control xApps, the COMIX framework is generalizable and can be applied to any xApp conflict scenario involving resource contention or KPI interdependence.","2169-3536","","10.1109/ACCESS.2025.3585774","UNITY-6G Project; EU HORIZON-JU-SNS-2024 Program(grant numbers:101192650); “REACT-6G” Project; HORIZON-JU-SNS-2022, 2nd 6G-SANDBOX Open Call(grant numbers:GA101096328); ","https://ieeexplore.ieee.org/stamp/stamp.jsp?arnumber=11071295","6G;conflict detection;conflict management;deep reinforcement learning;energy efficiency;O-RAN;power control;resource management;xApp","Open RAN;Power control;Optimization;Energy efficiency;Throughput;Energy resolution;Resource management;Real-time systems;Quality of service;Prevention and mitigation","","16","","35","CCBY","3 Jul 2025","2025","","IEEE","IEEE Journals"
"Distributed Safe Multi-Agent Reinforcement Learning: Joint Design of THz-Enabled UAV Trajectory and Channel Allocation","A. Termehchi; A. Syed; W. S. Kennedy; M. Erol-Kantarci","School of Electrical Engineering and Computer Science, University of Ottawa, Ottawa, ON, Canada; Artificial Intelligence Research Lab, Nokia Bell Labs, Murray Hill, NJ, USA; Artificial Intelligence Research Lab, Nokia Bell Labs, Murray Hill, NJ, USA; School of Electrical Engineering and Computer Science, University of Ottawa, Ottawa, ON, Canada",IEEE Transactions on Vehicular Technology,"16 Oct 2024","2024","73","10","14172","14186","6G is anticipated to play a foundational role in realizing various emerging entertainment applications and critical societal services, such as smart agriculture, public safety, and so on. Providing the underlying communications for these applications will substantially increase demand for data rate, reliability, and resiliency. Given these requirements, Terahertz (THz)-enabled unmanned aerial vehicles (UAVs) are expected to support the essential functions within the future 6G networks. Meanwhile, due to the dynamic environment in a THz-enabled UAV-assisted network with multiple UAVs, using model-free multi-agent deep reinforcement learning (MADRL) becomes a promising approach to optimize scarce resources. However, satisfying cooperative safety constraints is not guaranteed in most previous MADRL techniques. Consequently, this paper aims to address the cooperative safety guarantee challenge in the joint design problem of UAV trajectory and channel allocation in a THz-enabled UAV-assisted network. Specifically, the goal of the proposed scheme is to maximize energy efficiency, considering the quality of service of each IoT device, the speed limitation of UAVs, and the collision avoidance constraint between UAVs. The problem is mixed integer nonlinear programming (MINP), known as NP-hard to solve. Thus, we propose a novel distributed safe MADRL (DSMADRL) approach for the safe trajectory design of UAVs using a data-driven uniformly ultimate boundedness stability method. Moreover, we theoretically show that the DSMADRL approach guarantees satisfying the cooperative safety constraint of collision avoidance between UAVs as well as maximizing energy efficiency. Furthermore, the matching method is used to allocate THz sub-bands distributively. Finally, the effectiveness of the algorithms is evaluated by comparing them with the existing multi-agent RL algorithms.","1939-9359","","10.1109/TVT.2024.3410930","MITACS Canada Accelerate; Nokia Bell Labs; ","https://ieeexplore.ieee.org/stamp/stamp.jsp?arnumber=10552119","Safe learning;multi-agent deep reinforcement learning;THz-enabled UAVs;trajectory design;resource allocation","Trajectory;Autonomous aerial vehicles;Safety;Internet of Things;Terahertz communications;Optimization;Collision avoidance","","16","","55","IEEE","7 Jun 2024","Oct. 2024","","IEEE","IEEE Journals"
"Explainable AI Framework for Deep Learning-based Network Digital Twins","S. Chowa; E. Rondeau; M. Maimour; M. S. Hossain; K. Andersson; S. Kubler","Faculty of Science and Technology, University of Lorraine, Nancy, France; CRAN, University of Lorraine, Nancy, France; CRAN, University of Lorraine, Nancy, France; Luleå University of Technology, Sweden; Luleå University of Technology, Sweden; SnT University of Luxembourg, Luxembourg",2025 12th International Conference on Future Internet of Things and Cloud (FiCloud),"21 Oct 2025","2025","","","76","83","Network Digital Twins (NDTs) aim to provide high-fidelity virtual representations of networks, replicating their architecture, components, and real-time dynamics. They enable organizations to analyze, optimize, and predict network performance and behavior under diverse scenarios. As telecommunication networks become increasingly complex – driven by advancements such as edge computing, 5G/6G, and software-defined networking – the need for advanced data analytics techniques like Deep Learning (DL) becomes more pressing. Despite their accuracy and efficiency, DL-based NDTs face limited adoption due to their lack of explainability. To address this challenge, our study builds on previous work that proposed a Graph Neural Network (GNN)-based NDT model by integrating an eXplainable AI (XAI) framework to enhance its interpretability. Our findings reveal the key input-output features that most influence the GNN-based NDT model’s predictions, providing deeper insights into its decision-making process. Additionally, we present practical recommendations for improving network operations, with a particular emphasis on sustainability.","2996-1017","979-8-3315-5437-8","10.1109/FiCloud66139.2025.00019","Erasmus; ","https://ieeexplore.ieee.org/stamp/stamp.jsp?arnumber=11205203","Network Digital Twin;Explainable AI (XAI);Graph Neural Networks (GNN);Deep Learning (DL)","Deep learning;Explainable AI;Pressing;Organizations;Predictive models;Graph neural networks;Real-time systems;Digital twins;Sustainable development;Software defined networking","","","","32","IEEE","21 Oct 2025","11-13 Aug. 2025","11-13 Aug. 2025","IEEE","IEEE Conferences"
"CommTwinNet: Digital Twin-Aware Split Inference for Edge-Cloud GNNs","C. Ma","Shandong Vocational and Technical University of International Studies, Rizhao, China","2026 6th International Conference on Neural Networks, Information and Communication Engineering (NNICE)","7 Apr 2026","2026","","","1059","1064","Real-time intelligence over large-scale IoT and cyber-physical networks increasingly relies on network digital twins (NDTs) that provide fast simulation rollouts for prediction and control. However, twin-conditioned analytics must satisfy stringent end-to-end latency and reliability constraints imposed by 5G ultra-reliable low-latency communication (URLLC), time-sensitive networking (TSN), and edge–cloud orchestration. This paper proposes CommTwinNet, a communication-aware split-inference architecture for graph-temporal neural processing under staleness. CommTwinNet integrates (i) a graph attention encoder over an application workflow graph, (ii) a multi-rate dilated temporal encoder for telemetry streams, and (iii) an NDT-conditioned cross-attention fusion that aligns real measurements with twin rollouts while conditioning on network context (queueing delay, packet error rate, and slice priority). To meet real-time constraints, we deploy split inference with encoders on MEC nodes and fusion plus multi-task heads in the cloud, with a twin-guided router selecting low-tail-latency paths per request. We further couple URLLC slicing, TSN gating, and compute placement, and derive a deterministic delay bound using network calculus for the TSN+5G service curve. Experiments on a synthetic graph-temporal workload generator show that CommTwinNet reduces P99 inference latency by 38–61% under bursty loads while improving multi-task accuracy by 3.2–6.7% compared with cloud-only and edge-only baselines.","","979-8-3315-8865-6","10.1109/NNICE68970.2026.11466172","","https://ieeexplore.ieee.org/stamp/stamp.jsp?arnumber=11466172","Network digital twin;split inference;communication-aware neural networks;graph-temporal learning;URLLC;TSN;edge–cloud collaboration;network calculus","Telemetry;Payloads;Aerospace and electronic systems;Military aircraft;Space technology;Feeds;Motion pictures;Broadcasting;Central Processing Unit;Oscillators","","","","16","IEEE","7 Apr 2026","23-25 Jan. 2026","23-25 Jan. 2026","IEEE","IEEE Conferences"
"Data-Driven Digital Mobile Network Twin Enabling Mission-Critical Vehicular Applications","H. Schippers; S. Böcker; C. Wietfeld","Communication Networks Institute, TU Dortmund University, Dortmund, Germany; Communication Networks Institute, TU Dortmund University, Dortmund, Germany; Communication Networks Institute, TU Dortmund University, Dortmund, Germany",2023 IEEE 97th Vehicular Technology Conference (VTC2023-Spring),"14 Aug 2023","2023","","","1","7","Future vehicular applications like Tele-Operated Driving (ToD) and Communication-Based Train Control (CBTC) pose demanding requirements on mobile communication networks. Despite continuous 5G technology upgrades and expansion strategies, mobile networks cannot provide a full-coverage service guarantee for the required mission-critical Key Performance Indicators (KPIs). However, application and location-specific Quality of Service (QoS) predictions are crucial to reliably meet the highest QoS compliance of emerging future smart city services.Therefore, this paper proposes a digital twin capable of merging connectivity data with arbitrary application domains to derive KPI predictions for mission-critical applications. The potential of the proposed approach is illustrated based on a case study in the urban area of Dortmund, Germany, considering data rate and latency predictions for mobile applications. In this context, a continuous data flow for the multi-dimensional mobile network twin is acquired using a massive, multimodal measurement campaign enabled by road and rail-based vehicles. This ever-growing database is utilized to analyze the KPI requirements of selected vehicular applications.For an example ToD target zone, it is shown that a multi-Mobile Network Operator (MNO) approach increases the KPI fulfillment of direct control ToD from approximately 70% to 90% compared to a single MNO. By further restricting the ToD zone and combining two MNOs, a ToD-ready zone with 100% fulfillment of the KPIs is reached.","2577-2465","979-8-3503-1114-3","10.1109/VTC2023-Spring57618.2023.10200830","Ministry of Economic Affairs; ","https://ieeexplore.ieee.org/stamp/stamp.jsp?arnumber=10200830","","Vehicular and wireless technologies;Smart cities;Roads;Key performance indicator;Mission critical systems;Merging;Quality of service","","7","","18","IEEE","14 Aug 2023","20-23 June 2023","20-23 June 2023","IEEE","IEEE Conferences"
"A Deep Learning Framework for Large-Scale Localized Statistical Channel Modeling","X. Qin; S. Zhang; B. Peng; Y. Xue; C. Shen; Q. Xie; Y. N. Lee; T. -H. Chang","Shenzhen Research Institute of Big Data, The Chinese University of Hong Kong-Shenzhen, China; Shenzhen Research Institute of Big Data, The Chinese University of Hong Kong-Shenzhen, China; School of Science and Engineering, The Chinese University of Hong Kong-Shenzhen, China; Shenzhen Research Institute of Big Data, The Chinese University of Hong Kong-Shenzhen, China; Shenzhen Research Institute of Big Data, The Chinese University of Hong Kong-Shenzhen, China; China Mobile Hong Kong Company Limited, Hong Kong, China; China Mobile Hong Kong Company Limited, Hong Kong, China; Shenzhen Research Institute of Big Data, The Chinese University of Hong Kong-Shenzhen, China",2025 IEEE Globecom Workshops (GC Wkshps),"7 Jul 2026","2025","","","1166","1171","Digital twin (DT)-assisted network optimization, enabling efficient parameter tuning through synchronized emulation and performance evaluation, is a pivotal technology for intricate wireless networks. However, its effectiveness hinges on reliable and efficient localized channel modeling to capture the environmental propagation structures, particularly in large-scale networks with numerous cells and grids. To bridge this gap, we propose a deep learning framework for large-scale localized statistical channel modeling (LS2CM). Unlike traditional localized statistical channel modeling (LSCM), which estimates the channel angular power spectrum (APS) from single-grid or multi-grid reference signal received power (RSRP) measurement using sparse recovery algorithms, LS2CM aims to establish a mapping from environmental information to localized statistical channel characteristics. To achieve this, we design a transformer-based neural network to solve a multi-cell and multi-grid APS estimation problem. The neural network employs a self-attention mechanism to adaptively extract grid correlations from vast measurement data. Furthermore, we efficiently train the framework across multiple cells using self-supervised learning. Experimental results on a large-scale 5G network demonstrate the effectiveness and efficiency of the proposed framework. The practical application in coverage optimization further highlights its potential for DT-assisted network optimization.","2166-0077","979-8-3315-6741-5","10.1109/GCWkshps68340.2025.11591184","National Key Research and Development Program of China; National Natural Science Foundation of China; BD; ","https://ieeexplore.ieee.org/stamp/stamp.jsp?arnumber=11591184","Channel modeling;deep learning;digital twin;network optimization;reference signal received power","Modeling;Cells (biology);Optimization;Measurement;Automated parking;Equations;Training;Printing;Tagging;Channel models","","","","16","IEEE","7 Jul 2026","8-12 Dec. 2025","8-12 Dec. 2025","IEEE","IEEE Conferences"
"Digital Twin Empowered Channel Prediction for Massive MIMO Communications","Z. Zhang; S. Hu; S. Wu; X. Wang","Department of Communication Science and Engineering, Key Lab of EMW Information (MoE), Fudan University, Shanghai, China; Department of Communication Science and Engineering, Key Lab of EMW Information (MoE), Fudan University, Shanghai, China; Department of Communication Science and Engineering, Key Lab of EMW Information (MoE), Fudan University, Shanghai, China; Department of Communication Science and Engineering, Key Lab of EMW Information (MoE), Fudan University, Shanghai, China",2024 IEEE 24th International Conference on Communication Technology (ICCT),"8 Apr 2025","2024","","","1597","1601","Channel prediction techniques play an essential role in assisting the upcoming sixth-generation (6G) communication and smart applications, which can provide the path, speed, location, and channel conditions of the mobile devices by predicting the channel state information (CSI). Although the ray-tracing (RT) technique can help construct deterministic channel models with precise predictions, it cannot fully recover the real radio propagation scenes due to the massive parameters involved, and may lead to prediction inaccuracy. To this end, we propose a digital twin-empowered channel prediction framework for massive multiple-input multiple-output communications. Both the measured data and RT generated data are fed to the conditional generative adversarial network (CGAN) for model training, where the RT data acts as the conditioning information to assist data generation and discrimination to improve the accuracy of channel prediction. The Transformer model is integrated into CGAN to better handle the time series data. Experiments show that the proposed scheme can improve the prediction performance, which increases the channel correlation and reduces the normalized mean square error by at most 13% and 6 dB, respectively, as compared with popular existing schemes.","2576-7828","979-8-3503-6376-0","10.1109/ICCT62411.2024.10946463","National Natural Science Foundation of China; ","https://ieeexplore.ieee.org/stamp/stamp.jsp?arnumber=10946463","Channel prediction;ray-tracing;conditional generative adversarial network;digital twin","Training;Time series analysis;Mean square error methods;Predictive models;Ray tracing;Data collection;Transformers;Generative adversarial networks;Data models;Digital twins","","2","","13","IEEE","8 Apr 2025","18-20 Oct. 2024","18-20 Oct. 2024","IEEE","IEEE Conferences"
"Twinning for Space-Air-Ground-Sea Integrated Networks: Beyond Conventional Digital Twin Towards Goal-Oriented Semantic Twin","Y. Qiu; T. Liao; X. Jin; Q. Zhang; S. Wu","School of Information Science and Technology, Harbin Institute of Technology (Shenzhen), Shenzhen, China; School of Information Science and Technology, Harbin Institute of Technology (Shenzhen), Shenzhen, China; School of Information Science and Technology, Harbin Institute of Technology (Shenzhen), Shenzhen, China; Guangdong Provincial Key Laboratory of Aerospace Communication and Networking Technology, Harbin Institute of Technology (Shenzhen), Shenzhen, China; Guangdong Provincial Key Laboratory of Aerospace Communication and Networking Technology, Harbin Institute of Technology (Shenzhen), Shenzhen, China",IEEE Internet of Things Journal,"","2026","PP","99","1","1","The space-air-ground-sea integrated network (SAGSIN) has emerged as a cornerstone of 6G systems, establishing a unified global architecture by integrating multi-domain network resources. Motivated by the demand for real-time situational awareness and intelligent operational maintenance, digital twin (DT) technology is regarded as a promising solution, owing to its capability to create virtual replicas and emulate physical system behaviors. However, the large scale, high dynamics, and weak connectivity of SAGSIN pose severe challenges to DT deployment, as conventional DT paradigms struggle to address excessive computational overhead, model synchronization latency, and cross-domain platform heterogeneity. To address these limitations, this survey proposes a novel twinning framework: the goal-oriented semantic twin (GOST). GOST prioritizes utility over fidelity, leveraging semantic technologies to exploit intrinsic relationships among entities and adhering to goal-oriented principles to construct lightweight, task-specific representations. This paper systematically elucidates the GOST framework through three layers: knowledge-based semantics, data-driven semantics, and goal-oriented principles. Furthermore, we summarize the core technologies underpinning GOST and formulate a multi-dimensional evaluation methodology. We also present a case study on collaborative tracking in remote satellite-UAV networks, demonstrating that GOST outperforms conventional DTs in terms of perceptual data timeliness and tracking accuracy. Finally, we chart future research directions, positioning GOST as a promising twinning paradigm for SAGSIN development.","2327-4662","","10.1109/JIOT.2026.3726892","National Natural Science Foundation of China(grant numbers:62571159,61871147); National Key Research and Development Program of China(grant numbers:2020YFB1806403); Major Key Project of PCL(grant numbers:PCL2024A01); ","https://ieeexplore.ieee.org/stamp/stamp.jsp?arnumber=11666902","Space-air-ground-sea integrated network;digital twin;goal-oriented semantic twin;perception-communication-computing-actuation (PCCA);deep learning;distributed computing","Modeling;Synchronization;Ontologies;Digital twins;Optimization;Conferences;Internet of Things;Space-air-ground integrated networks;Surveys;Technology","","1","","","IEEE","25 Aug 2026","","","IEEE","IEEE Early Access Articles"
"RIoT Digital Twin: Modeling, Deployment, and Optimization of Reconfigurable IoT System With Optical–Radio Wireless Integration","A. A. Abdellatif; S. Silva; E. Baltazar; B. Oliveira; S. Qiu; M. J. Bocus; K. Eder; R. J. Piechocki; N. T. Almeida; H. Fontes","INESC TEC and the Faculdade de Engenharia, Universidade do Porto, Porto, Portugal; INESC TEC and the Faculdade de Engenharia, Universidade do Porto, Porto, Portugal; INESC TEC and the Faculdade de Engenharia, Universidade do Porto, Porto, Portugal; INESC TEC and the Faculdade de Engenharia, Universidade do Porto, Porto, Portugal; School of Computer Science, University of Bristol, Bristol, U.K.; School of Computer Science, University of Bristol, Bristol, U.K.; School of Computer Science, University of Bristol, Bristol, U.K.; School of Computer Science, University of Bristol, Bristol, U.K.; INESC TEC and the Faculdade de Engenharia, Universidade do Porto, Porto, Portugal; INESC TEC and the Faculdade de Engenharia, Universidade do Porto, Porto, Portugal",IEEE Open Journal of the Communications Society,"10 Mar 2026","2026","7","","2178","2196","This paper proposes an optimized Reconfigurable Internet of Things (RIoT) framework that integrates optical and radio wireless technologies with a focus on energy efficiency, scalability, and adaptability. To address the inherent complexity of hybrid optical–radio environments, a high-fidelity Digital Twin (DT) is developed within the Network Simulator 3 (NS-3) platform. The DT models deploy subsystems of the RIoT architecture, including Radio Frequency (RF) communication, Optical Wireless Communication (OWC), and energy harvesting and consumption mechanisms that enable autonomous operation. Real-time energy and power measurements from target hardware platforms are also incorporated to ensure accurate representation of physical behavior and enable runtime analysis and optimization. Building on this foundation, a proactive cross-layer optimization strategy is devised to balance energy efficiency and quality of service (QoS). The strategy dynamically reconfigures RIoT nodes by adapting transmission rates, wake/sleep scheduling, and access technology selection. Results demonstrate that the proposed framework, combining digital twin technology, hybrid optical–radio integration, and data-driven energy modeling, substantially enhances the performance, resilience, and sustainability of 6G IoT networks.","2644-125X","","10.1109/OJCOMS.2026.3667264","SUPERIOT project; Smart Networks and Services Joint Undertaking (SNS JU); European Union’s Horizon Europe research and innovation programme(grant numbers:101096021); UK Research and Innovation (UKRI); UK government’s Horizon Europe funding guarantee; national funds; FCT – Fundação para a Ciência e a Tecnologia, I.P.(grant numbers:UID/50014/2025); ","https://ieeexplore.ieee.org/stamp/stamp.jsp?arnumber=11408832","Reconfigurable IoT (RIoT);hybrid optical–radio networks;network digital twin;optical wireless communication (OWC);energy-efficient IoT;multi-access technologies","Internet of Things;Optimization;Radio frequency;Adaptation models;Wireless communication;Energy consumption;Real-time systems;Quality of service;Energy efficiency;Digital twins","","","","28","CCBY","24 Feb 2026","2026","","IEEE","IEEE Journals"
"Context-Aware Doubly-Robust Semi-Supervised Learning","C. Ruah; H. Sifaou; O. Simeone; B. Al-Hashimi","King’s Communications, Learning & Information Processing (KCLIP) Lab., London, U.K.; King’s Communications, Learning & Information Processing (KCLIP) Lab., London, U.K.; King’s Communications, Learning & Information Processing (KCLIP) Lab., London, U.K.; CIIPS, Department of Engineering, King’s College London, London, U.K.",IEEE Signal Processing Letters,"14 Jul 2025","2025","32","","2649","2653","The widespread adoption of artificial intelligence (AI) in next-generation communication systems is challenged by the heterogeneity of traffic and network conditions, which call for the use of highly contextual, site-specific, data. A promising solution is to rely not only on real-world data, but also on synthetic pseudo-data generated by a network digital twin (NDT). However, the effectiveness of this approach hinges on the accuracy of the NDT, which can vary widely across different contexts. To address this problem, this paper introduces context-aware doubly-robust (CDR) learning, a novel semi-supervised scheme that adapts its reliance on the pseudo-data to the different levels of fidelity of the NDT across contexts. CDR is evaluated on the task of downlink beamforming where it outperforms previous state-of-the-art approaches, providing a 24% loss decrease when compared to doubly-robust (DR) semi-supervised learning in regimes with low labeled data availability.","1558-2361","","10.1109/LSP.2025.3575616","King’s College London; European Union’s Horizon Europe(grant numbers:101096379); Open Fellowships of the EPSRC(grant numbers:EP/W024101/1); EPSRC Project(grant numbers:EP/X011852/1); ","https://ieeexplore.ieee.org/stamp/stamp.jsp?arnumber=11020739","Digital twin;6G;prediction-powered inference;doubly-robust learning","Training;Artificial intelligence;Vectors;Tuning;Semisupervised learning;Accuracy;Urban areas;Data models;Context modeling;Computational modeling","","1","","29","IEEE","2 Jun 2025","2025","","IEEE","IEEE Journals"
"Digital Twin-Enabled Proactive Resource Management for Connected Robotics","H. Vijayaraghavan; A. Prado; Z. Ni; F. M. Algan; E. Steinbach; W. Kellerer","Chair of Communication Networks, Technical University of Munich, Germany; Chair of Communication Networks, Technical University of Munich, Germany; Chair of Media Technology, Technical University of Munich, Germany; Chair of Media Technology, Technical University of Munich, Germany; Chair of Media Technology, Technical University of Munich, Germany; Chair of Communication Networks, Technical University of Munich, Germany",2026 IEEE International Conference on Communications Workshops (ICC Workshops),"15 Jul 2026","2026","","","1","6","Industrial connected robots depend on reliable wireless communication to meet mobility and quality of service requirements. Conventional wireless network management approaches are mostly reactive and become inadequate in dynamic factory environments, particularly when high-frequency technologies such as millimeter wave and LiFi are used. This paper presents digital twin-enabled proactive wireless resource management for connected robotics. A proof-of-concept digital twin of an industrial environment is developed, capturing robot states, trajectories, and line-of-sight link characteristics, and enabling predictive interaction with the network. By exploiting future-aware information from the digital twin, network decisions such as resource allocation and handovers are performed proactively to prevent connectivity degradation. Two representative use cases are investigated. The first considers line-of-sight-aware resource management in heterogeneous LiFi-RF networks, achieving around 16 percentage improvement in the robot’s experienced data rate. The second addresses proactive handover management in 5G mobile networks, significantly reducing service interruption time due to handovers. The results demonstrate the effectiveness of network digital twins in enhancing wireless performance and ensuring seamless connectivity for industrial robots.","2694-2941","979-8-3315-7624-0","10.1109/ICCWorkshops63917.2026.11586297","Ministry of Economic Affairs; ","https://ieeexplore.ieee.org/stamp/stamp.jsp?arnumber=11586297","Digital twins;Connected robotics;Proactive handovers","Digital twins;Light fidelity;Resource management;Handover;Robots;Joining processes;Optimization;Timing;Algorithms;Conferences","","","","20","IEEE","15 Jul 2026","24-28 May 2026","24-28 May 2026","IEEE","IEEE Conferences"
"GreenTent: an Intent-based Framework for Sustainable Network Orchestration","M.Marchese; F. d. Trizio; G.Sciddurlo; N.Cordeschi; G.Piro; G.Boggia","Dept. of Electrical and Information Engineering, Politecnico di Bari, Bari, Italy; Dept. of Electrical and Information Engineering, Politecnico di Bari, Bari, Italy; Dept. of Electrical and Information Engineering, Politecnico di Bari, Bari, Italy; Dept. of Electrical and Information Engineering, Politecnico di Bari, Bari, Italy; Dept. of Electrical and Information Engineering, Politecnico di Bari, Bari, Italy; Dept. of Electrical and Information Engineering, Politecnico di Bari, Bari, Italy",2026 IEEE International Conference on Communications Workshops (ICC Workshops),"15 Jul 2026","2026","","","1","6","Video streaming dominates global Internet traffic and contributes significantly to worldwide greenhouse gas emissions, making network orchestration a key lever for sustainability. However, current orchestration mechanisms remain largely performance-driven, optimizing traditional key performance indicators while neglecting sustainability dimensions, spatio-temporal variations in grid carbon intensity, and performance-driven rebound effects. This paper presents GreenTent, an intent-based orchestration framework that integrates sustainability by design into video streaming service delivery. GreenTent leverages Intent-Based Networking (IBN) to translate high-level service requests into joint performance and sustainability objectives, and a Digital Twin Network (DTN) to enable carbon-aware orchestration by combining Software-Defined Networking (SDN) state with external energy and emission indicators. A two-phase orchestration logic jointly optimizes topology activation and request-level routing while explicitly accounting for rebound effects. Experimental evaluation shows that GreenTent improves carbon efficiency compared to throughput-optimized and energy-aware baselines, without degrading user-perceived performance, demonstrating the feasibility of sustainability-aware orchestration for future 6G networks.","2694-2941","979-8-3315-7624-0","10.1109/ICCWorkshops63917.2026.11586428","","https://ieeexplore.ieee.org/stamp/stamp.jsp?arnumber=11586428","Intent-based orchestration;software-defined networking;sustainable networks;Key Value Indicators;digital twins","Sustainable development;Carbon;Videos;Modeling;Joining processes;Energy;Printing;Conferences;Software defined networking;Equations","","","","19","IEEE","15 Jul 2026","24-28 May 2026","24-28 May 2026","IEEE","IEEE Conferences"
"DT-BAN Design from a Modeling Perspective: A Use Case-Driven Approach","R. Khaldi; A. Lehmann; B. Ghita; U. Trick","NA; NA; NA; Research Group for Telecommunication Networks, Frankfurt University of Applied Sciences, Frankfurt am Main, Germany",Mobilkommunikation; 29. ITG-Fachtagung,"24 Jun 2025","2025","","","1","6","Recently, Body Area Networks (BANs) are being increasingly deployed in a range of applications, from wellbeing to medical and generic monitoring. The emerging 6G standards will further enhance their capabilities with integrated sensing and communication, as well as ultra-reliable and low-latency communications. A wide range of novel use cases can be applied, benefiting stakeholders across multiple domains, including healthcare, entertainment, and civil protection. As BANs become increasingly complex, advanced mechanisms are required to effectively simulate, test, predict, and optimize the network. Given their application areas, the design and development of these mechanisms must be performed without interfering with normal operation. The Digital Twin Network (DTN) concept offers a promising approach to addressing these challenges. Yet, despite its potential, comprehensive design methodologies that consider the specific constraints of the target network and incorporate modeling approaches are still lacking. This paper proposes a novel design for a Digital Twin of Body Area Networks (DTBAN), with particular emphasis on modeling from a use casedriven perspective. We elaborate on general BAN requirements, introduce the fundamentals of Digital Twin Networks and modeling techniques. Additionally, we identify specific requirements to DT-BANs. Finally, we propose a detailed process flow for designing and implementing a DTN, emphasizing a structured, use case-driven methodology for modeling DT-BANs, followed by a demonstration of a DT-BAN use case.","","978-3-8007-6530-0","","","https://ieeexplore.ieee.org/stamp/stamp.jsp?arnumber=11048367","","","","","","","","24 Jun 2025","20-21 May 2025","20-21 May 2025","VDE","VDE Conferences"
"PACT: AI and Digital Twin based Proactive Congestion Prediction","K. E. Chezhiyan; J. Kirani Nagaraj; S. J; N. Najem","School of Computer Science and Engineering, R V University, Bangalore, India; School of Computer Science and Engineering, R V University, Bangalore, India; School of Computer Science and Engineering, R V University, Bangalore, India; School of Computer Science and Engineering, R V University, Bangalore, India",2026 IEEE Guwahati Subsection Conference (GCON),"17 Aug 2026","2026","","","1","6","Modern IoT networks experience significant performance degradation during peak traffic events, as traditional reactive congestion control methods result in increased network latency and decreased QoS. This paper proposes PACT, a novel proactive hybrid framework that leverages LSTM-based network traffic forecasting and a Python-based Network Digital Twin for predicting network congestion up to 30 seconds in advance. The proposed LSTM-based network traffic forecasting achieves an RMSE value of 0.0123 ms for latency and 0.000162 bytes/s for throughput using the IoT-23 dataset. The Isolation Forest-based congestion detection using Streamlit-based Digital Twin does not require labeled data, thereby enabling proactive network management for 5G and IoT networks.","","979-8-3315-4679-3","10.1109/GCON69192.2026.11648779","","https://ieeexplore.ieee.org/stamp/stamp.jsp?arnumber=11648779","Digital Twin;Congestion Control;AI Forecasting;LSTM;Network Performance;Isolation Forest;IOT-23 Dataset","Modeling;Internet of Things;Timing;Digital twins;Long short term memory;Printing;Forecasting;Throughput;Information rates;Visualization","","","","26","IEEE","17 Aug 2026","3-5 June 2026","3-5 June 2026","IEEE","IEEE Conferences"
"Digital Twin-Driven Continual Deep Reinforcement Learning for Coexistence of Multiple Radio Access Technology IoT Links With Nonlinear Receivers","N. B. Mohamed; G. Kaddoum; M. Z. Hassan","École de Technologie Supérieure (ÉTS), Université du Québec, Montréal, QC, Canada; École de Technologie Supérieure (ÉTS), Université du Québec, Montréal, QC, Canada; Université Laval, Quebec City, QC, Canada",IEEE Transactions on Machine Learning in Communications and Networking,"27 Mar 2026","2026","4","","591","611","This article investigates the coexistence of downlink Internet-of-Things (IoT) links enabled by multiple radio access technologies (RATs), including long-term evolution (LTE) and 5G new radio (NR). The coexistence of multiple RAT IoT links is significantly challenged by adjacent channel interference (ACI) and hardware impairments (HWI) that arise from practical low-complexity radio-frequency front ends. To mitigate these challenges, we propose a radio resource optimization scheme that dynamically adjusts link adaptation parameters (transmit power, modulation, and coding rate) to maximize overall throughput while explicitly accounting for ACI and HWI. However, the proposed optimization is an NP-hard mixed-integer non-linear programming problem that requires global channel state information and centralized optimization, making it impractical for large-scale, dynamic multi-RAT IoT networks. To enable distributed optimization under ACI and HWI, we reformulate the problem as a Markov game and develop a multi-agent deep reinforcement learning (MADRL) framework that derives equilibrium link adaptation policies from local observations. Direct deep reinforcement learning (DRL) training in real networks, however, incurs high communication overhead and can create adverse effects due to the random explorations. To overcome these limitations, we introduce a context-aware digital twin network (DTN) that provides a safe and efficient virtual environment for training. In particular, we propose a novel DTN-empowered MADRL scheme that employs a replay memory-based continual model updating strategy, enabling policies to be learned from DT-generated experiences and periodically refined with real network data. This approach alleviates the need for frequent physical network interactions and significantly reduces communication overhead. Extensive simulations demonstrate that the proposed framework is scalable, computationally efficient, and robust in dynamic IoT environments, while outperforming 3GPP-standardized link adaptation in the presence of non-negligible ACI and HWI.","2831-316X","","10.1109/TMLCN.2026.3669837","Canada Research Chair Program Tier-II entitled “Toward a Novel and Intelligent Framework for the Next Generations of IoT Networks.”; Discovery Grant from the National Science and Engineering Research Council (NSERC) of Canada; Fonds de recherche du Québec (FRQ); ","https://ieeexplore.ieee.org/stamp/stamp.jsp?arnumber=11419167","Adjacent channel interference;continual deep reinforcement learning;digital twin;hardware impairment;resource allocation","Internet of Things;Resource management;Optimization;Throughput;Training;Downlink;Adaptation models;Nonlinear distortion;Hardware;Deep reinforcement learning","","3","","53","CCBY","3 Mar 2026","2026","","IEEE","IEEE Journals"
"O-RAN's Role in Shaping 6G: Industry Perspectives on Open and Smart RAN","T. Chen; C. -L. I; T. Melodia",NA; NA; NA,IEEE Wireless Communications,"4 Feb 2025","2025","32","1","10","12","The O-RAN technology, proposed by the O-RAN ALLIANCE in 2018, is transforming the telecommunications industry by promoting an open, intelligent, interoperable, and software-driven approach to building mobile networks [1]–[3]. Despite being a young alliance established just 6 years ago, the O-RAN ALLIANCE has grown rapidly, attracting interest from both industry and academia. With its broad technical reach, O-RAN is deemed to play important roles in the 6G era. This column highlights recent 6G activities within the O-RAN ALLIANCE and shares insights on its 6G progress.","1558-0687","","10.1109/MWC.2025.10872859","","https://ieeexplore.ieee.org/stamp/stamp.jsp?arnumber=10872859","","Open RAN;6G mobile communication","","9","","11","IEEE","4 Feb 2025","February 2025","","IEEE","IEEE Magazines"
"Toward 6G and Beyond: AI-Driven Synergies Across Terrestrial, Non-Terrestrial, and Digital Twin Networks","N. Ansari",NA,IEEE Wireless Communications,"27 May 2025","2025","32","3","4","5","In this issue, we are pleased to present two feature topics, along with 12 articles from our Open Call, as well as column contributions from Book Reviews, Scanning the Literature, Spectrum Policy and Regulatory Issues, and Industrial Perspectives columns.","1558-0687","","10.1109/MWC.2025.11016271","","https://ieeexplore.ieee.org/stamp/stamp.jsp?arnumber=11016271","","","","5","","0","IEEE","27 May 2025","June 2025","","IEEE","IEEE Magazines"
"Network Digital Twin","Y. Cui; J. Liu; M. Yu; J. Jiang; L. Zhang; L. Lu",NA; NA; NA; NA; NA; NA,IEEE Network,"19 Apr 2024","2024","38","1","5","6","As we navigate the ever-evolving landscape of the internet, the intricate and dynamic nature of modern communication networks presents formidable challenges in their management, operation, and optimization. The emergence of the Digital Twin paradigm, a digital mirror of a physical entity or system, offers hope in addressing these challenges. This paradigm, which has already demonstrated its value in the manufacturing industry, is a conduit between the physical and digital realms, facilitating the accurate modeling of complex systems without direct interaction.","1558-156X","","10.1109/MNET.2024.3352356","","https://ieeexplore.ieee.org/stamp/stamp.jsp?arnumber=10506047","","Special issues and sections;Digital twins;Satellites;Space vehicles;Network architecture;Mathematical models;6G mobile communication;Graph neural networks","","4","","0","IEEE","19 Apr 2024","Jan. 2024","","IEEE","IEEE Magazines"
"Series Editorial: Mobile Communications and Networks","W. Chen; T. Chen; G. Karabulut-Kurt; R. Liu; S. Ruffini; L. Wei",NA; NA; NA; NA; NA; NA,IEEE Communications Magazine,"4 Nov 2025","2025","63","11","128","129","This issue of the Mobile Communications and Network Series presents a total of eight articles. Non-terrestrial network (NTN) is expected to be a critical component for six generation (6G) networks, for which we have three articles addressing aspects such as Low-Earth Orbit (LEO)-based non-terrestrial network (NTN) positioning, task-oriented 6G NTN communication architecture for smooth integration with terrestrial networks, coexistence between radio telescopes and adaptive satellite constellations. This is followed by three articles addressing several important aspects such as joint phase time array (JPTA) for millimeter wave (mmWave) communications, a resilience framework for future wireless networks, and an exploration of key technical advances of IEEE 802.11bn. We finish this Series by presenting two articles related to artificial intelligence (AI), one as part of a more general framework for 6G, and the other investigating the integration of generative AI (GenAI) with network digital twin for 6G.","1558-1896","","10.1109/MCOM.2025.11226972","","https://ieeexplore.ieee.org/stamp/stamp.jsp?arnumber=11226972","","Special issues and sections;Mobile communication;Network systems;Satellite constellations;Satellite communications","","","","0","IEEE","4 Nov 2025","November 2025","","IEEE","IEEE Magazines"
